사고번호,사고일시,요일,시군구,사고내용,사망자수,중상자수,경상자수,부상신고자수,사고유형,법규위반,노면상태,기상상태,도로형태,가해운전자 차종,가해운전자 성별,가해운전자 연령,가해운전자 상해정도,피해운전자 차종,피해운전자 성별,피해운전자 연령,피해운전자 상해정도
2017021200100127,2017년 2월 12일 09시,일요일,서울특별시 금천구 독산동,중상사고,0,1,0,0,차대사람 - 횡단중,안전운전불이행,건조,맑음,단일로 - 기타,승용,남,31세,상해없음,보행자,여,87세,중상
2017021200100220,2017년 2월 12일 14시,일요일,서울특별시 마포구 성산동,중상사고,0,1,0,0,차대사람 - 횡단중,신호위반,건조,맑음,교차로 - 교차로부근,승용,남,55세,상해없음,보행자,여,68세,중상
2017021200100327,2017년 2월 12일 19시,일요일,서울특별시 강동구 성내동,중상사고,0,1,0,0,차대사람 - 횡단중,신호위반,건조,맑음,교차로 - 교차로횡단보도내,원동기,남,26세,상해없음,보행자,남,72세,중상
2017021200100362,2017년 2월 12일 20시,일요일,서울특별시 도봉구 방학동,경상사고,0,0,2,0,차대차 - 기타,직진우회전진행방해,건조,맑음,교차로 - 교차로안,원동기,남,15세,경상,승용,남,42세,상해없음
2017021300100104,2017년 2월 13일 08시,월요일,서울특별시 도봉구 창동,경상사고,0,0,1,0,차대사람 - 기타,안전운전불이행,건조,맑음,단일로 - 기타,자전거,남,59세,상해없음,보행자,남,66세,경상
2017021300100130,2017년 2월 13일 09시,월요일,서울특별시 동대문구 장안동,경상사고,0,0,1,0,차대사람 - 기타,안전운전불이행,건조,맑음,단일로 - 기타,승합,남,53세,상해없음,보행자,남,80세,경상
2017021300100151,2017년 2월 13일 10시,월요일,서울특별시 동대문구 제기동,경상사고,0,0,1,0,차대사람 - 길가장자리구역통행중,안전운전불이행,건조,맑음,단일로 - 기타,승용,남,53세,상해없음,보행자,남,75세,경상
2017021300100182,2017년 2월 13일 11시,월요일,서울특별시 종로구 옥인동,경상사고,0,0,1,0,차대사람 - 기타,안전운전불이행,건조,맑음,교차로 - 교차로안,화물,남,54세,상해없음,보행자,여,78세,경상
2017021300100419,2017년 2월 13일 19시,월요일,서울특별시 강동구 천호동,중상사고,0,1,0,0,차대사람 - 횡단중,안전운전불이행,건조,맑음,단일로 - 기타,화물,여,58세,상해없음,보행자,남,65세,중상
2017021300100554,2017년 2월 13일 23시,월요일,서울특별시 관악구 신림동,사망사고,1,0,0,0,차대사람 - 기타,안전운전불이행,건조,맑음,단일로 - 기타,승용,남,47세,상해없음,보행자,남,67세,사망
2017021400100092,2017년 2월 14일 07시,화요일,서울특별시 노원구 상계동,중상사고,0,1,0,0,차대사람 - 차도통행중,안전운전불이행,건조,맑음,단일로 - 기타,승합,남,61세,상해없음,보행자,여,65세,중상
2017021400100288,2017년 2월 14일 14시,화요일,서울특별시 마포구 동교동,경상사고,0,0,1,0,차대사람 - 차도통행중,안전운전불이행,건조,맑음,단일로 - 기타,이륜,남,23세,상해없음,보행자,여,67세,경상
2017021500100054,2017년 2월 15일 04시,수요일,서울특별시 구로구 가리봉동,중상사고,0,1,0,0,차대사람 - 횡단중,중앙선침범,건조,맑음,단일로 - 기타,승용,남,66세,상해없음,보행자,남,70세,중상
2017021500100071,2017년 2월 15일 06시,수요일,서울특별시 동대문구 장안동,경상사고,0,0,1,0,차대사람 - 차도통행중,안전운전불이행,건조,맑음,단일로 - 기타,승용,남,52세,상해없음,보행자,남,79세,경상
2017021500100075,2017년 2월 15일 06시,수요일,서울특별시 도봉구 방학동,중상사고,0,1,0,0,차대사람 - 차도통행중,안전운전불이행,건조,맑음,단일로 - 기타,승용,남,65세,상해없음,보행자,여,84세,중상
2017021500100092,2017년 2월 15일 07시,수요일,서울특별시 영등포구 신길동,중상사고,0,1,0,0,차대차 - 기타,안전운전불이행,건조,맑음,단일로 - 기타,승용,남,45세,상해없음,승용,남,59세,상해없음
2017021500100228,2017년 2월 15일 12시,수요일,서울특별시 동대문구 청량리동,경상사고,0,0,1,0,차대사람 - 기타,기타,건조,맑음,단일로 - 기타,승합,남,62세,상해없음,보행자,남,69세,경상
2017021500100259,2017년 2월 15일 13시,수요일,서울특별시 동작구 신대방동,중상사고,0,1,1,0,차대사람 - 횡단중,보행자보호의무위반,건조,맑음,단일로 - 기타,승용,여,33세,상해없음,보행자,여,68세,경상
2017021500100282,2017년 2월 15일 14시,수요일,서울특별시 강남구 역삼동,경상사고,0,0,1,0,차대사람 - 차도통행중,안전운전불이행,건조,맑음,단일로 - 기타,자전거,남,32세,상해없음,보행자,여,68세,경상
2017021500100384,2017년 2월 15일 18시,수요일,서울특별시 동대문구 휘경동,중상사고,0,1,0,0,차대사람 - 횡단중,안전운전불이행,건조,맑음,기타 - 기타,승용,남,75세,기타불명,보행자,여,70세,중상
2017021500100387,2017년 2월 15일 18시,수요일,서울특별시 양천구 목동,경상사고,0,0,1,0,차대사람 - 기타,안전운전불이행,건조,맑음,단일로 - 기타,승용,여,28세,상해없음,보행자,남,68세,경상
2017021500100450,2017년 2월 15일 20시,수요일,서울특별시 영등포구 여의도동,중상사고,0,1,0,0,차대사람 - 횡단중,신호위반,건조,맑음,단일로 - 기타,승용,남,62세,상해없음,보행자,여,72세,중상
2017021600100107,2017년 2월 16일 08시,목요일,서울특별시 중랑구 면목동,경상사고,0,0,1,0,차대사람 - 길가장자리구역통행중,안전운전불이행,건조,맑음,단일로 - 기타,자전거,남,24세,상해없음,보행자,여,66세,경상
2017021600100137,2017년 2월 16일 09시,목요일,서울특별시 은평구 증산동,경상사고,0,0,1,0,차대사람 - 횡단중,보행자보호의무위반,건조,맑음,교차로 - 교차로횡단보도내,승용,여,47세,상해없음,보행자,여,68세,경상
2017021600100166,2017년 2월 16일 10시,목요일,서울특별시 성북구 동소문동5가,중상사고,0,1,0,0,차대사람 - 횡단중,신호위반,건조,맑음,단일로 - 기타,승합,남,46세,상해없음,보행자,여,64세,중상
2017021600100317,2017년 2월 16일 16시,목요일,서울특별시 서초구 서초동,중상사고,0,1,0,0,차대사람 - 횡단중,안전운전불이행,건조,맑음,교차로 - 교차로안,승용,남,32세,상해없음,보행자,남,70세,중상
2017021600100373,2017년 2월 16일 18시,목요일,서울특별시 양천구 신정동,경상사고,0,0,1,0,차대사람 - 기타,안전운전불이행,건조,맑음,단일로 - 기타,승용,여,43세,상해없음,보행자,여,90세 이상,경상
2017021600100518,2017년 2월 16일 22시,목요일,서울특별시 관악구 봉천동,경상사고,0,0,1,0,차대사람 - 횡단중,안전운전불이행,건조,맑음,교차로 - 교차로안,승용,남,77세,상해없음,보행자,남,73세,경상
2017021600100519,2017년 2월 16일 22시,목요일,서울특별시 송파구 가락동,중상사고,0,1,0,0,차대사람 - 횡단중,보행자보호의무위반,건조,맑음,교차로 - 교차로횡단보도내,승용,남,54세,상해없음,보행자,여,67세,중상
2017021700100099,2017년 2월 17일 05시,금요일,서울특별시 서초구 신원동,중상사고,0,1,0,0,차대사람 - 횡단중,보행자보호의무위반,건조,맑음,교차로 - 교차로횡단보도내,승용,남,44세,상해없음,보행자,여,68세,중상
2017021700100110,2017년 2월 17일 06시,금요일,서울특별시 동작구 대방동,경상사고,0,0,1,0,차대사람 - 횡단중,신호위반,젖음/습기,흐림,교차로 - 교차로부근,승용,남,27세,상해없음,보행자,여,66세,경상
2017021700100244,2017년 2월 17일 12시,금요일,서울특별시 마포구 상암동,경상사고,0,0,1,0,차대사람 - 횡단중,보행자보호의무위반,건조,맑음,교차로 - 교차로안,승용,남,47세,상해없음,보행자,남,84세,경상
2017021700100247,2017년 2월 17일 12시,금요일,서울특별시 강서구 등촌동,중상사고,0,1,0,0,차대사람 - 횡단중,안전운전불이행,건조,맑음,단일로 - 기타,승용,여,53세,상해없음,보행자,남,67세,중상
2017021700100365,2017년 2월 17일 16시,금요일,서울특별시 강북구 미아동,중상사고,0,1,0,0,차대사람 - 기타,안전운전불이행,기타,맑음,교차로 - 교차로부근,승용,여,52세,상해없음,보행자,여,71세,중상
2017021700100404,2017년 2월 17일 17시,금요일,서울특별시 관악구 신림동,경상사고,0,0,1,0,차대사람 - 길가장자리구역통행중,안전운전불이행,건조,맑음,단일로 - 기타,승용,남,37세,상해없음,보행자,여,73세,경상
2017021800100110,2017년 2월 18일 06시,토요일,서울특별시 관악구 봉천동,중상사고,0,1,0,0,차대사람 - 횡단중,안전운전불이행,건조,맑음,단일로 - 기타,화물,남,72세,상해없음,보행자,남,66세,중상
2017021800100154,2017년 2월 18일 09시,토요일,서울특별시 영등포구 신길동,경상사고,0,0,1,0,차대사람 - 횡단중,보행자보호의무위반,건조,맑음,교차로 - 교차로안,승용,남,63세,상해없음,보행자,남,71세,경상
2017021800100185,2017년 2월 18일 10시,토요일,서울특별시 동작구 상도1동,사망사고,1,0,0,0,차대사람 - 기타,안전운전불이행,건조,맑음,단일로 - 기타,건설기계,남,25세,상해없음,보행자,남,70세,사망
2017021800100213,2017년 2월 18일 11시,토요일,서울특별시 도봉구 창동,경상사고,0,0,1,0,차대사람 - 보도통행중,기타,건조,맑음,단일로 - 기타,승용,남,48세,상해없음,보행자,여,69세,경상
2017021800100247,2017년 2월 18일 12시,토요일,서울특별시 동작구 노량진동,경상사고,0,0,1,0,차대사람 - 횡단중,보행자보호의무위반,건조,맑음,단일로 - 기타,화물,남,53세,상해없음,보행자,남,68세,경상
2017021800100250,2017년 2월 18일 12시,토요일,서울특별시 강서구 화곡동,경상사고,0,0,1,0,차대사람 - 차도통행중,안전운전불이행,건조,맑음,교차로 - 교차로부근,승용,남,45세,상해없음,보행자,여,75세,경상
2017021800100375,2017년 2월 18일 16시,토요일,서울특별시 영등포구 신길동,경상사고,0,0,1,0,차대사람 - 횡단중,안전운전불이행,건조,맑음,단일로 - 기타,승용,남,57세,상해없음,보행자,여,66세,경상
2017021800100398,2017년 2월 18일 17시,토요일,서울특별시 동대문구 제기동,중상사고,0,1,0,0,차대사람 - 횡단중,안전운전불이행,건조,맑음,기타 - 기타,승용,남,34세,상해없음,보행자,여,72세,중상
2017021800100561,2017년 2월 18일 23시,토요일,서울특별시 관악구 봉천동,중상사고,0,1,0,0,차대사람 - 횡단중,안전운전불이행,건조,맑음,교차로 - 교차로횡단보도내,승용,남,64세,상해없음,보행자,여,67세,중상
2017021900100140,2017년 2월 19일 11시,일요일,서울특별시 구로구 구로동,부상신고사고,0,0,0,1,차대사람 - 길가장자리구역통행중,안전운전불이행,건조,맑음,기타 - 기타,승용,남,49세,상해없음,보행자,남,67세,부상신고
2017021900100201,2017년 2월 19일 14시,일요일,서울특별시 중구 명동1가,중상사고,0,1,0,0,차대사람 - 횡단중,안전운전불이행,건조,흐림,단일로 - 기타,승용,남,37세,상해없음,보행자,여,67세,중상
2017021900100322,2017년 2월 19일 19시,일요일,서울특별시 동대문구 전농동,경상사고,0,0,1,0,차대사람 - 기타,안전운전불이행,건조,맑음,단일로 - 기타,승합,남,57세,상해없음,보행자,남,66세,경상
2017022000100068,2017년 2월 20일 07시,월요일,서울특별시 마포구 상암동,중상사고,0,1,0,0,차대사람 - 횡단중,안전운전불이행,건조,맑음,단일로 - 기타,승용,남,51세,상해없음,보행자,여,66세,중상
2017022000100280,2017년 2월 20일 15시,월요일,서울특별시 용산구 이태원동,중상사고,0,1,0,0,차대사람 - 기타,안전운전불이행,건조,맑음,단일로 - 기타,승합,남,51세,상해없음,보행자,여,72세,중상
2017022000100370,2017년 2월 20일 18시,월요일,서울특별시 용산구 이태원동,경상사고,0,0,1,0,차대사람 - 기타,불법유턴,건조,맑음,교차로 - 교차로부근,승용,남,62세,상해없음,보행자,여,70세,경상
2017022000100478,2017년 2월 20일 21시,월요일,서울특별시 송파구 장지동,중상사고,0,1,0,0,차대사람 - 횡단중,안전운전불이행,건조,맑음,교차로 - 교차로부근,승용,남,35세,상해없음,보행자,남,85세,중상
2017022000100480,2017년 2월 20일 21시,월요일,서울특별시 강남구 개포동,중상사고,0,1,0,0,차대사람 - 횡단중,신호위반,건조,맑음,단일로 - 기타,승용,남,67세,상해없음,보행자,여,71세,중상
2017022100100034,2017년 2월 21일 01시,화요일,서울특별시 은평구 응암동,중상사고,0,1,0,0,차대사람 - 횡단중,안전운전불이행,건조,맑음,교차로 - 교차로안,승용,남,63세,상해없음,보행자,남,77세,중상
2017022100100051,2017년 2월 21일 03시,화요일,서울특별시 중구 을지로3가,중상사고,0,1,0,0,차대사람 - 차도통행중,안전운전불이행,건조,맑음,단일로 - 기타,승용,남,68세,상해없음,보행자,여,69세,중상
2017022100100131,2017년 2월 21일 09시,화요일,서울특별시 강서구 화곡동,중상사고,0,1,0,0,차대사람 - 차도통행중,안전운전불이행,건조,맑음,기타 - 기타,승용,남,33세,상해없음,보행자,여,64세,중상
2017022100100214,2017년 2월 21일 12시,화요일,서울특별시 도봉구 방학동,중상사고,0,1,0,0,차대사람 - 횡단중,안전운전불이행,건조,맑음,단일로 - 기타,건설기계,남,55세,상해없음,보행자,여,67세,중상
2017022100100426,2017년 2월 21일 20시,화요일,서울특별시 중구 흥인동,중상사고,0,1,0,0,차대사람 - 횡단중,보행자보호의무위반,건조,맑음,기타 - 기타,화물,남,51세,상해없음,보행자,여,68세,중상
2017022200100060,2017년 2월 22일 06시,수요일,서울특별시 종로구 창신동,중상사고,0,1,0,0,차대사람 - 횡단중,안전운전불이행,건조,맑음,단일로 - 기타,원동기,남,60세,상해없음,보행자,남,81세,중상
2017022200100271,2017년 2월 22일 14시,수요일,서울특별시 양천구 신월동,경상사고,0,0,1,0,차대사람 - 차도통행중,안전운전불이행,젖음/습기,비,교차로 - 교차로안,화물,남,45세,상해없음,보행자,여,67세,경상
2017022200100312,2017년 2월 22일 16시,수요일,서울특별시 영등포구 문래동3가,부상신고사고,0,0,0,1,차대사람 - 횡단중,보행자보호의무위반,젖음/습기,비,교차로 - 교차로횡단보도내,승용,남,67세,상해없음,보행자,남,65세,부상신고
2017022200100335,2017년 2월 22일 17시,수요일,서울특별시 강동구 상일동,중상사고,0,1,0,0,차대사람 - 횡단중,신호위반,젖음/습기,비,교차로 - 교차로부근,승용,여,61세,상해없음,보행자,여,67세,중상
2017022200100336,2017년 2월 22일 17시,수요일,서울특별시 구로구 구로동,경상사고,0,0,1,0,차대사람 - 길가장자리구역통행중,안전운전불이행,젖음/습기,비,교차로 - 교차로안,승용,남,27세,상해없음,보행자,남,67세,경상
2017022200100337,2017년 2월 22일 17시,수요일,서울특별시 구로구 구로동,경상사고,0,0,1,0,차대사람 - 횡단중,중앙선침범,젖음/습기,비,단일로 - 기타,승용,남,60세,상해없음,보행자,여,74세,경상
2017022300100134,2017년 2월 23일 09시,목요일,서울특별시 구로구 오류동,경상사고,0,0,1,0,차대사람 - 보도통행중,기타,건조,맑음,단일로 - 기타,이륜,남,47세,상해없음,보행자,남,78세,경상
2017022300100157,2017년 2월 23일 10시,목요일,서울특별시 동작구 대방동,중상사고,0,1,0,0,차대사람 - 횡단중,안전운전불이행,건조,맑음,교차로 - 교차로횡단보도내,승합,남,67세,상해없음,보행자,여,65세,중상
2017022300100158,2017년 2월 23일 10시,목요일,서울특별시 동작구 상도동,중상사고,0,1,0,0,차대사람 - 보도통행중,기타,건조,맑음,단일로 - 기타,화물,남,43세,상해없음,보행자,여,67세,중상
2017022300100181,2017년 2월 23일 11시,목요일,서울특별시 중구 중림동,중상사고,0,1,0,0,차대사람 - 기타,안전운전불이행,건조,맑음,단일로 - 기타,화물,남,68세,상해없음,보행자,여,79세,중상
2017022300100203,2017년 2월 23일 12시,목요일,서울특별시 서초구 우면동,중상사고,0,1,0,0,차대사람 - 횡단중,안전운전불이행,건조,맑음,주차장 - 주차장,승용,여,66세,상해없음,보행자,남,71세,중상
2017022300100223,2017년 2월 23일 13시,목요일,서울특별시 동작구 사당동,중상사고,0,1,0,0,차대사람 - 횡단중,안전운전불이행,건조,맑음,교차로 - 교차로안,승용,남,44세,상해없음,보행자,여,66세,중상
2017022300100224,2017년 2월 23일 13시,목요일,서울특별시 구로구 구로동,중상사고,0,1,0,0,차대사람 - 횡단중,기타,건조,맑음,단일로 - 기타,건설기계,남,53세,상해없음,보행자,남,70세,중상
2017022300100411,2017년 2월 23일 19시,목요일,서울특별시 용산구 한강로3가,중상사고,0,1,0,0,차대사람 - 횡단중,안전운전불이행,건조,맑음,단일로 - 기타,승용,여,57세,상해없음,보행자,남,69세,중상
2017022400100159,2017년 2월 24일 10시,금요일,서울특별시 동작구 상도동,사망사고,1,0,0,0,차대사람 - 횡단중,안전운전불이행,건조,맑음,교차로 - 교차로안,승용,여,45세,상해없음,보행자,남,75세,사망
2017022400100219,2017년 2월 24일 12시,금요일,서울특별시 강북구 미아동,경상사고,0,0,1,0,차대사람 - 보도통행중,보행자보호의무위반,건조,맑음,교차로 - 교차로횡단보도내,화물,남,60세,상해없음,보행자,여,65세,경상
2017022400100312,2017년 2월 24일 15시,금요일,서울특별시 도봉구 도봉동,경상사고,0,0,1,0,차대사람 - 횡단중,안전운전불이행,건조,맑음,단일로 - 기타,승합,남,61세,상해없음,보행자,남,74세,경상
2017022400100455,2017년 2월 24일 19시,금요일,서울특별시 양천구 신정동,중상사고,0,1,0,0,차대사람 - 차도통행중,안전운전불이행,건조,맑음,단일로 - 기타,화물,남,68세,상해없음,보행자,여,86세,중상
2017022400100494,2017년 2월 24일 20시,금요일,서울특별시 금천구 독산동,중상사고,0,1,0,0,차대사람 - 횡단중,안전운전불이행,건조,기타,교차로 - 교차로횡단보도내,승용,남,53세,상해없음,보행자,여,65세,중상
2017022500100096,2017년 2월 25일 05시,토요일,서울특별시 강남구 삼성동,중상사고,0,1,0,0,차대사람 - 횡단중,보행자보호의무위반,건조,맑음,단일로 - 기타,승용,남,27세,상해없음,보행자,여,68세,중상
2017022500100110,2017년 2월 25일 06시,토요일,서울특별시 서초구 서초동,중상사고,0,1,0,0,차대사람 - 횡단중,안전운전불이행,건조,맑음,단일로 - 기타,승용,남,61세,상해없음,보행자,여,84세,중상
2017022500100111,2017년 2월 25일 06시,토요일,서울특별시 양천구 신정동,중상사고,0,1,0,0,차대사람 - 길가장자리구역통행중,안전운전불이행,건조,맑음,교차로 - 교차로안,승용,남,50세,상해없음,보행자,여,68세,중상
2017022500100222,2017년 2월 25일 11시,토요일,서울특별시 광진구 구의동,경상사고,0,0,1,0,차대사람 - 기타,안전운전불이행,건조,맑음,단일로 - 기타,승용,여,57세,상해없음,보행자,여,74세,경상
2017022500100305,2017년 2월 25일 14시,토요일,서울특별시 강서구 공항동,경상사고,0,0,1,0,차대사람 - 횡단중,안전운전불이행,건조,맑음,단일로 - 기타,승합,남,56세,상해없음,보행자,여,78세,경상
2017022500100328,2017년 2월 25일 15시,토요일,서울특별시 동대문구 용두동,중상사고,0,1,0,0,차대사람 - 기타,안전운전불이행,건조,맑음,교차로 - 교차로부근,건설기계,남,35세,상해없음,보행자,여,80세,중상
2017022500100332,2017년 2월 25일 15시,토요일,서울특별시 영등포구 대림동,경상사고,0,0,1,0,차대사람 - 횡단중,보행자보호의무위반,건조,맑음,교차로 - 교차로안,승용,남,41세,상해없음,보행자,여,67세,경상
2017022500100451,2017년 2월 25일 18시,토요일,서울특별시 중랑구 면목동,경상사고,0,0,1,0,차대사람 - 횡단중,안전운전불이행,건조,맑음,단일로 - 기타,이륜,남,19세,상해없음,보행자,여,66세,경상
2017022500100452,2017년 2월 25일 18시,토요일,서울특별시 서초구 서초동,중상사고,0,1,0,0,차대사람 - 횡단중,기타,기타,맑음,단일로 - 기타,승합,남,53세,상해없음,보행자,여,66세,중상
2017022600100309,2017년 2월 26일 18시,일요일,서울특별시 영등포구 영등포동,중상사고,0,1,0,0,차대사람 - 횡단중,안전운전불이행,건조,맑음,교차로 - 교차로안,승용,남,49세,상해없음,보행자,남,89세,중상
2017022600100339,2017년 2월 26일 19시,일요일,서울특별시 서대문구 홍제동,부상신고사고,0,0,0,1,차대사람 - 횡단중,안전운전불이행,건조,맑음,단일로 - 기타,기타불명,기타불명,미분류,기타불명,보행자,여,80세,부상신고
2017022600100393,2017년 2월 26일 21시,일요일,서울특별시 강서구 화곡동,경상사고,0,0,1,0,차대사람 - 기타,안전운전불이행,건조,맑음,기타 - 기타,승용,남,54세,상해없음,보행자,여,66세,경상
2017022600100416,2017년 2월 26일 22시,일요일,서울특별시 중랑구 면목동,경상사고,0,0,1,0,차대사람 - 횡단중,안전운전불이행,건조,맑음,단일로 - 기타,승용,남,51세,상해없음,보행자,여,64세,경상
2017022700100245,2017년 2월 27일 13시,월요일,서울특별시 용산구 원효로2가,중상사고,0,1,0,0,차대사람 - 횡단중,보행자보호의무위반,건조,맑음,교차로 - 교차로횡단보도내,승용,남,67세,상해없음,보행자,여,76세,중상
2017022700100246,2017년 2월 27일 13시,월요일,서울특별시 강북구 번동,중상사고,0,6,0,0,차대사람 - 보도통행중,기타,건조,맑음,단일로 - 기타,승용,남,83세,중상,보행자,남,67세,중상
2017022700100247,2017년 2월 27일 13시,월요일,서울특별시 강북구 미아동,중상사고,0,1,0,0,차대사람 - 기타,기타,건조,맑음,단일로 - 기타,승합,남,31세,상해없음,보행자,여,88세,중상
2017022700100313,2017년 2월 27일 15시,월요일,서울특별시 강동구 상일동,부상신고사고,0,0,0,1,차대사람 - 횡단중,안전운전불이행,건조,맑음,단일로 - 기타,승합,남,46세,상해없음,보행자,남,65세,부상신고
2017022700100386,2017년 2월 27일 17시,월요일,서울특별시 관악구 신림동,중상사고,0,1,0,0,차대사람 - 횡단중,안전운전불이행,건조,맑음,교차로 - 교차로부근,승용,남,49세,상해없음,보행자,여,68세,중상
2017022700100417,2017년 2월 27일 18시,월요일,서울특별시 중랑구 망우동,경상사고,0,0,1,0,차대사람 - 횡단중,신호위반,건조,맑음,단일로 - 기타,기타불명,기타불명,미분류,기타불명,보행자,여,77세,경상
2017022700100454,2017년 2월 27일 19시,월요일,서울특별시 도봉구 창동,사망사고,1,0,0,0,차대사람 - 차도통행중,안전운전불이행,기타,맑음,기타 - 기타,화물,남,35세,상해없음,보행자,여,75세,사망
2017022700100486,2017년 2월 27일 20시,월요일,서울특별시 서초구 반포동,중상사고,0,1,1,0,차대사람 - 횡단중,보행자보호의무위반,건조,맑음,교차로 - 교차로횡단보도내,승용,남,63세,상해없음,보행자,여,75세,중상
2017022700100538,2017년 2월 27일 22시,월요일,서울특별시 강서구 화곡동,사망사고,1,0,0,0,차대사람 - 차도통행중,안전운전불이행,건조,맑음,단일로 - 기타,승합,남,55세,상해없음,보행자,남,69세,사망
2017022800100069,2017년 2월 28일 06시,화요일,서울특별시 영등포구 양평동2가,중상사고,0,1,0,0,차대사람 - 기타,안전운전불이행,건조,맑음,단일로 - 기타,승용,남,19세,상해없음,보행자,남,72세,중상
2017022800100298,2017년 2월 28일 15시,화요일,서울특별시 동대문구 휘경동,중상사고,0,1,0,0,차대사람 - 횡단중,보행자보호의무위반,건조,맑음,교차로 - 교차로횡단보도내,건설기계,남,59세,상해없음,보행자,여,68세,중상
2017030100100191,2017년 3월 1일 13시,수요일,서울특별시 송파구 마천동,부상신고사고,0,0,0,1,차대사람 - 횡단중,안전운전불이행,건조,맑음,단일로 - 기타,승용,남,50세,상해없음,보행자,여,66세,부상신고
2017030100100211,2017년 3월 1일 14시,수요일,서울특별시 동대문구 이문동,경상사고,0,0,1,0,차대사람 - 차도통행중,안전운전불이행,건조,맑음,단일로 - 기타,화물,남,55세,상해없음,보행자,남,71세,경상
2017030100100342,2017년 3월 1일 19시,수요일,서울특별시 중랑구 면목동,중상사고,0,2,0,0,차대사람 - 횡단중,신호위반,젖음/습기,흐림,단일로 - 기타,이륜,남,58세,중상,보행자,남,68세,중상
2017030100100344,2017년 3월 1일 19시,수요일,서울특별시 강남구 신사동,중상사고,0,1,0,0,차대사람 - 횡단중,신호위반,젖음/습기,비,단일로 - 기타,승용,남,34세,상해없음,보행자,남,78세,중상
2017030100100345,2017년 3월 1일 19시,수요일,서울특별시 강동구 성내동,중상사고,0,1,0,0,차대사람 - 횡단중,보행자보호의무위반,젖음/습기,비,교차로 - 교차로횡단보도내,승용,남,61세,상해없음,보행자,남,73세,중상
2017030200100066,2017년 3월 2일 05시,목요일,서울특별시 강동구 명일동,경상사고,0,0,1,0,차대사람 - 기타,안전운전불이행,젖음/습기,맑음,단일로 - 기타,승용,여,59세,상해없음,보행자,여,67세,경상
2017030200100164,2017년 3월 2일 10시,목요일,서울특별시 중랑구 면목동,중상사고,0,1,0,0,차대사람 - 횡단중,신호위반,건조,맑음,단일로 - 기타,자전거,남,66세,상해없음,보행자,여,77세,중상
2017030200100183,2017년 3월 2일 11시,목요일,서울특별시 강남구 수서동,중상사고,0,1,0,0,차대사람 - 횡단중,안전운전불이행,건조,맑음,단일로 - 기타,승용,남,62세,상해없음,보행자,남,73세,중상
2017030200100263,2017년 3월 2일 14시,목요일,서울특별시 광진구 자양동,중상사고,0,1,0,0,차대사람 - 기타,안전운전불이행,건조,맑음,단일로 - 기타,자전거,여,53세,상해없음,보행자,여,75세,중상
2017030200100264,2017년 3월 2일 14시,목요일,서울특별시 동작구 사당동,중상사고,0,1,0,0,차대사람 - 횡단중,안전운전불이행,건조,맑음,단일로 - 기타,화물,남,48세,상해없음,보행자,여,68세,중상
2017030200100266,2017년 3월 2일 14시,목요일,서울특별시 양천구 신정동,중상사고,0,1,0,0,차대사람 - 차도통행중,안전운전불이행,건조,맑음,단일로 - 기타,승용,남,49세,상해없음,보행자,남,71세,중상
2017030200100318,2017년 3월 2일 16시,목요일,서울특별시 노원구 상계동,경상사고,0,0,1,0,차대사람 - 횡단중,신호위반,건조,맑음,교차로 - 교차로안,원동기,남,26세,상해없음,보행자,남,83세,경상
2017030200100373,2017년 3월 2일 18시,목요일,서울특별시 광진구 자양동,중상사고,0,1,0,0,차대사람 - 기타,기타,건조,맑음,단일로 - 기타,승합,남,49세,기타불명,보행자,여,68세,중상
2017030200100377,2017년 3월 2일 18시,목요일,서울특별시 양천구 신월동,중상사고,0,1,1,0,차대사람 - 횡단중,보행자보호의무위반,건조,맑음,교차로 - 교차로횡단보도내,승합,남,57세,상해없음,보행자,여,70세,중상
2017030200100472,2017년 3월 2일 21시,목요일,서울특별시 노원구 중계동,중상사고,0,1,0,0,차대사람 - 횡단중,안전운전불이행,건조,맑음,단일로 - 기타,이륜,남,27세,상해없음,보행자,남,69세,중상
2017030300100017,2017년 3월 3일 00시,금요일,서울특별시 서대문구 남가좌동,경상사고,0,0,1,0,차대사람 - 횡단중,안전운전불이행,건조,맑음,교차로 - 교차로부근,화물,남,38세,상해없음,보행자,남,68세,경상
2017030300100073,2017년 3월 3일 06시,금요일,서울특별시 서초구 양재동,중상사고,0,1,0,0,차대사람 - 횡단중,안전운전불이행,건조,맑음,교차로 - 교차로안,화물,남,50세,상해없음,보행자,여,72세,중상
2017030300100248,2017년 3월 3일 12시,금요일,서울특별시 성북구 상월곡동,경상사고,0,0,1,0,차대사람 - 보도통행중,신호위반,건조,맑음,단일로 - 기타,화물,기타불명,미분류,기타불명,보행자,남,71세,경상
2017030300100279,2017년 3월 3일 13시,금요일,서울특별시 서대문구 홍제동,중상사고,0,1,0,0,차대사람 - 기타,기타,건조,맑음,단일로 - 기타,승합,남,62세,상해없음,보행자,여,74세,중상
2017030300100285,2017년 3월 3일 13시,금요일,서울특별시 서초구 서초동,중상사고,0,1,0,0,차대사람 - 기타,안전운전불이행,기타,맑음,기타 - 기타,승용,여,39세,기타불명,보행자,여,68세,중상
2017030300100385,2017년 3월 3일 16시,금요일,서울특별시 노원구 상계동,경상사고,0,0,1,0,차대사람 - 기타,안전운전불이행,건조,맑음,단일로 - 기타,승용,남,63세,상해없음,보행자,남,77세,경상
2017030300100409,2017년 3월 3일 17시,금요일,서울특별시 용산구 남영동,경상사고,0,0,1,0,차대사람 - 횡단중,안전운전불이행,건조,맑음,교차로 - 교차로부근,화물,남,52세,상해없음,보행자,여,74세,경상