사고번호,사고일시,요일,시군구,사고내용,사망자수,중상자수,경상자수,부상신고자수,사고유형,법규위반,노면상태,기상상태,도로형태,가해운전자 차종,가해운전자 성별,가해운전자 연령,가해운전자 상해정도,피해운전자 차종,피해운전자 성별,피해운전자 연령,피해운전자 상해정도
2017041100100593,2017년 4월 11일 22시,화요일,서울특별시 중구 남대문로3가,경상사고,0,0,1,0,차대사람 - 횡단중,안전운전불이행,건조,맑음,단일로 - 기타,승용,남,36세,상해없음,보행자,여,69세,경상
2017041100100619,2017년 4월 11일 23시,화요일,서울특별시 마포구 도화동,중상사고,0,1,0,0,차대사람 - 횡단중,신호위반,건조,맑음,교차로 - 교차로부근,화물,남,64세,상해없음,보행자,남,68세,중상
2017041200100103,2017년 4월 12일 08시,수요일,서울특별시 관악구 신림동,부상신고사고,0,0,0,1,차대사람 - 횡단중,안전운전불이행,건조,맑음,단일로 - 기타,건설기계,남,51세,상해없음,보행자,남,83세,부상신고
2017041200100140,2017년 4월 12일 09시,수요일,서울특별시 강동구 천호동,중상사고,0,1,0,0,차대사람 - 기타,안전운전불이행,건조,맑음,교차로 - 교차로안,승용,남,48세,상해없음,보행자,남,70세,중상
2017041200100172,2017년 4월 12일 10시,수요일,서울특별시 중구 저동2가,중상사고,0,1,0,0,차대사람 - 길가장자리구역통행중,안전운전불이행,건조,맑음,단일로 - 기타,이륜,남,22세,상해없음,보행자,여,88세,중상
2017041200100174,2017년 4월 12일 10시,수요일,서울특별시 강북구 미아동,중상사고,0,1,1,0,차대사람 - 횡단중,안전운전불이행,건조,맑음,교차로 - 교차로안,승용,남,50세,상해없음,보행자,남,90세 이상,중상
2017041200100198,2017년 4월 12일 11시,수요일,서울특별시 노원구 상계동,중상사고,0,1,0,0,차대사람 - 기타,안전운전불이행,건조,맑음,단일로 - 기타,승용,남,36세,상해없음,보행자,남,72세,중상
2017041200100297,2017년 4월 12일 15시,수요일,서울특별시 금천구 시흥동,경상사고,0,0,1,0,차대사람 - 기타,안전운전불이행,건조,맑음,단일로 - 기타,승용,남,46세,상해없음,보행자,여,67세,경상
2017041300100096,2017년 4월 13일 08시,목요일,서울특별시 금천구 시흥동,경상사고,0,0,1,0,차대사람 - 기타,안전운전불이행,건조,맑음,교차로 - 교차로부근,승용,남,67세,상해없음,보행자,남,72세,경상
2017041300100103,2017년 4월 13일 08시,목요일,서울특별시 양천구 신월동,경상사고,0,0,1,0,차대사람 - 차도통행중,안전운전불이행,건조,맑음,단일로 - 기타,승용,남,36세,상해없음,보행자,남,66세,경상
2017041300100105,2017년 4월 13일 08시,목요일,서울특별시 도봉구 창동,중상사고,0,1,0,0,차대사람 - 횡단중,보행자보호의무위반,건조,맑음,단일로 - 기타,화물,남,61세,상해없음,보행자,남,90세 이상,중상
2017041300100163,2017년 4월 13일 10시,목요일,서울특별시 성동구 용답동,중상사고,0,1,0,0,차대사람 - 횡단중,안전운전불이행,건조,맑음,교차로 - 교차로부근,승용,남,40세,상해없음,보행자,남,82세,중상
2017041300100198,2017년 4월 13일 11시,목요일,서울특별시 관악구 신림동,중상사고,0,1,0,0,차대사람 - 기타,안전운전불이행,건조,맑음,단일로 - 기타,화물,남,52세,상해없음,보행자,여,67세,중상
2017041300100200,2017년 4월 13일 11시,목요일,서울특별시 강서구 화곡동,경상사고,0,0,1,0,차대사람 - 횡단중,보행자보호의무위반,건조,맑음,단일로 - 기타,승용,남,53세,상해없음,보행자,여,80세,경상
2017041300100273,2017년 4월 13일 14시,목요일,서울특별시 종로구 숭인동,부상신고사고,0,0,0,1,차대사람 - 길가장자리구역통행중,안전운전불이행,건조,맑음,단일로 - 기타,기타불명,기타불명,미분류,기타불명,보행자,여,69세,부상신고
2017041300100300,2017년 4월 13일 15시,목요일,서울특별시 종로구 종로5가,중상사고,0,1,0,0,차대사람 - 보도통행중,기타,건조,맑음,단일로 - 기타,화물,남,54세,기타불명,보행자,남,67세,중상
2017041300100329,2017년 4월 13일 16시,목요일,서울특별시 서초구 방배동,경상사고,0,0,1,0,차대사람 - 기타,안전운전불이행,건조,맑음,단일로 - 기타,승용,남,77세,상해없음,보행자,여,66세,경상
2017041300100394,2017년 4월 13일 18시,목요일,서울특별시 종로구 관철동,경상사고,0,0,1,0,차대사람 - 횡단중,안전운전불이행,건조,맑음,단일로 - 기타,자전거,남,31세,상해없음,보행자,여,67세,경상
2017041400100060,2017년 4월 14일 04시,금요일,서울특별시 영등포구 여의도동,경상사고,0,0,2,0,차대사람 - 차도통행중,안전운전불이행,건조,맑음,단일로 - 기타,승용,남,49세,상해없음,보행자,여,74세,경상
2017041400100192,2017년 4월 14일 11시,금요일,서울특별시 도봉구 창동,경상사고,0,0,1,0,차대사람 - 횡단중,안전운전불이행,건조,맑음,단일로 - 기타,승합,남,41세,상해없음,보행자,남,72세,경상
2017041400100218,2017년 4월 14일 12시,금요일,서울특별시 성북구 길음동,중상사고,0,1,0,0,차대사람 - 횡단중,안전운전불이행,건조,맑음,교차로 - 교차로부근,승용,남,52세,상해없음,보행자,여,86세,중상
2017041400100279,2017년 4월 14일 14시,금요일,서울특별시 송파구 가락동,중상사고,0,1,0,0,차대사람 - 횡단중,안전운전불이행,젖음/습기,흐림,단일로 - 기타,승용,남,30세,상해없음,보행자,여,81세,중상
2017041400100306,2017년 4월 14일 15시,금요일,서울특별시 양천구 신정동,경상사고,0,0,1,0,차대사람 - 차도통행중,보행자보호의무위반,젖음/습기,비,교차로 - 교차로안,승용,남,46세,상해없음,보행자,남,79세,경상
2017041400100373,2017년 4월 14일 17시,금요일,서울특별시 중랑구 신내동,중상사고,0,1,0,0,차대사람 - 횡단중,안전운전불이행,건조,맑음,교차로 - 교차로부근,승용,여,40세,상해없음,보행자,남,65세,중상
2017041400100378,2017년 4월 14일 17시,금요일,서울특별시 구로구 개봉동,중상사고,0,1,0,0,차대사람 - 차도통행중,안전운전불이행,젖음/습기,맑음,교차로 - 교차로부근,승용,여,45세,상해없음,보행자,여,72세,중상
2017041400100507,2017년 4월 14일 21시,금요일,서울특별시 구로구 오류동,중상사고,0,1,0,0,차대사람 - 횡단중,보행자보호의무위반,건조,맑음,교차로 - 교차로안,승용,남,49세,상해없음,보행자,남,74세,중상
2017041500100147,2017년 4월 15일 09시,토요일,서울특별시 서대문구 홍제동,중상사고,0,1,0,0,차대사람 - 횡단중,안전운전불이행,건조,맑음,단일로 - 기타,승용,남,28세,상해없음,보행자,남,73세,중상
2017041500100148,2017년 4월 15일 09시,토요일,서울특별시 영등포구 신길동,중상사고,0,1,0,0,차대사람 - 횡단중,보행자보호의무위반,건조,맑음,단일로 - 기타,승합,남,56세,상해없음,보행자,여,82세,중상
2017041500100211,2017년 4월 15일 11시,토요일,서울특별시 은평구 대조동,중상사고,0,1,0,0,차대사람 - 횡단중,안전운전불이행,건조,맑음,교차로 - 교차로부근,승용,남,54세,상해없음,보행자,여,75세,중상
2017041500100287,2017년 4월 15일 13시,토요일,서울특별시 동작구 신대방동,부상신고사고,0,0,0,1,차대사람 - 기타,안전운전불이행,건조,맑음,기타 - 기타,자전거,남,7세,상해없음,보행자,여,73세,부상신고
2017041500100368,2017년 4월 15일 15시,토요일,서울특별시 성북구 석관동,중상사고,0,1,0,0,차대사람 - 기타,안전운전불이행,건조,맑음,교차로 - 교차로부근,승용,여,43세,상해없음,보행자,여,73세,중상
2017041500100586,2017년 4월 15일 21시,토요일,서울특별시 성북구 하월곡동,경상사고,0,0,1,0,차대사람 - 횡단중,안전운전불이행,건조,맑음,단일로 - 기타,승용,여,55세,상해없음,보행자,남,74세,경상
2017041600100184,2017년 4월 16일 12시,일요일,서울특별시 강북구 우이동,경상사고,0,0,1,0,차대사람 - 횡단중,신호위반,건조,맑음,교차로 - 교차로안,승용,남,61세,상해없음,보행자,남,74세,경상
2017041600100359,2017년 4월 16일 17시,일요일,서울특별시 종로구 종로5가,경상사고,0,0,1,0,차대사람 - 기타,안전운전불이행,건조,맑음,단일로 - 기타,승용,남,53세,상해없음,보행자,남,64세,경상
2017041700100042,2017년 4월 17일 04시,월요일,서울특별시 동작구 상도동,경상사고,0,0,1,0,차대사람 - 횡단중,안전운전불이행,건조,맑음,교차로 - 교차로횡단보도내,이륜,남,24세,상해없음,보행자,여,69세,경상
2017041700100061,2017년 4월 17일 07시,월요일,서울특별시 종로구 연건동,경상사고,0,0,1,0,차대사람 - 차도통행중,안전운전불이행,건조,맑음,교차로 - 교차로안,승용,남,49세,상해없음,보행자,남,72세,경상
2017041700100085,2017년 4월 17일 08시,월요일,서울특별시 동대문구 제기동,중상사고,0,1,0,0,차대사람 - 보도통행중,중앙선침범,젖음/습기,비,단일로 - 기타,자전거,남,12세,상해없음,보행자,남,75세,중상
2017041700100120,2017년 4월 17일 09시,월요일,서울특별시 관악구 봉천동,중상사고,0,1,0,0,차대사람 - 횡단중,보행자보호의무위반,젖음/습기,흐림,교차로 - 교차로안,화물,남,60세,상해없음,보행자,여,76세,중상
2017041700100182,2017년 4월 17일 11시,월요일,서울특별시 도봉구 창동,중상사고,0,1,0,0,차대사람 - 기타,보행자보호의무위반,젖음/습기,비,교차로 - 교차로안,승용,남,58세,상해없음,보행자,여,74세,중상
2017041800100053,2017년 4월 18일 04시,화요일,서울특별시 노원구 중계동,중상사고,0,1,0,0,차대사람 - 횡단중,안전운전불이행,건조,흐림,단일로 - 기타,승용,남,58세,상해없음,보행자,여,68세,중상
2017041800100355,2017년 4월 18일 16시,화요일,서울특별시 성북구 삼선동5가,사망사고,1,0,0,0,차대사람 - 횡단중,안전운전불이행,젖음/습기,흐림,단일로 - 기타,화물,남,25세,상해없음,보행자,여,80세,사망
2017041800100357,2017년 4월 18일 16시,화요일,서울특별시 강남구 대치동,경상사고,0,0,1,0,차대사람 - 횡단중,안전운전불이행,건조,맑음,교차로 - 교차로부근,승용,남,35세,상해없음,보행자,여,69세,경상
2017041900100209,2017년 4월 19일 10시,수요일,서울특별시 영등포구 대림동,경상사고,0,0,1,0,차대사람 - 횡단중,안전운전불이행,건조,맑음,단일로 - 기타,승용,남,66세,상해없음,보행자,여,72세,경상
2017041900100241,2017년 4월 19일 11시,수요일,서울특별시 동대문구 용두동,경상사고,0,0,1,0,차대사람 - 기타,안전운전불이행,건조,맑음,단일로 - 기타,승용,남,36세,상해없음,보행자,남,80세,경상
2017041900100273,2017년 4월 19일 12시,수요일,서울특별시 중랑구 면목동,중상사고,0,1,0,0,차대사람 - 횡단중,안전운전불이행,건조,맑음,교차로 - 교차로부근,화물,남,66세,상해없음,보행자,여,83세,중상
2017041900100371,2017년 4월 19일 15시,수요일,서울특별시 마포구 망원동,중상사고,0,1,0,0,차대사람 - 기타,안전운전불이행,기타,맑음,단일로 - 기타,승용,남,59세,기타불명,보행자,남,90세 이상,중상
2017041900100492,2017년 4월 19일 18시,수요일,서울특별시 강남구 역삼동,중상사고,0,1,0,0,차대사람 - 횡단중,안전운전불이행,건조,맑음,교차로 - 교차로안,승용,남,65세,상해없음,보행자,여,73세,중상
2017042000100163,2017년 4월 20일 10시,목요일,서울특별시 성동구 응봉동,중상사고,0,1,0,0,차대사람 - 횡단중,안전운전불이행,건조,맑음,교차로 - 교차로안,승용,남,61세,상해없음,보행자,여,80세,중상
2017042000100228,2017년 4월 20일 13시,목요일,서울특별시 강동구 성내동,중상사고,0,1,0,0,차대사람 - 횡단중,안전운전불이행,건조,맑음,단일로 - 기타,승용,남,45세,상해없음,보행자,여,72세,중상
2017042000100255,2017년 4월 20일 14시,목요일,서울특별시 동작구 사당동,경상사고,0,0,2,0,차대사람 - 보도통행중,안전운전불이행,건조,흐림,단일로 - 기타,승용,여,49세,상해없음,보행자,남,80세,경상
2017042100100019,2017년 4월 21일 00시,금요일,서울특별시 광진구 자양동,중상사고,0,1,0,0,차대사람 - 횡단중,신호위반,건조,맑음,교차로 - 교차로부근,승용,남,53세,상해없음,보행자,여,73세,중상
2017042100100062,2017년 4월 21일 05시,금요일,서울특별시 서대문구 홍은동,경상사고,0,0,1,0,차대사람 - 차도통행중,안전운전불이행,건조,맑음,교차로 - 교차로안,승용,남,61세,상해없음,보행자,남,89세,경상
2017042100100113,2017년 4월 21일 08시,금요일,서울특별시 종로구 동숭동,부상신고사고,0,0,0,1,차대사람 - 기타,안전운전불이행,건조,맑음,단일로 - 기타,건설기계,남,59세,상해없음,보행자,여,88세,부상신고
2017042100100200,2017년 4월 21일 10시,금요일,서울특별시 마포구 도화동,중상사고,0,1,0,0,차대사람 - 횡단중,안전운전불이행,건조,맑음,교차로 - 교차로부근,승용,남,56세,상해없음,보행자,여,84세,중상
2017042100100229,2017년 4월 21일 11시,금요일,서울특별시 관악구 신림동,중상사고,0,1,0,0,차대사람 - 횡단중,안전운전불이행,건조,맑음,교차로 - 교차로부근,화물,남,28세,상해없음,보행자,여,73세,중상
2017042100100233,2017년 4월 21일 11시,금요일,서울특별시 서초구 우면동,경상사고,0,0,1,0,차대사람 - 차도통행중,기타,건조,맑음,단일로 - 기타,승용,여,38세,상해없음,보행자,여,81세,경상
2017042100100266,2017년 4월 21일 12시,금요일,서울특별시 관악구 남현동,중상사고,0,2,0,0,차대사람 - 횡단중,보행자보호의무위반,건조,맑음,교차로 - 교차로횡단보도내,승용,남,40세,상해없음,보행자,남,72세,중상
2017042100100268,2017년 4월 21일 12시,금요일,서울특별시 강남구 대치동,경상사고,0,0,1,0,차대사람 - 기타,안전운전불이행,건조,맑음,교차로 - 교차로안,승용,남,62세,상해없음,보행자,여,65세,경상
2017042100100317,2017년 4월 21일 14시,금요일,서울특별시 영등포구 여의도동,사망사고,1,0,0,0,차대사람 - 차도통행중,안전운전불이행,건조,맑음,단일로 - 기타,승합,남,58세,상해없음,보행자,여,73세,사망
2017042100100320,2017년 4월 21일 14시,금요일,서울특별시 강남구 논현동,경상사고,0,0,1,0,차대사람 - 기타,안전운전불이행,건조,맑음,단일로 - 기타,승용,남,63세,상해없음,보행자,여,65세,경상
2017042100100321,2017년 4월 21일 14시,금요일,서울특별시 강남구 신사동,중상사고,0,1,0,0,차대사람 - 횡단중,보행자보호의무위반,건조,맑음,단일로 - 기타,이륜,남,37세,상해없음,보행자,여,71세,중상
2017042100100358,2017년 4월 21일 15시,금요일,서울특별시 강남구 도곡동,중상사고,0,1,0,0,차대사람 - 기타,안전거리미확보,건조,맑음,기타 - 기타,자전거,남,12세,상해없음,보행자,남,78세,중상
2017042100100388,2017년 4월 21일 16시,금요일,서울특별시 강동구 성내동,중상사고,0,1,0,0,차대사람 - 차도통행중,안전운전불이행,건조,맑음,교차로 - 교차로안,승합,남,61세,상해없음,보행자,여,75세,중상
2017042100100390,2017년 4월 21일 16시,금요일,서울특별시 성북구 장위동,중상사고,0,1,0,0,차대사람 - 횡단중,안전운전불이행,건조,맑음,교차로 - 교차로안,승용,남,28세,상해없음,보행자,여,65세,중상
2017042100100495,2017년 4월 21일 19시,금요일,서울특별시 종로구 평창동,중상사고,0,1,0,0,차대사람 - 횡단중,안전운전불이행,건조,맑음,단일로 - 기타,승용,남,58세,상해없음,보행자,여,79세,중상
2017042200100126,2017년 4월 22일 08시,토요일,서울특별시 중구 순화동,부상신고사고,0,0,0,1,차대사람 - 횡단중,안전운전불이행,건조,맑음,교차로 - 교차로안,승합,남,47세,상해없음,보행자,남,78세,부상신고
2017042200100131,2017년 4월 22일 08시,토요일,서울특별시 강남구 대치동,중상사고,0,1,0,0,차대사람 - 기타,안전운전불이행,건조,맑음,단일로 - 기타,화물,남,34세,상해없음,보행자,여,68세,중상
2017042200100148,2017년 4월 22일 09시,토요일,서울특별시 동대문구 청량리동,중상사고,0,1,0,0,차대사람 - 차도통행중,기타,건조,맑음,교차로 - 교차로횡단보도내,화물,남,33세,상해없음,보행자,여,71세,중상
2017042200100205,2017년 4월 22일 11시,토요일,서울특별시 종로구 종로4가,중상사고,0,1,0,0,차대사람 - 횡단중,신호위반,건조,맑음,단일로 - 기타,원동기,남,54세,상해없음,보행자,남,69세,중상
2017042200100210,2017년 4월 22일 11시,토요일,서울특별시 동작구 사당동,경상사고,0,0,1,0,차대사람 - 기타,안전운전불이행,건조,맑음,기타 - 기타,기타불명,기타불명,미분류,기타불명,보행자,여,66세,경상
2017042200100349,2017년 4월 22일 15시,토요일,서울특별시 중랑구 면목동,경상사고,0,0,1,0,차대사람 - 기타,기타,건조,맑음,단일로 - 기타,승용,여,29세,상해없음,보행자,여,76세,경상
2017042200100484,2017년 4월 22일 19시,토요일,서울특별시 강북구 미아동,중상사고,0,1,0,0,차대사람 - 횡단중,안전운전불이행,건조,맑음,교차로 - 교차로부근,이륜,남,16세,상해없음,보행자,여,71세,중상
2017042300100079,2017년 4월 23일 05시,일요일,서울특별시 강북구 미아동,경상사고,0,0,1,0,차대사람 - 기타,기타,건조,맑음,단일로 - 기타,승용,남,50세,상해없음,보행자,여,66세,경상
2017042300100126,2017년 4월 23일 09시,일요일,서울특별시 강동구 고덕동,부상신고사고,0,0,0,1,차대사람 - 차도통행중,안전운전불이행,건조,맑음,기타 - 기타,자전거,남,39세,상해없음,보행자,남,64세,부상신고
2017042300100146,2017년 4월 23일 10시,일요일,서울특별시 영등포구 여의도동,중상사고,0,1,0,0,차대사람 - 차도통행중,안전운전불이행,건조,맑음,단일로 - 기타,승용,남,74세,상해없음,보행자,여,88세,중상
2017042300100326,2017년 4월 23일 16시,일요일,서울특별시 영등포구 여의도동,경상사고,0,0,1,0,차대사람 - 횡단중,안전운전불이행,건조,맑음,단일로 - 기타,자전거,여,48세,상해없음,보행자,남,90세 이상,경상
2017042300100512,2017년 4월 23일 22시,일요일,서울특별시 강서구 화곡동,경상사고,0,0,1,0,차대사람 - 기타,안전운전불이행,건조,맑음,단일로 - 기타,승용,남,39세,상해없음,보행자,남,65세,경상
2017042400100043,2017년 4월 24일 05시,월요일,서울특별시 성동구 금호동3가,경상사고,0,0,1,0,차대사람 - 횡단중,보행자보호의무위반,건조,맑음,교차로 - 교차로횡단보도내,승용,남,67세,상해없음,보행자,여,69세,경상
2017042400100118,2017년 4월 24일 08시,월요일,서울특별시 강동구 고덕동,중상사고,0,1,0,0,차대사람 - 횡단중,안전운전불이행,건조,맑음,단일로 - 기타,승용,남,75세,상해없음,보행자,여,87세,중상
2017042400100175,2017년 4월 24일 09시,월요일,서울특별시 은평구 역촌동,경상사고,0,0,1,0,차대사람 - 횡단중,보행자보호의무위반,건조,맑음,교차로 - 교차로횡단보도내,승용,남,46세,상해없음,보행자,여,76세,경상
2017042400100243,2017년 4월 24일 11시,월요일,서울특별시 성북구 길음동,중상사고,0,1,0,0,차대사람 - 횡단중,안전운전불이행,건조,맑음,단일로 - 기타,이륜,남,44세,상해없음,보행자,여,69세,중상
2017042400100248,2017년 4월 24일 11시,월요일,서울특별시 양천구 신월동,중상사고,0,1,0,0,차대사람 - 횡단중,안전운전불이행,건조,맑음,단일로 - 기타,화물,남,48세,상해없음,보행자,여,77세,중상
2017042400100326,2017년 4월 24일 14시,월요일,서울특별시 강북구 미아동,중상사고,0,1,0,0,차대사람 - 차도통행중,안전운전불이행,건조,맑음,단일로 - 기타,승용,여,61세,상해없음,보행자,여,83세,중상
2017042400100327,2017년 4월 24일 14시,월요일,서울특별시 동대문구 청량리동,경상사고,0,0,1,0,차대사람 - 횡단중,안전운전불이행,건조,맑음,단일로 - 기타,화물,남,46세,상해없음,보행자,남,77세,경상
2017042400100334,2017년 4월 24일 14시,월요일,서울특별시 노원구 공릉동,경상사고,0,0,1,0,차대사람 - 길가장자리구역통행중,안전운전불이행,건조,맑음,단일로 - 기타,승용,남,81세,상해없음,보행자,여,82세,경상
2017042400100335,2017년 4월 24일 14시,월요일,서울특별시 강남구 일원동,경상사고,0,0,1,0,차대사람 - 횡단중,보행자보호의무위반,건조,맑음,교차로 - 교차로부근,승용,남,55세,상해없음,보행자,여,69세,경상
2017042400100360,2017년 4월 24일 15시,월요일,서울특별시 중구 회현동2가,중상사고,0,1,0,0,차대사람 - 횡단중,안전운전불이행,건조,맑음,단일로 - 기타,승용,여,33세,상해없음,보행자,여,65세,중상
2017042400100363,2017년 4월 24일 15시,월요일,서울특별시 동대문구 신설동,경상사고,0,0,1,0,차대사람 - 횡단중,안전운전불이행,건조,맑음,단일로 - 기타,승합,남,38세,상해없음,보행자,남,84세,경상
2017042500100160,2017년 4월 25일 10시,화요일,서울특별시 중랑구 면목동,중상사고,0,1,0,0,차대사람 - 기타,기타,건조,맑음,단일로 - 기타,승합,남,49세,상해없음,보행자,여,89세,중상
2017042500100307,2017년 4월 25일 15시,화요일,서울특별시 종로구 관훈동,경상사고,0,0,1,0,차대사람 - 기타,안전운전불이행,건조,맑음,단일로 - 기타,승용,여,71세,상해없음,보행자,남,70세,경상
2017042500100309,2017년 4월 25일 15시,화요일,서울특별시 은평구 진관동,경상사고,0,0,1,0,차대사람 - 횡단중,안전운전불이행,건조,맑음,단일로 - 기타,승용,남,38세,상해없음,보행자,여,86세,경상
2017042500100466,2017년 4월 25일 20시,화요일,서울특별시 양천구 신월동,중상사고,0,1,0,0,차대사람 - 횡단중,안전운전불이행,건조,맑음,단일로 - 기타,승합,남,64세,상해없음,보행자,남,66세,중상
2017042500100492,2017년 4월 25일 21시,화요일,서울특별시 도봉구 도봉동,경상사고,0,0,1,0,차대사람 - 기타,안전운전불이행,건조,맑음,기타 - 기타,자전거,남,13세,상해없음,보행자,여,69세,경상
2017042600100223,2017년 4월 26일 11시,수요일,서울특별시 영등포구 대림동,경상사고,0,0,1,0,차대사람 - 길가장자리구역통행중,안전운전불이행,건조,맑음,교차로 - 교차로안,화물,남,33세,상해없음,보행자,여,89세,경상
2017042600100254,2017년 4월 26일 12시,수요일,서울특별시 종로구 교남동,중상사고,0,1,0,0,차대사람 - 차도통행중,안전운전불이행,건조,맑음,단일로 - 기타,화물,남,47세,상해없음,보행자,여,84세,중상
2017042600100256,2017년 4월 26일 12시,수요일,서울특별시 동대문구 답십리동,경상사고,0,0,1,0,차대사람 - 기타,안전운전불이행,건조,맑음,교차로 - 교차로부근,화물,남,60세,상해없음,보행자,여,82세,경상
2017042600100352,2017년 4월 26일 15시,수요일,서울특별시 은평구 대조동,중상사고,0,1,0,0,차대사람 - 기타,안전운전불이행,건조,맑음,단일로 - 기타,승용,여,35세,상해없음,보행자,여,72세,중상
2017042600100387,2017년 4월 26일 16시,수요일,서울특별시 용산구 동자동,중상사고,0,1,1,0,차대사람 - 기타,안전운전불이행,건조,맑음,단일로 - 기타,승용,남,56세,상해없음,보행자,남,71세,중상
2017042600100545,2017년 4월 26일 20시,수요일,서울특별시 강북구 수유동,경상사고,0,0,1,0,차대사람 - 차도통행중,안전거리미확보,건조,맑음,교차로 - 교차로안,화물,남,39세,상해없음,보행자,남,79세,경상
2017042600100568,2017년 4월 26일 21시,수요일,서울특별시 동대문구 장안동,중상사고,0,1,0,0,차대사람 - 횡단중,안전운전불이행,건조,맑음,교차로 - 교차로부근,승용,남,26세,상해없음,보행자,여,71세,중상
2017042600100569,2017년 4월 26일 21시,수요일,서울특별시 동대문구 제기동,중상사고,0,1,0,0,차대사람 - 횡단중,안전운전불이행,건조,맑음,교차로 - 교차로안,승용,남,27세,상해없음,보행자,남,67세,중상
2017042600100613,2017년 4월 26일 22시,수요일,서울특별시 구로구 구로동,경상사고,0,0,1,0,차대사람 - 횡단중,보행자보호의무위반,건조,맑음,단일로 - 기타,승용,남,30세,상해없음,보행자,남,66세,경상
2017042700100057,2017년 4월 27일 04시,목요일,서울특별시 강북구 번동,중상사고,0,1,0,0,차대사람 - 보도통행중,신호위반,건조,맑음,단일로 - 기타,이륜,남,27세,상해없음,보행자,여,80세,중상
2017042700100117,2017년 4월 27일 08시,목요일,서울특별시 강남구 대치동,중상사고,0,1,0,0,차대사람 - 횡단중,안전운전불이행,건조,맑음,단일로 - 기타,승용,남,70세,상해없음,보행자,남,68세,중상
2017042700100158,2017년 4월 27일 09시,목요일,서울특별시 동대문구 제기동,중상사고,0,1,0,0,차대사람 - 기타,안전운전불이행,건조,맑음,단일로 - 기타,승용,여,43세,상해없음,보행자,남,75세,중상
2017042700100191,2017년 4월 27일 10시,목요일,서울특별시 노원구 중계동,중상사고,0,1,0,0,차대사람 - 횡단중,안전운전불이행,건조,맑음,단일로 - 기타,승용,여,43세,상해없음,보행자,여,80세,중상
2017042700100324,2017년 4월 27일 15시,목요일,서울특별시 종로구 신문로2가,경상사고,0,0,1,0,차대사람 - 기타,안전운전불이행,건조,맑음,단일로 - 기타,승합,남,67세,상해없음,보행자,남,70세,경상
2017042700100398,2017년 4월 27일 17시,목요일,서울특별시 마포구 성산동,경상사고,0,0,1,0,차대사람 - 기타,안전운전불이행,건조,맑음,단일로 - 기타,승용,남,64세,상해없음,보행자,남,77세,경상
2017042700100538,2017년 4월 27일 20시,목요일,서울특별시 서대문구 홍제동,경상사고,0,0,1,0,차대사람 - 횡단중,보행자보호의무위반,건조,맑음,교차로 - 교차로횡단보도내,승용,남,35세,상해없음,보행자,여,70세,경상
2017042800100175,2017년 4월 28일 09시,금요일,서울특별시 마포구 공덕동,중상사고,0,1,0,0,차대사람 - 횡단중,안전운전불이행,건조,맑음,교차로 - 교차로횡단보도내,승용,남,49세,상해없음,보행자,여,88세,중상
2017042800100177,2017년 4월 28일 09시,금요일,서울특별시 영등포구 문래동5가,중상사고,0,1,0,0,차대사람 - 횡단중,보행자보호의무위반,건조,맑음,교차로 - 교차로안,화물,남,69세,상해없음,보행자,여,81세,중상
2017042800100178,2017년 4월 28일 09시,금요일,서울특별시 금천구 시흥동,중상사고,0,1,0,0,차대사람 - 기타,안전운전불이행,건조,맑음,교차로 - 교차로부근,화물,남,59세,상해없음,보행자,여,73세,중상
2017042800100342,2017년 4월 28일 14시,금요일,서울특별시 관악구 봉천동,중상사고,0,1,0,0,차대사람 - 기타,안전운전불이행,건조,맑음,단일로 - 기타,승용,여,42세,상해없음,보행자,남,80세,중상
2017042800100495,2017년 4월 28일 18시,금요일,서울특별시 성동구 도선동,경상사고,0,0,1,0,차대사람 - 차도통행중,안전운전불이행,건조,맑음,단일로 - 기타,승용,남,40세,상해없음,보행자,여,75세,경상
2017042800100496,2017년 4월 28일 18시,금요일,서울특별시 강동구 길동,중상사고,0,1,0,0,차대사람 - 횡단중,안전운전불이행,건조,맑음,단일로 - 기타,승용,남,61세,상해없음,보행자,남,65세,중상
2017042800100542,2017년 4월 28일 19시,금요일,서울특별시 영등포구 대림동,경상사고,0,0,1,0,차대사람 - 길가장자리구역통행중,안전운전불이행,건조,맑음,단일로 - 기타,승용,여,23세,상해없음,보행자,남,70세,경상
2017042800100587,2017년 4월 28일 20시,금요일,서울특별시 은평구 불광동,경상사고,0,0,1,0,차대사람 - 횡단중,불법유턴,건조,맑음,교차로 - 교차로부근,승용,남,59세,상해없음,보행자,남,83세,경상
2017042800100683,2017년 4월 28일 23시,금요일,서울특별시 동대문구 장안동,경상사고,0,0,1,0,차대사람 - 차도통행중,안전운전불이행,건조,맑음,교차로 - 교차로안,승용,남,48세,상해없음,보행자,남,78세,경상
2017042900100144,2017년 4월 29일 08시,토요일,서울특별시 서초구 양재동,중상사고,0,1,0,0,차대사람 - 기타,안전운전불이행,건조,맑음,단일로 - 기타,승용,남,31세,상해없음,보행자,여,72세,중상
2017042900100426,2017년 4월 29일 16시,토요일,서울특별시 동대문구 제기동,중상사고,0,1,0,0,차대사람 - 기타,안전운전불이행,건조,맑음,단일로 - 기타,승용,남,60세,상해없음,보행자,여,78세,중상
2017042900100429,2017년 4월 29일 16시,토요일,서울특별시 중랑구 망우동,경상사고,0,0,1,0,차대사람 - 보도통행중,기타,건조,맑음,기타 - 기타,승용,남,62세,상해없음,보행자,여,69세,경상