사고번호,사고일시,요일,시군구,사고내용,사망자수,중상자수,경상자수,부상신고자수,사고유형,법규위반,노면상태,기상상태,도로형태,가해운전자 차종,가해운전자 성별,가해운전자 연령,가해운전자 상해정도,피해운전자 차종,피해운전자 성별,피해운전자 연령,피해운전자 상해정도
2017042900100528,2017년 4월 29일 18시,토요일,서울특별시 금천구 시흥동,경상사고,0,0,1,0,차대사람 - 기타,기타,건조,맑음,단일로 - 기타,승합,남,62세,상해없음,보행자,여,66세,경상
2017042900100561,2017년 4월 29일 19시,토요일,서울특별시 구로구 개봉동,중상사고,0,1,0,0,차대사람 - 기타,안전운전불이행,건조,맑음,기타 - 기타,자전거,남,82세,상해없음,보행자,여,77세,중상
2017042900100590,2017년 4월 29일 20시,토요일,서울특별시 노원구 상계동,중상사고,0,1,0,0,차대사람 - 횡단중,안전운전불이행,건조,맑음,단일로 - 기타,승용,남,74세,상해없음,보행자,남,69세,중상
2017043000100405,2017년 4월 30일 19시,일요일,서울특별시 도봉구 방학동,중상사고,0,1,0,0,차대사람 - 기타,안전운전불이행,건조,맑음,단일로 - 기타,화물,남,54세,상해없음,보행자,여,68세,중상
2017050100100198,2017년 5월 1일 12시,월요일,서울특별시 영등포구 신길동,중상사고,0,1,0,0,차대사람 - 길가장자리구역통행중,안전운전불이행,건조,맑음,단일로 - 기타,승합,남,52세,상해없음,보행자,여,71세,중상
2017050100100199,2017년 5월 1일 12시,월요일,서울특별시 강동구 천호동,경상사고,0,0,1,0,차대사람 - 횡단중,안전운전불이행,건조,맑음,단일로 - 기타,승용,남,26세,상해없음,보행자,여,75세,경상
2017050100100302,2017년 5월 1일 15시,월요일,서울특별시 성동구 금호동4가,경상사고,0,0,1,0,차대사람 - 횡단중,안전운전불이행,건조,맑음,기타 - 기타,자전거,여,51세,상해없음,보행자,여,68세,경상
2017050100100354,2017년 5월 1일 16시,월요일,서울특별시 송파구 방이동,중상사고,0,1,0,0,차대사람 - 기타,안전운전불이행,건조,맑음,기타 - 기타,자전거,남,47세,상해없음,보행자,남,66세,중상
2017050200100185,2017년 5월 2일 10시,화요일,서울특별시 서초구 양재동,중상사고,0,1,0,0,차대사람 - 차도통행중,안전운전불이행,건조,맑음,단일로 - 기타,승용,남,60세,상해없음,보행자,남,74세,중상
2017050200100236,2017년 5월 2일 12시,화요일,서울특별시 강서구 화곡동,중상사고,0,1,0,0,차대사람 - 길가장자리구역통행중,안전운전불이행,건조,맑음,단일로 - 기타,승용,여,56세,상해없음,보행자,여,77세,중상
2017050200100237,2017년 5월 2일 12시,화요일,서울특별시 송파구 방이동,중상사고,0,1,0,0,차대사람 - 횡단중,안전운전불이행,건조,맑음,주차장 - 주차장,자전거,여,15세,상해없음,보행자,여,70세,중상
2017050200100293,2017년 5월 2일 14시,화요일,서울특별시 서대문구 홍제동,중상사고,0,1,0,0,차대사람 - 기타,안전운전불이행,건조,맑음,단일로 - 기타,승용,남,25세,상해없음,보행자,여,65세,중상
2017050200100316,2017년 5월 2일 15시,화요일,서울특별시 종로구 당주동,중상사고,0,1,0,0,차대사람 - 횡단중,보행자보호의무위반,건조,맑음,교차로 - 교차로횡단보도내,승용,남,60세,상해없음,보행자,남,68세,중상
2017050200100320,2017년 5월 2일 15시,화요일,서울특별시 마포구 망원동,부상신고사고,0,0,0,1,차대사람 - 보도통행중,기타,건조,맑음,단일로 - 기타,자전거,여,40세,상해없음,보행자,남,65세,부상신고
2017050300100241,2017년 5월 3일 13시,수요일,서울특별시 송파구 가락동,경상사고,0,0,1,0,차대사람 - 횡단중,안전운전불이행,건조,맑음,교차로 - 교차로부근,승용,여,23세,상해없음,보행자,여,71세,경상
2017050300100449,2017년 5월 3일 19시,수요일,서울특별시 영등포구 여의도동,중상사고,0,1,0,0,차대사람 - 보도통행중,기타,건조,맑음,단일로 - 기타,기타불명,남,24세,상해없음,보행자,여,73세,중상
2017050400100111,2017년 5월 4일 08시,목요일,서울특별시 성북구 석관동,경상사고,0,0,1,0,차대사람 - 차도통행중,안전운전불이행,건조,맑음,단일로 - 기타,승합,남,46세,상해없음,보행자,여,69세,경상
2017050400100171,2017년 5월 4일 10시,목요일,서울특별시 서대문구 북가좌동,중상사고,0,1,0,0,차대사람 - 기타,안전운전불이행,건조,맑음,단일로 - 기타,승용,남,68세,상해없음,보행자,여,82세,중상
2017050400100174,2017년 5월 4일 10시,목요일,서울특별시 강동구 둔촌동,부상신고사고,0,0,0,1,차대사람 - 횡단중,안전운전불이행,건조,맑음,단일로 - 기타,승합,남,70세,상해없음,보행자,남,69세,부상신고
2017050400100175,2017년 5월 4일 10시,목요일,서울특별시 노원구 중계동,중상사고,0,1,0,0,차대사람 - 기타,안전운전불이행,건조,맑음,기타 - 기타,승용,여,51세,상해없음,보행자,여,73세,중상
2017050400100316,2017년 5월 4일 14시,목요일,서울특별시 양천구 신월동,사망사고,1,0,0,0,차대사람 - 기타,안전운전불이행,건조,맑음,단일로 - 기타,화물,남,64세,상해없음,보행자,여,80세,사망
2017050400100504,2017년 5월 4일 19시,목요일,서울특별시 동작구 상도동,중상사고,0,1,0,0,차대사람 - 횡단중,안전운전불이행,건조,맑음,교차로 - 교차로안,원동기,남,25세,상해없음,보행자,남,80세,중상
2017050400100505,2017년 5월 4일 19시,목요일,서울특별시 관악구 봉천동,경상사고,0,0,1,0,차대사람 - 횡단중,안전운전불이행,건조,맑음,단일로 - 기타,승용,남,56세,상해없음,보행자,여,74세,경상
2017050400100625,2017년 5월 4일 23시,목요일,서울특별시 강북구 수유동,사망사고,1,0,0,0,차대사람 - 차도통행중,안전운전불이행,건조,맑음,교차로 - 교차로안,승용,남,63세,상해없음,보행자,여,80세,사망
2017050500100133,2017년 5월 5일 09시,금요일,서울특별시 강북구 미아동,중상사고,0,1,0,0,차대사람 - 차도통행중,안전운전불이행,건조,맑음,교차로 - 교차로안,승용,남,33세,상해없음,보행자,여,67세,중상
2017050500100234,2017년 5월 5일 13시,금요일,서울특별시 관악구 봉천동,중상사고,0,1,0,0,차대사람 - 차도통행중,안전운전불이행,건조,맑음,단일로 - 기타,승용,여,37세,상해없음,보행자,여,71세,중상
2017050600100007,2017년 5월 6일 00시,토요일,서울특별시 중랑구 망우동,중상사고,0,1,0,0,차대사람 - 차도통행중,안전운전불이행,젖음/습기,흐림,교차로 - 교차로안,승용,남,25세,상해없음,보행자,남,90세 이상,중상
2017050600100051,2017년 5월 6일 04시,토요일,서울특별시 관악구 신림동,중상사고,0,1,0,0,차대사람 - 횡단중,신호위반,건조,맑음,교차로 - 교차로안,승용,남,77세,상해없음,보행자,여,67세,중상
2017050600100077,2017년 5월 6일 07시,토요일,서울특별시 성북구 돈암동,중상사고,0,1,0,0,차대사람 - 횡단중,중앙선침범,건조,맑음,단일로 - 기타,승용,남,59세,상해없음,보행자,남,68세,중상
2017050600100144,2017년 5월 6일 10시,토요일,서울특별시 은평구 불광동,부상신고사고,0,0,0,1,차대사람 - 기타,안전운전불이행,건조,맑음,단일로 - 기타,승용,남,67세,상해없음,보행자,남,65세,부상신고
2017050600100526,2017년 5월 6일 22시,토요일,서울특별시 성동구 행당동,사망사고,1,0,0,0,차대사람 - 횡단중,안전운전불이행,건조,맑음,교차로 - 교차로횡단보도내,화물,남,70세,상해없음,보행자,남,77세,사망
2017050700100180,2017년 5월 7일 13시,일요일,서울특별시 성북구 하월곡동,경상사고,0,0,1,0,차대사람 - 보도통행중,기타,건조,맑음,교차로 - 교차로부근,자전거,남,41세,상해없음,보행자,여,77세,경상
2017050800100146,2017년 5월 8일 09시,월요일,서울특별시 중구 봉래동2가,중상사고,0,1,0,0,차대사람 - 기타,안전운전불이행,건조,맑음,단일로 - 기타,화물,남,49세,상해없음,보행자,남,67세,중상
2017050800100185,2017년 5월 8일 10시,월요일,서울특별시 종로구 종로6가,중상사고,0,1,0,0,차대사람 - 횡단중,보행자보호의무위반,건조,맑음,교차로 - 교차로횡단보도내,승용,여,64세,상해없음,보행자,여,73세,중상
2017050800100222,2017년 5월 8일 11시,월요일,서울특별시 도봉구 방학동,중상사고,0,1,0,0,차대사람 - 차도통행중,안전운전불이행,건조,맑음,단일로 - 기타,승용,여,47세,상해없음,보행자,여,70세,중상
2017050800100333,2017년 5월 8일 15시,월요일,서울특별시 종로구 견지동,중상사고,0,1,0,0,차대사람 - 횡단중,안전운전불이행,건조,맑음,단일로 - 기타,승용,남,71세,상해없음,보행자,여,83세,중상
2017050800100335,2017년 5월 8일 15시,월요일,서울특별시 동대문구 제기동,경상사고,0,0,1,0,차대사람 - 기타,안전운전불이행,건조,맑음,기타 - 기타,승합,남,72세,상해없음,보행자,여,75세,경상
2017050800100382,2017년 5월 8일 16시,월요일,서울특별시 양천구 신정동,중상사고,0,1,0,0,차대사람 - 기타,신호위반,건조,맑음,교차로 - 교차로안,승용,여,37세,상해없음,보행자,남,66세,중상
2017050800100424,2017년 5월 8일 17시,월요일,서울특별시 서대문구 홍은동,경상사고,0,0,1,0,차대사람 - 횡단중,기타,건조,맑음,단일로 - 기타,화물,남,64세,상해없음,보행자,여,67세,경상
2017050800100461,2017년 5월 8일 18시,월요일,서울특별시 서대문구 남가좌동,중상사고,0,1,0,0,차대사람 - 차도통행중,안전운전불이행,건조,맑음,단일로 - 기타,승합,남,45세,상해없음,보행자,남,69세,중상
2017050900100016,2017년 5월 9일 00시,화요일,서울특별시 노원구 상계동,중상사고,0,1,0,0,차대사람 - 횡단중,안전운전불이행,건조,맑음,단일로 - 기타,승용,남,29세,상해없음,보행자,남,69세,중상
2017050900100180,2017년 5월 9일 11시,화요일,서울특별시 구로구 개봉동,중상사고,0,1,0,0,차대사람 - 차도통행중,중앙선침범,건조,맑음,교차로 - 교차로안,승용,남,46세,상해없음,보행자,여,70세,중상
2017050900100206,2017년 5월 9일 12시,화요일,서울특별시 금천구 가산동,경상사고,0,0,1,0,차대사람 - 횡단중,보행자보호의무위반,건조,흐림,교차로 - 교차로횡단보도내,승용,여,58세,상해없음,보행자,남,73세,경상
2017050900100232,2017년 5월 9일 13시,화요일,서울특별시 중구 신당동,중상사고,0,1,0,0,차대사람 - 길가장자리구역통행중,안전운전불이행,건조,맑음,단일로 - 기타,승합,남,53세,상해없음,보행자,여,71세,중상
2017050900100293,2017년 5월 9일 15시,화요일,서울특별시 마포구 성산동,중상사고,0,1,0,0,차대사람 - 차도통행중,안전운전불이행,건조,맑음,기타 - 기타,승합,남,57세,상해없음,보행자,남,65세,중상
2017050900100294,2017년 5월 9일 15시,화요일,서울특별시 동작구 상도동,경상사고,0,0,1,0,차대사람 - 기타,안전운전불이행,건조,맑음,단일로 - 기타,승용,여,69세,상해없음,보행자,남,69세,경상
2017051000100169,2017년 5월 10일 10시,수요일,서울특별시 동작구 상도동,경상사고,0,0,1,0,차대사람 - 횡단중,안전운전불이행,건조,맑음,교차로 - 교차로안,승용,여,34세,상해없음,보행자,여,83세,경상
2017051000100171,2017년 5월 10일 10시,수요일,서울특별시 중랑구 망우동,중상사고,0,1,0,0,차대사람 - 횡단중,안전운전불이행,건조,맑음,교차로 - 교차로안,화물,여,50세,상해없음,보행자,여,84세,중상
2017051000100194,2017년 5월 10일 11시,수요일,서울특별시 중구 봉래동2가,경상사고,0,0,1,0,차대사람 - 보도통행중,안전운전불이행,건조,맑음,단일로 - 기타,기타불명,기타불명,미분류,기타불명,보행자,여,74세,경상
2017051000100223,2017년 5월 10일 12시,수요일,서울특별시 동대문구 용두동,중상사고,0,1,0,0,차대사람 - 횡단중,안전운전불이행,건조,맑음,교차로 - 교차로안,화물,남,40세,상해없음,보행자,남,81세,중상
2017051000100224,2017년 5월 10일 12시,수요일,서울특별시 동대문구 답십리동,중상사고,0,1,0,0,차대사람 - 보도통행중,기타,건조,맑음,단일로 - 기타,승용,남,41세,상해없음,보행자,여,75세,중상
2017051000100490,2017년 5월 10일 22시,수요일,서울특별시 동대문구 제기동,중상사고,0,1,0,0,차대사람 - 횡단중,안전운전불이행,건조,맑음,기타 - 기타,승용,남,58세,상해없음,보행자,여,66세,중상
2017051000100491,2017년 5월 10일 22시,수요일,서울특별시 영등포구 신길동,중상사고,0,1,0,0,차대사람 - 길가장자리구역통행중,안전운전불이행,건조,맑음,교차로 - 교차로부근,승합,남,37세,상해없음,보행자,남,67세,중상
2017051100100069,2017년 5월 11일 05시,목요일,서울특별시 성북구 동선동1가,중상사고,0,1,0,0,차대사람 - 횡단중,안전운전불이행,건조,맑음,단일로 - 기타,승용,남,60세,상해없음,보행자,여,79세,중상
2017051100100125,2017년 5월 11일 08시,목요일,서울특별시 노원구 공릉동,경상사고,0,0,1,0,차대사람 - 횡단중,안전운전불이행,건조,맑음,교차로 - 교차로안,승용,여,64세,상해없음,보행자,남,79세,경상
2017051100100263,2017년 5월 11일 13시,목요일,서울특별시 강남구 삼성동,경상사고,0,0,1,0,차대사람 - 횡단중,신호위반,건조,맑음,단일로 - 기타,자전거,남,26세,상해없음,보행자,남,72세,경상
2017051100100292,2017년 5월 11일 14시,목요일,서울특별시 관악구 신림동,중상사고,0,1,0,0,차대사람 - 횡단중,보행자보호의무위반,건조,맑음,교차로 - 교차로안,승용,남,60세,상해없음,보행자,여,70세,중상
2017051100100322,2017년 5월 11일 15시,목요일,서울특별시 강북구 수유동,중상사고,0,1,0,0,차대사람 - 기타,안전운전불이행,건조,맑음,단일로 - 기타,승합,남,65세,상해없음,보행자,여,77세,중상
2017051200100238,2017년 5월 12일 12시,금요일,서울특별시 강남구 율현동,중상사고,0,1,0,0,차대사람 - 횡단중,안전운전불이행,건조,맑음,단일로 - 기타,승용,남,49세,상해없음,보행자,여,67세,중상
2017051200100293,2017년 5월 12일 14시,금요일,서울특별시 서대문구 북가좌동,경상사고,0,0,1,0,차대사람 - 보도통행중,보행자보호의무위반,건조,맑음,교차로 - 교차로횡단보도내,기타불명,기타불명,미분류,기타불명,보행자,여,77세,경상
2017051300100023,2017년 5월 13일 00시,토요일,서울특별시 강서구 등촌동,경상사고,0,0,1,0,차대사람 - 보도통행중,안전운전불이행,건조,맑음,기타 - 기타,자전거,남,13세,상해없음,보행자,여,75세,경상
2017051300100178,2017년 5월 13일 09시,토요일,서울특별시 강북구 수유동,경상사고,0,0,1,0,차대사람 - 기타,안전운전불이행,건조,맑음,단일로 - 기타,기타불명,기타불명,미분류,기타불명,보행자,여,72세,경상
2017051300100456,2017년 5월 13일 17시,토요일,서울특별시 강동구 길동,경상사고,0,0,1,0,차대사람 - 보도통행중,기타,건조,맑음,단일로 - 기타,자전거,남,14세,상해없음,보행자,여,65세,경상
2017051400100098,2017년 5월 14일 07시,일요일,서울특별시 송파구 거여동,중상사고,0,1,0,0,차대사람 - 횡단중,보행자보호의무위반,건조,맑음,교차로 - 교차로횡단보도내,승용,남,75세,상해없음,보행자,여,75세,중상
2017051400100221,2017년 5월 14일 13시,일요일,서울특별시 관악구 신림동,경상사고,0,0,1,0,차대사람 - 기타,안전운전불이행,건조,맑음,단일로 - 기타,이륜,남,50세,상해없음,보행자,여,74세,경상
2017051400100393,2017년 5월 14일 19시,일요일,서울특별시 금천구 독산동,경상사고,0,0,1,0,차대사람 - 차도통행중,안전운전불이행,건조,맑음,단일로 - 기타,승용,남,79세,상해없음,보행자,여,81세,경상
2017051400100422,2017년 5월 14일 20시,일요일,서울특별시 노원구 상계동,경상사고,0,0,1,0,차대사람 - 횡단중,안전운전불이행,건조,맑음,단일로 - 기타,승용,여,61세,상해없음,보행자,남,69세,경상
2017051500100107,2017년 5월 15일 08시,월요일,서울특별시 용산구 용문동,경상사고,0,0,1,0,차대사람 - 횡단중,안전운전불이행,건조,맑음,단일로 - 기타,승합,남,64세,상해없음,보행자,여,90세 이상,경상
2017051500100108,2017년 5월 15일 08시,월요일,서울특별시 마포구 창전동,사망사고,1,0,0,0,차대사람 - 횡단중,안전운전불이행,건조,맑음,교차로 - 교차로횡단보도내,승용,여,45세,상해없음,보행자,남,80세,사망
2017051500100320,2017년 5월 15일 14시,월요일,서울특별시 중랑구 면목동,경상사고,0,0,1,0,차대사람 - 횡단중,안전운전불이행,건조,맑음,단일로 - 기타,화물,남,48세,상해없음,보행자,여,77세,경상
2017051500100325,2017년 5월 15일 14시,월요일,서울특별시 도봉구 도봉동,중상사고,0,1,0,0,차대사람 - 횡단중,보행자보호의무위반,건조,맑음,교차로 - 교차로횡단보도내,승용,남,59세,상해없음,보행자,여,68세,중상
2017051500100397,2017년 5월 15일 16시,월요일,서울특별시 도봉구 창동,사망사고,1,0,1,0,차대사람 - 횡단중,안전운전불이행,건조,흐림,교차로 - 교차로횡단보도내,승용,남,46세,상해없음,보행자,남,62세,사망
2017051500100518,2017년 5월 15일 19시,월요일,서울특별시 서초구 서초동,부상신고사고,0,0,0,1,차대사람 - 횡단중,안전운전불이행,건조,맑음,단일로 - 기타,승용,남,56세,상해없음,보행자,남,66세,부상신고
2017051600100124,2017년 5월 16일 08시,화요일,서울특별시 송파구 방이동,중상사고,0,1,0,0,차대사람 - 횡단중,안전운전불이행,건조,맑음,단일로 - 기타,자전거,남,15세,기타불명,보행자,남,80세,중상
2017051600100256,2017년 5월 16일 12시,화요일,서울특별시 광진구 군자동,중상사고,0,1,0,0,차대사람 - 기타,안전운전불이행,건조,맑음,단일로 - 기타,화물,남,44세,상해없음,보행자,여,84세,중상
2017051600100371,2017년 5월 16일 16시,화요일,서울특별시 강북구 미아동,경상사고,0,0,1,0,차대사람 - 횡단중,안전운전불이행,건조,맑음,단일로 - 기타,승합,남,66세,상해없음,보행자,여,73세,경상
2017051600100377,2017년 5월 16일 16시,화요일,서울특별시 도봉구 창동,부상신고사고,0,0,0,1,차대사람 - 횡단중,안전운전불이행,건조,맑음,교차로 - 교차로부근,승용,여,53세,상해없음,보행자,여,69세,부상신고
2017051600100493,2017년 5월 16일 19시,화요일,서울특별시 강북구 번동,중상사고,0,1,0,0,차대사람 - 횡단중,안전운전불이행,건조,맑음,단일로 - 기타,이륜,남,18세,상해없음,보행자,여,82세,중상
2017051700100115,2017년 5월 17일 08시,수요일,서울특별시 노원구 상계동,중상사고,0,1,0,0,차대사람 - 횡단중,중앙선침범,건조,맑음,단일로 - 기타,승용,남,36세,상해없음,보행자,여,70세,중상
2017051700100158,2017년 5월 17일 09시,수요일,서울특별시 종로구 명륜3가,경상사고,0,0,1,0,차대사람 - 보도통행중,기타,건조,맑음,단일로 - 기타,화물,남,39세,상해없음,보행자,남,81세,경상
2017051700100161,2017년 5월 17일 09시,수요일,서울특별시 영등포구 대림동,경상사고,0,0,1,0,차대사람 - 횡단중,안전운전불이행,건조,맑음,단일로 - 기타,화물,남,41세,상해없음,보행자,여,85세,경상
2017051700100164,2017년 5월 17일 09시,수요일,서울특별시 서초구 방배동,경상사고,0,0,1,0,차대사람 - 보도통행중,보행자보호의무위반,건조,맑음,교차로 - 교차로안,승합,남,29세,상해없음,보행자,남,70세,경상
2017051700100364,2017년 5월 17일 16시,수요일,서울특별시 성북구 길음동,경상사고,0,0,1,0,차대사람 - 보도통행중,중앙선침범,건조,맑음,단일로 - 기타,이륜,남,68세,상해없음,보행자,남,84세,경상
2017051700100450,2017년 5월 17일 18시,수요일,서울특별시 광진구 중곡동,중상사고,0,1,0,0,차대사람 - 기타,안전운전불이행,건조,맑음,단일로 - 기타,승용,여,38세,상해없음,보행자,남,76세,중상
2017051700100456,2017년 5월 17일 18시,수요일,서울특별시 강동구 강일동,경상사고,0,0,1,0,차대사람 - 차도통행중,안전운전불이행,건조,맑음,단일로 - 기타,승용,남,51세,상해없음,보행자,남,85세,경상
2017051700100457,2017년 5월 17일 18시,수요일,서울특별시 양천구 신정동,경상사고,0,0,1,0,차대사람 - 횡단중,안전운전불이행,건조,맑음,교차로 - 교차로부근,승용,여,53세,상해없음,보행자,여,74세,경상
2017051800100069,2017년 5월 18일 06시,목요일,서울특별시 동작구 상도1동,사망사고,1,0,0,0,차대사람 - 횡단중,안전운전불이행,건조,맑음,단일로 - 기타,승용,남,44세,상해없음,보행자,남,76세,사망
2017051800100168,2017년 5월 18일 09시,목요일,서울특별시 마포구 연남동,중상사고,0,1,0,0,차대사람 - 횡단중,안전운전불이행,건조,맑음,교차로 - 교차로안,승용,여,31세,상해없음,보행자,남,76세,중상
2017051800100192,2017년 5월 18일 10시,목요일,서울특별시 서대문구 홍은동,중상사고,0,1,0,0,차대사람 - 횡단중,안전운전불이행,건조,맑음,단일로 - 기타,승용,남,46세,상해없음,보행자,여,83세,중상
2017051800100193,2017년 5월 18일 10시,목요일,서울특별시 서대문구 홍제동,중상사고,0,1,0,0,차대사람 - 횡단중,안전운전불이행,건조,맑음,단일로 - 기타,화물,남,59세,상해없음,보행자,여,74세,중상
2017051800100196,2017년 5월 18일 10시,목요일,서울특별시 중랑구 상봉동,중상사고,0,1,0,0,차대사람 - 기타,안전운전불이행,건조,맑음,단일로 - 기타,승용,여,27세,상해없음,보행자,여,68세,중상
2017051800100307,2017년 5월 18일 14시,목요일,서울특별시 광진구 중곡동,경상사고,0,0,1,0,차대사람 - 길가장자리구역통행중,안전운전불이행,건조,맑음,교차로 - 교차로부근,승용,남,33세,상해없음,보행자,여,69세,경상
2017051800100311,2017년 5월 18일 14시,목요일,서울특별시 송파구 마천동,중상사고,0,1,0,0,차대사람 - 기타,안전운전불이행,건조,맑음,단일로 - 기타,승용,여,74세,상해없음,보행자,여,81세,중상
2017051800100341,2017년 5월 18일 15시,목요일,서울특별시 성동구 응봉동,중상사고,0,1,0,0,차대사람 - 횡단중,보행자보호의무위반,건조,맑음,교차로 - 교차로횡단보도내,승용,남,50세,상해없음,보행자,여,77세,중상
2017051800100375,2017년 5월 18일 16시,목요일,서울특별시 중구 신당동,경상사고,0,0,1,0,차대사람 - 기타,보행자보호의무위반,건조,맑음,교차로 - 교차로횡단보도내,승용,여,35세,상해없음,보행자,여,80세,경상
2017051800100507,2017년 5월 18일 19시,목요일,서울특별시 성북구 동소문동5가,경상사고,0,0,1,0,차대사람 - 길가장자리구역통행중,안전운전불이행,건조,맑음,교차로 - 교차로부근,화물,남,65세,상해없음,보행자,여,67세,경상
2017051900100121,2017년 5월 19일 08시,금요일,서울특별시 용산구 보광동,중상사고,0,1,0,0,차대사람 - 기타,안전운전불이행,건조,맑음,기타 - 기타,자전거,남,41세,상해없음,보행자,여,83세,중상
2017051900100128,2017년 5월 19일 08시,금요일,서울특별시 도봉구 쌍문동,중상사고,0,1,0,0,차대사람 - 횡단중,보행자보호의무위반,건조,맑음,교차로 - 교차로횡단보도내,승용,여,43세,상해없음,보행자,여,72세,중상
2017051900100180,2017년 5월 19일 09시,금요일,서울특별시 송파구 거여동,중상사고,0,1,0,0,차대사람 - 횡단중,안전운전불이행,건조,맑음,교차로 - 교차로안,건설기계,남,65세,상해없음,보행자,남,83세,중상
2017051900100259,2017년 5월 19일 11시,금요일,서울특별시 마포구 신공덕동,중상사고,0,1,0,0,차대사람 - 보도통행중,보행자보호의무위반,건조,맑음,기타 - 기타,화물,남,44세,상해없음,보행자,여,75세,중상
2017051900100299,2017년 5월 19일 12시,금요일,서울특별시 은평구 갈현동,경상사고,0,0,1,0,차대사람 - 기타,보행자보호의무위반,건조,맑음,교차로 - 교차로횡단보도내,기타불명,기타불명,미분류,기타불명,보행자,여,79세,경상
2017051900100439,2017년 5월 19일 16시,금요일,서울특별시 종로구 경운동,중상사고,0,1,0,0,차대사람 - 차도통행중,안전운전불이행,건조,맑음,단일로 - 기타,승용,남,26세,상해없음,보행자,남,77세,중상
2017051900100443,2017년 5월 19일 16시,금요일,서울특별시 동작구 흑석동,경상사고,0,0,1,0,차대사람 - 횡단중,안전운전불이행,건조,맑음,단일로 - 기타,승용,남,44세,상해없음,보행자,여,80세,경상
2017051900100449,2017년 5월 19일 16시,금요일,서울특별시 노원구 중계동,중상사고,0,1,0,0,차대사람 - 횡단중,안전운전불이행,건조,맑음,단일로 - 기타,승용,남,61세,상해없음,보행자,여,74세,중상
2017051900100496,2017년 5월 19일 17시,금요일,서울특별시 강서구 화곡동,중상사고,0,1,0,0,차대사람 - 기타,안전운전불이행,건조,맑음,단일로 - 기타,승용,남,69세,상해없음,보행자,남,75세,중상
2017051900100497,2017년 5월 19일 17시,금요일,서울특별시 강서구 등촌동,경상사고,0,0,1,0,차대사람 - 기타,안전운전불이행,건조,맑음,주차장 - 주차장,승용,남,69세,상해없음,보행자,남,77세,경상
2017051900100567,2017년 5월 19일 19시,금요일,서울특별시 도봉구 방학동,경상사고,0,0,1,0,차대사람 - 보도통행중,기타,건조,맑음,교차로 - 교차로부근,자전거,남,12세,상해없음,보행자,여,66세,경상
2017052000100128,2017년 5월 20일 07시,토요일,서울특별시 동대문구 제기동,경상사고,0,0,1,0,차대사람 - 기타,안전운전불이행,건조,맑음,기타 - 기타,승용,남,63세,상해없음,보행자,남,77세,경상
2017052000100223,2017년 5월 20일 11시,토요일,서울특별시 성북구 하월곡동,중상사고,0,1,0,0,차대사람 - 차도통행중,안전운전불이행,건조,맑음,단일로 - 기타,화물,남,50세,상해없음,보행자,여,70세,중상
2017052100100013,2017년 5월 21일 00시,일요일,서울특별시 중랑구 면목동,경상사고,0,0,1,0,차대사람 - 기타,안전운전불이행,건조,맑음,단일로 - 기타,원동기,남,31세,상해없음,보행자,남,70세,경상
2017052100100145,2017년 5월 21일 09시,일요일,서울특별시 성동구 성수동2가,중상사고,0,1,0,0,차대사람 - 길가장자리구역통행중,안전운전불이행,건조,맑음,단일로 - 기타,화물,남,60세,상해없음,보행자,여,70세,중상
2017052100100208,2017년 5월 21일 12시,일요일,서울특별시 동대문구 신설동,경상사고,0,0,1,0,차대사람 - 횡단중,안전운전불이행,건조,맑음,단일로 - 기타,승용,여,35세,상해없음,보행자,남,67세,경상
2017052100100346,2017년 5월 21일 16시,일요일,서울특별시 강서구 염창동,중상사고,0,1,0,0,차대사람 - 기타,안전운전불이행,건조,맑음,단일로 - 기타,승합,남,57세,상해없음,보행자,여,90세 이상,중상
2017052100100456,2017년 5월 21일 20시,일요일,서울특별시 노원구 공릉동,경상사고,0,0,1,0,차대사람 - 차도통행중,안전운전불이행,건조,맑음,단일로 - 기타,자전거,남,34세,상해없음,보행자,남,71세,경상
2017052200100053,2017년 5월 22일 05시,월요일,서울특별시 양천구 신정동,중상사고,0,1,0,0,차대사람 - 횡단중,보행자보호의무위반,건조,맑음,교차로 - 교차로안,화물,남,63세,상해없음,보행자,남,88세,중상
2017052200100064,2017년 5월 22일 06시,월요일,서울특별시 영등포구 여의도동,중상사고,0,1,0,0,차대사람 - 횡단중,안전운전불이행,건조,맑음,교차로 - 교차로안,승용,남,31세,상해없음,보행자,여,82세,중상
2017052200100081,2017년 5월 22일 07시,월요일,서울특별시 송파구 문정동,경상사고,0,0,1,0,차대사람 - 횡단중,보행자보호의무위반,건조,맑음,교차로 - 교차로횡단보도내,승용,여,55세,상해없음,보행자,남,69세,경상
2017052200100203,2017년 5월 22일 10시,월요일,서울특별시 금천구 독산동,경상사고,0,0,1,0,차대사람 - 차도통행중,안전운전불이행,건조,맑음,단일로 - 기타,이륜,남,50세,상해없음,보행자,여,71세,경상
2017052200100260,2017년 5월 22일 12시,월요일,서울특별시 종로구 견지동,중상사고,0,1,0,0,차대사람 - 횡단중,안전운전불이행,건조,맑음,단일로 - 기타,승용,남,62세,상해없음,보행자,여,69세,중상
2017052200100263,2017년 5월 22일 12시,월요일,서울특별시 마포구 노고산동,중상사고,0,1,0,0,차대사람 - 차도통행중,안전운전불이행,기타,맑음,단일로 - 기타,승합,남,43세,상해없음,보행자,여,69세,중상
2017052200100264,2017년 5월 22일 12시,월요일,서울특별시 은평구 갈현동,경상사고,0,0,1,0,차대사람 - 차도통행중,안전운전불이행,건조,맑음,교차로 - 교차로안,승용,여,63세,상해없음,보행자,남,70세,경상