사고번호,사고일시,요일,시군구,사고내용,사망자수,중상자수,경상자수,부상신고자수,사고유형,법규위반,노면상태,기상상태,도로형태,가해운전자 차종,가해운전자 성별,가해운전자 연령,가해운전자 상해정도,피해운전자 차종,피해운전자 성별,피해운전자 연령,피해운전자 상해정도
2017092200100538,2017년 9월 22일 18시,금요일,서울특별시 구로구 구로동,중상사고,0,1,0,0,차대사람 - 횡단중,안전운전불이행,건조,맑음,교차로 - 교차로안,승용,여,68세,상해없음,보행자,여,79세,중상
2017092200100584,2017년 9월 22일 19시,금요일,서울특별시 영등포구 대림동,중상사고,0,1,0,0,차대사람 - 기타,안전운전불이행,건조,맑음,교차로 - 교차로안,승용,남,45세,기타불명,보행자,남,80세,중상
2017092300100090,2017년 9월 23일 04시,토요일,서울특별시 중랑구 면목동,중상사고,0,1,0,0,차대사람 - 차도통행중,안전운전불이행,건조,맑음,교차로 - 교차로안,승합,남,53세,상해없음,보행자,남,73세,중상
2017092300100102,2017년 9월 23일 05시,토요일,서울특별시 은평구 응암동,경상사고,0,0,1,0,차대사람 - 기타,안전운전불이행,건조,맑음,기타 - 기타,자전거,남,60세,기타불명,보행자,남,75세,경상
2017092300100199,2017년 9월 23일 10시,토요일,서울특별시 중랑구 상봉동,경상사고,0,0,1,0,차대사람 - 횡단중,보행자보호의무위반,건조,맑음,단일로 - 기타,승용,남,57세,상해없음,보행자,남,71세,경상
2017092300100265,2017년 9월 23일 12시,토요일,서울특별시 성북구 정릉동,경상사고,0,0,1,0,차대사람 - 길가장자리구역통행중,안전운전불이행,건조,맑음,단일로 - 기타,승용,남,57세,상해없음,보행자,여,66세,경상
2017092300100486,2017년 9월 23일 17시,토요일,서울특별시 마포구 망원동,경상사고,0,0,1,0,차대사람 - 횡단중,안전운전불이행,건조,맑음,교차로 - 교차로안,승용,남,42세,상해없음,보행자,여,74세,경상
2017092300100529,2017년 9월 23일 18시,토요일,서울특별시 관악구 신림동,중상사고,0,1,0,0,차대사람 - 횡단중,보행자보호의무위반,건조,맑음,교차로 - 교차로횡단보도내,화물,남,64세,상해없음,보행자,남,65세,중상
2017092400100316,2017년 9월 24일 15시,일요일,서울특별시 강서구 화곡동,경상사고,0,0,1,0,차대사람 - 보도통행중,보행자보호의무위반,건조,맑음,교차로 - 교차로횡단보도내,승용,여,31세,상해없음,보행자,여,70세,경상
2017092400100359,2017년 9월 24일 16시,일요일,서울특별시 강남구 대치동,경상사고,0,0,1,0,차대사람 - 기타,안전운전불이행,건조,맑음,기타 - 기타,자전거,남,48세,상해없음,보행자,여,71세,경상
2017092400100413,2017년 9월 24일 18시,일요일,서울특별시 서대문구 홍은동,중상사고,0,1,0,0,차대사람 - 횡단중,보행자보호의무위반,건조,맑음,교차로 - 교차로부근,승용,남,29세,상해없음,보행자,여,70세,중상
2017092400100415,2017년 9월 24일 18시,일요일,서울특별시 강동구 천호동,경상사고,0,0,1,0,차대사람 - 기타,보행자보호의무위반,건조,맑음,단일로 - 기타,승용,남,31세,상해없음,보행자,여,87세,경상
2017092500100059,2017년 9월 25일 05시,월요일,서울특별시 구로구 고척동,중상사고,0,2,0,0,차대사람 - 보도통행중,보행자보호의무위반,건조,기타,교차로 - 교차로부근,승용,남,26세,상해없음,보행자,여,77세,중상
2017092500100233,2017년 9월 25일 11시,월요일,서울특별시 종로구 와룡동,사망사고,1,0,0,0,차대사람 - 횡단중,신호위반,건조,맑음,교차로 - 교차로부근,건설기계,남,64세,상해없음,보행자,여,64세,사망
2017092500100275,2017년 9월 25일 12시,월요일,서울특별시 마포구 성산동,중상사고,0,1,0,0,차대사람 - 길가장자리구역통행중,안전운전불이행,건조,맑음,주차장 - 주차장,승용,여,44세,상해없음,보행자,여,73세,중상
2017092500100504,2017년 9월 25일 18시,월요일,서울특별시 광진구 중곡동,중상사고,0,1,0,0,차대사람 - 기타,기타,건조,맑음,단일로 - 기타,승합,남,60세,상해없음,보행자,여,79세,중상
2017092500100660,2017년 9월 25일 22시,월요일,서울특별시 송파구 신천동,중상사고,0,1,0,0,차대사람 - 횡단중,보행자보호의무위반,건조,맑음,교차로 - 교차로횡단보도내,승용,남,49세,상해없음,보행자,여,76세,중상
2017092500100683,2017년 9월 25일 23시,월요일,서울특별시 관악구 신림동,경상사고,0,0,1,0,차대사람 - 기타,안전운전불이행,건조,맑음,단일로 - 기타,승용,남,53세,상해없음,보행자,여,68세,경상
2017092600100073,2017년 9월 26일 05시,화요일,서울특별시 종로구 창신동,중상사고,0,1,0,0,차대사람 - 횡단중,보행자보호의무위반,건조,맑음,단일로 - 기타,화물,남,48세,상해없음,보행자,여,74세,중상
2017092600100076,2017년 9월 26일 05시,화요일,서울특별시 광진구 중곡동,부상신고사고,0,0,0,1,차대사람 - 기타,안전운전불이행,건조,맑음,단일로 - 기타,승합,남,63세,상해없음,보행자,여,68세,부상신고
2017092600100077,2017년 9월 26일 05시,화요일,서울특별시 영등포구 신길동,사망사고,1,0,0,0,차대사람 - 횡단중,안전운전불이행,건조,맑음,단일로 - 기타,화물,남,66세,상해없음,보행자,여,73세,사망
2017092600100204,2017년 9월 26일 10시,화요일,서울특별시 중구 을지로6가,중상사고,0,1,0,0,차대사람 - 차도통행중,안전운전불이행,건조,맑음,단일로 - 기타,승용,남,55세,상해없음,보행자,남,68세,중상
2017092600100207,2017년 9월 26일 10시,화요일,서울특별시 구로구 궁동,중상사고,0,1,0,0,차대사람 - 횡단중,신호위반,건조,맑음,교차로 - 교차로횡단보도내,승용,남,56세,상해없음,보행자,여,74세,중상
2017092600100208,2017년 9월 26일 10시,화요일,서울특별시 서초구 내곡동,경상사고,0,0,1,0,차대사람 - 횡단중,신호위반,건조,맑음,단일로 - 기타,승용,남,69세,상해없음,보행자,남,71세,경상
2017092600100333,2017년 9월 26일 14시,화요일,서울특별시 광진구 구의동,경상사고,0,0,1,0,차대사람 - 횡단중,안전운전불이행,건조,맑음,단일로 - 기타,승용,남,63세,상해없음,보행자,여,70세,경상
2017092600100338,2017년 9월 26일 14시,화요일,서울특별시 강남구 자곡동,경상사고,0,0,1,0,차대사람 - 기타,신호위반,건조,맑음,교차로 - 교차로안,승용,남,33세,상해없음,보행자,여,69세,경상
2017092600100372,2017년 9월 26일 15시,화요일,서울특별시 종로구 평창동,경상사고,0,0,1,0,차대사람 - 기타,안전운전불이행,건조,맑음,단일로 - 기타,승용,여,70세,상해없음,보행자,여,72세,경상
2017092600100375,2017년 9월 26일 15시,화요일,서울특별시 성동구 성수동2가,경상사고,0,0,1,0,차대사람 - 횡단중,보행자보호의무위반,건조,맑음,교차로 - 교차로횡단보도내,승용,남,38세,상해없음,보행자,여,76세,경상
2017092600100412,2017년 9월 26일 16시,화요일,서울특별시 중구 흥인동,중상사고,0,1,0,0,차대사람 - 기타,안전운전불이행,건조,맑음,교차로 - 교차로안,화물,남,43세,상해없음,보행자,남,71세,중상
2017092600100493,2017년 9월 26일 18시,화요일,서울특별시 구로구 구로동,경상사고,0,0,1,0,차대사람 - 기타,기타,건조,맑음,기타 - 기타,승용,남,50세,상해없음,보행자,남,66세,경상
2017092600100698,2017년 9월 26일 23시,화요일,서울특별시 마포구 동교동,중상사고,0,1,0,0,차대사람 - 차도통행중,안전운전불이행,젖음/습기,흐림,단일로 - 기타,승용,남,39세,상해없음,보행자,여,79세,중상
2017092700100204,2017년 9월 27일 09시,수요일,서울특별시 용산구 용문동,경상사고,0,0,1,0,차대사람 - 기타,안전운전불이행,건조,맑음,교차로 - 교차로부근,기타불명,기타불명,미분류,기타불명,보행자,여,77세,경상
2017092700100318,2017년 9월 27일 12시,수요일,서울특별시 영등포구 신길동,중상사고,0,1,0,0,차대사람 - 차도통행중,안전운전불이행,건조,맑음,기타 - 기타,승용,남,37세,상해없음,보행자,여,72세,중상
2017092700100320,2017년 9월 27일 12시,수요일,서울특별시 중랑구 면목동,경상사고,0,0,1,0,차대사람 - 기타,안전운전불이행,건조,흐림,단일로 - 기타,승용,남,52세,상해없음,보행자,여,70세,경상
2017092700100357,2017년 9월 27일 13시,수요일,서울특별시 도봉구 도봉동,경상사고,0,0,1,0,차대사람 - 길가장자리구역통행중,안전운전불이행,건조,맑음,교차로 - 교차로안,화물,남,54세,상해없음,보행자,여,68세,경상
2017092700100425,2017년 9월 27일 15시,수요일,서울특별시 은평구 구산동,경상사고,0,0,1,0,차대사람 - 기타,안전운전불이행,건조,맑음,교차로 - 교차로안,승용,남,60세,상해없음,보행자,남,67세,경상
2017092700100466,2017년 9월 27일 16시,수요일,서울특별시 동작구 대방동,경상사고,0,0,1,0,차대사람 - 기타,안전운전불이행,건조,맑음,단일로 - 기타,승합,남,57세,상해없음,보행자,여,71세,경상
2017092700100533,2017년 9월 27일 18시,수요일,서울특별시 동작구 대방동,중상사고,0,1,0,0,차대사람 - 보도통행중,안전운전불이행,건조,맑음,교차로 - 교차로횡단보도내,승용,여,42세,상해없음,보행자,여,76세,중상
2017092800100141,2017년 9월 28일 08시,목요일,서울특별시 영등포구 신길동,중상사고,0,1,0,0,차대사람 - 횡단중,안전운전불이행,건조,맑음,교차로 - 교차로안,승용,여,41세,상해없음,보행자,여,72세,중상
2017092800100220,2017년 9월 28일 10시,목요일,서울특별시 용산구 이태원동,중상사고,0,1,0,0,차대사람 - 횡단중,기타,건조,맑음,기타 - 기타,승용,남,40세,상해없음,보행자,남,75세,중상
2017092800100273,2017년 9월 28일 11시,목요일,서울특별시 양천구 신월동,중상사고,0,1,0,0,차대사람 - 횡단중,보행자보호의무위반,건조,맑음,교차로 - 교차로안,승용,남,51세,상해없음,보행자,여,69세,중상
2017092800100419,2017년 9월 28일 15시,목요일,서울특별시 은평구 대조동,중상사고,0,1,0,0,차대사람 - 횡단중,신호위반,건조,맑음,단일로 - 기타,건설기계,남,68세,상해없음,보행자,여,80세,중상
2017092800100461,2017년 9월 28일 16시,목요일,서울특별시 구로구 구로동,중상사고,0,1,0,0,차대사람 - 기타,안전운전불이행,건조,맑음,기타 - 기타,승합,남,51세,상해없음,보행자,여,66세,중상
2017092800100508,2017년 9월 28일 17시,목요일,서울특별시 도봉구 방학동,경상사고,0,0,1,0,차대사람 - 보도통행중,불법유턴,건조,맑음,교차로 - 교차로안,승용,여,41세,상해없음,보행자,남,66세,경상
2017092800100611,2017년 9월 28일 19시,목요일,서울특별시 송파구 석촌동,부상신고사고,0,0,0,1,차대사람 - 기타,안전운전불이행,건조,맑음,단일로 - 기타,승용,여,32세,상해없음,보행자,남,74세,부상신고
2017092800100697,2017년 9월 28일 21시,목요일,서울특별시 성동구 도선동,경상사고,0,0,1,0,차대사람 - 차도통행중,안전운전불이행,건조,맑음,교차로 - 교차로횡단보도내,화물,남,37세,상해없음,보행자,남,67세,경상
2017092800100698,2017년 9월 28일 21시,목요일,서울특별시 관악구 신림동,경상사고,0,0,1,0,차대사람 - 기타,안전운전불이행,건조,맑음,단일로 - 기타,승합,남,59세,상해없음,보행자,여,68세,경상
2017092900100056,2017년 9월 29일 01시,금요일,서울특별시 강남구 역삼동,사망사고,1,0,0,0,차대사람 - 기타,안전운전불이행,건조,맑음,단일로 - 기타,승용,남,37세,상해없음,보행자,여,75세,사망
2017092900100096,2017년 9월 29일 05시,금요일,서울특별시 강남구 논현동,사망사고,1,0,0,0,차대사람 - 보도통행중,신호위반,건조,맑음,교차로 - 교차로부근,승용,남,34세,상해없음,보행자,남,65세,사망
2017092900100236,2017년 9월 29일 09시,금요일,서울특별시 강서구 화곡동,부상신고사고,0,0,0,1,차대사람 - 차도통행중,안전운전불이행,건조,맑음,교차로 - 교차로부근,승합,남,53세,상해없음,보행자,남,75세,부상신고
2017092900100267,2017년 9월 29일 10시,금요일,서울특별시 강서구 가양동,중상사고,0,1,0,0,차대사람 - 보도통행중,보행자보호의무위반,건조,맑음,교차로 - 교차로횡단보도내,승용,남,35세,상해없음,보행자,여,75세,중상
2017092900100452,2017년 9월 29일 15시,금요일,서울특별시 강북구 번동,중상사고,0,1,0,0,차대사람 - 기타,안전운전불이행,건조,맑음,교차로 - 교차로부근,승합,남,40세,상해없음,보행자,여,76세,중상
2017092900100502,2017년 9월 29일 16시,금요일,서울특별시 중랑구 망우동,경상사고,0,0,1,0,차대사람 - 보도통행중,보행자보호의무위반,건조,맑음,교차로 - 교차로횡단보도내,승합,남,67세,상해없음,보행자,남,65세,경상
2017092900100553,2017년 9월 29일 17시,금요일,서울특별시 광진구 구의동,중상사고,0,1,0,0,차대사람 - 기타,안전운전불이행,건조,맑음,교차로 - 교차로안,원동기,남,67세,상해없음,보행자,여,79세,중상
2017092900100778,2017년 9월 29일 21시,금요일,서울특별시 강동구 둔촌동,경상사고,0,0,1,0,차대사람 - 기타,안전운전불이행,건조,맑음,교차로 - 교차로안,화물,남,57세,상해없음,보행자,여,68세,경상
2017093000100029,2017년 9월 30일 00시,토요일,서울특별시 중랑구 면목동,중상사고,0,1,0,0,차대사람 - 기타,안전운전불이행,건조,맑음,단일로 - 기타,화물,남,68세,상해없음,보행자,여,85세,중상
2017093000100129,2017년 9월 30일 08시,토요일,서울특별시 관악구 신림동,경상사고,0,0,1,0,차대사람 - 기타,안전운전불이행,건조,맑음,교차로 - 교차로안,화물,남,47세,기타불명,보행자,여,68세,경상
2017093000100156,2017년 9월 30일 09시,토요일,서울특별시 양천구 신정동,경상사고,0,0,1,0,차대사람 - 횡단중,보행자보호의무위반,건조,맑음,교차로 - 교차로부근,화물,남,45세,상해없음,보행자,여,79세,경상
2017093000100332,2017년 9월 30일 14시,토요일,서울특별시 은평구 역촌동,경상사고,0,0,1,0,차대사람 - 길가장자리구역통행중,안전운전불이행,건조,맑음,교차로 - 교차로부근,화물,남,61세,상해없음,보행자,남,65세,경상
2017093000100447,2017년 9월 30일 17시,토요일,서울특별시 종로구 종로3가,경상사고,0,0,3,0,차대사람 - 기타,안전운전불이행,건조,맑음,교차로 - 교차로부근,승합,남,53세,상해없음,보행자,남,28세,경상
2017093000100451,2017년 9월 30일 17시,토요일,서울특별시 강서구 화곡동,중상사고,0,1,0,0,차대사람 - 횡단중,신호위반,건조,맑음,교차로 - 교차로횡단보도내,승용,남,51세,상해없음,보행자,여,85세,중상
2017093000100578,2017년 9월 30일 20시,토요일,서울특별시 금천구 시흥동,중상사고,0,1,0,0,차대사람 - 기타,안전운전불이행,건조,맑음,기타 - 기타,승용,남,43세,상해없음,보행자,남,78세,중상
2017100100100092,2017년 10월 1일 04시,일요일,서울특별시 광진구 구의동,경상사고,0,0,1,0,차대사람 - 기타,기타,건조,맑음,단일로 - 기타,승용,남,34세,상해없음,보행자,여,67세,경상
2017100100100339,2017년 10월 1일 17시,일요일,서울특별시 용산구 이태원동,경상사고,0,0,1,0,차대사람 - 기타,안전운전불이행,젖음/습기,맑음,단일로 - 기타,승합,남,67세,상해없음,보행자,여,80세,경상
2017100100100401,2017년 10월 1일 19시,일요일,서울특별시 용산구 이태원동,중상사고,0,1,0,0,차대사람 - 기타,안전운전불이행,건조,맑음,단일로 - 기타,승용,남,58세,상해없음,보행자,여,65세,중상
2017100100100468,2017년 10월 1일 20시,일요일,서울특별시 노원구 공릉동,중상사고,0,1,0,0,차대사람 - 횡단중,신호위반,젖음/습기,흐림,교차로 - 교차로횡단보도내,이륜,남,17세,상해없음,보행자,여,66세,중상
2017100200100104,2017년 10월 2일 05시,월요일,서울특별시 서대문구 홍제동,사망사고,1,0,0,0,차대사람 - 횡단중,보행자보호의무위반,건조,맑음,단일로 - 기타,승합,남,48세,상해없음,보행자,남,77세,사망
2017100300100073,2017년 10월 3일 06시,화요일,서울특별시 강북구 수유동,경상사고,0,0,1,0,차대사람 - 길가장자리구역통행중,안전운전불이행,건조,맑음,단일로 - 기타,화물,남,62세,상해없음,보행자,남,78세,경상
2017100300100075,2017년 10월 3일 06시,화요일,서울특별시 구로구 구로동,중상사고,0,1,0,0,차대사람 - 차도통행중,안전운전불이행,건조,맑음,교차로 - 교차로안,승용,남,67세,상해없음,보행자,여,70세,중상
2017100300100183,2017년 10월 3일 13시,화요일,서울특별시 강남구 삼성동,중상사고,0,1,0,0,차대사람 - 보도통행중,기타,건조,맑음,단일로 - 기타,승용,남,27세,상해없음,보행자,남,77세,중상
2017100300100209,2017년 10월 3일 14시,화요일,서울특별시 송파구 문정동,중상사고,0,1,0,0,차대사람 - 보도통행중,안전운전불이행,건조,맑음,교차로 - 교차로횡단보도내,승용,남,62세,상해없음,보행자,여,74세,중상
2017100300100351,2017년 10월 3일 20시,화요일,서울특별시 마포구 망원동,중상사고,0,1,0,0,차대사람 - 횡단중,안전운전불이행,건조,맑음,단일로 - 기타,이륜,남,20세,상해없음,보행자,여,74세,중상
2017100400100331,2017년 10월 4일 20시,수요일,서울특별시 관악구 봉천동,중상사고,0,2,0,1,차대사람 - 횡단중,신호위반,건조,맑음,단일로 - 기타,원동기,남,18세,부상신고,보행자,남,19세,중상
2017100500100070,2017년 10월 5일 06시,목요일,서울특별시 노원구 공릉동,중상사고,0,1,0,0,차대사람 - 보도통행중,기타,건조,맑음,단일로 - 기타,개인형이동수단(PM),남,48세,상해없음,보행자,여,90세 이상,중상
2017100500100168,2017년 10월 5일 14시,목요일,서울특별시 강동구 천호동,중상사고,0,1,0,0,차대사람 - 기타,안전운전불이행,건조,맑음,교차로 - 교차로안,화물,남,53세,상해없음,보행자,남,76세,중상
2017100500100217,2017년 10월 5일 16시,목요일,서울특별시 관악구 신림동,경상사고,0,0,1,0,차대사람 - 횡단중,안전운전불이행,건조,맑음,기타 - 기타,자전거,남,30세,상해없음,보행자,남,69세,경상
2017100500100283,2017년 10월 5일 19시,목요일,서울특별시 중구 남대문로5가,중상사고,0,1,0,0,차대사람 - 횡단중,안전운전불이행,건조,맑음,단일로 - 기타,승용,남,20세,상해없음,보행자,여,67세,중상
2017100600100128,2017년 10월 6일 09시,금요일,서울특별시 용산구 한강로3가,경상사고,0,0,1,0,차대사람 - 기타,안전운전불이행,건조,맑음,단일로 - 기타,승합,남,51세,상해없음,보행자,여,74세,경상
2017100600100141,2017년 10월 6일 10시,금요일,서울특별시 강동구 성내동,중상사고,0,1,0,0,차대사람 - 기타,안전운전불이행,건조,흐림,단일로 - 기타,화물,남,38세,상해없음,보행자,여,77세,중상
2017100600100256,2017년 10월 6일 16시,금요일,서울특별시 동작구 노량진동,경상사고,0,0,1,0,차대사람 - 기타,안전운전불이행,건조,맑음,단일로 - 기타,자전거,남,48세,상해없음,보행자,여,77세,경상
2017100700100091,2017년 10월 7일 07시,토요일,서울특별시 종로구 홍지동,중상사고,0,1,0,0,차대사람 - 차도통행중,안전운전불이행,건조,맑음,단일로 - 기타,승용,남,62세,상해없음,보행자,여,74세,중상
2017100700100180,2017년 10월 7일 12시,토요일,서울특별시 노원구 상계동,중상사고,0,1,0,0,차대사람 - 횡단중,안전운전불이행,건조,맑음,교차로 - 교차로부근,승용,남,34세,상해없음,보행자,여,70세,중상
2017100700100356,2017년 10월 7일 18시,토요일,서울특별시 동대문구 신설동,중상사고,0,1,0,0,차대사람 - 기타,안전운전불이행,건조,맑음,단일로 - 기타,승용,남,77세,상해없음,보행자,남,72세,중상
2017100700100451,2017년 10월 7일 21시,토요일,서울특별시 종로구 인사동,중상사고,0,1,0,0,차대사람 - 기타,안전운전불이행,건조,맑음,기타 - 기타,승용,남,45세,상해없음,보행자,남,68세,중상
2017100700100476,2017년 10월 7일 22시,토요일,서울특별시 동작구 상도동,경상사고,0,0,1,0,차대사람 - 차도통행중,안전운전불이행,건조,맑음,단일로 - 기타,승용,여,51세,상해없음,보행자,여,75세,경상
2017100800100212,2017년 10월 8일 15시,일요일,서울특별시 은평구 수색동,중상사고,0,1,0,0,차대사람 - 횡단중,안전운전불이행,건조,맑음,교차로 - 교차로부근,승용,남,67세,상해없음,보행자,여,76세,중상
2017100800100266,2017년 10월 8일 17시,일요일,서울특별시 동대문구 제기동,경상사고,0,0,1,0,차대사람 - 횡단중,안전운전불이행,건조,맑음,단일로 - 기타,승용,남,66세,상해없음,보행자,남,74세,경상
2017100800100328,2017년 10월 8일 19시,일요일,서울특별시 성동구 행당동,경상사고,0,0,1,0,차대사람 - 횡단중,신호위반,건조,맑음,교차로 - 교차로횡단보도내,자전거,남,25세,상해없음,보행자,여,74세,경상
2017100800100356,2017년 10월 8일 20시,일요일,서울특별시 강남구 신사동,중상사고,0,1,0,0,차대사람 - 기타,보행자보호의무위반,기타,맑음,기타 - 기타,승용,남,40세,상해없음,보행자,여,65세,중상
2017100800100375,2017년 10월 8일 21시,일요일,서울특별시 강동구 길동,중상사고,0,1,0,0,차대사람 - 횡단중,안전운전불이행,건조,흐림,교차로 - 교차로부근,승용,남,38세,상해없음,보행자,남,69세,중상
2017100900100066,2017년 10월 9일 05시,월요일,서울특별시 구로구 온수동,중상사고,0,1,0,0,차대사람 - 길가장자리구역통행중,안전운전불이행,건조,맑음,교차로 - 교차로부근,승용,여,55세,상해없음,보행자,여,72세,중상
2017100900100104,2017년 10월 9일 09시,월요일,서울특별시 금천구 독산동,경상사고,0,0,1,0,차대사람 - 기타,기타,건조,맑음,단일로 - 기타,화물,남,56세,상해없음,보행자,여,70세,경상
2017100900100139,2017년 10월 9일 11시,월요일,서울특별시 강동구 성내동,경상사고,0,0,2,0,차대차 - 측면충돌,안전운전불이행,건조,맑음,단일로 - 기타,원동기,남,27세,기타불명,자전거,남,71세,상해없음
2017100900100227,2017년 10월 9일 15시,월요일,서울특별시 양천구 목동,경상사고,0,0,1,0,차대사람 - 기타,안전운전불이행,건조,맑음,단일로 - 기타,승용,여,47세,상해없음,보행자,여,75세,경상
2017100900100403,2017년 10월 9일 20시,월요일,서울특별시 영등포구 영등포동3가,중상사고,0,2,0,0,차대사람 - 기타,안전운전불이행,건조,맑음,단일로 - 기타,이륜,남,26세,상해없음,보행자,여,65세,중상
2017100900100404,2017년 10월 9일 20시,월요일,서울특별시 중랑구 망우동,경상사고,0,0,1,0,차대사람 - 기타,기타,건조,맑음,기타 - 기타,승용,남,47세,상해없음,보행자,남,69세,경상
2017101000100207,2017년 10월 10일 11시,화요일,서울특별시 영등포구 영등포동3가,경상사고,0,0,1,0,차대사람 - 기타,안전운전불이행,건조,맑음,교차로 - 교차로부근,화물,여,30세,상해없음,보행자,여,71세,경상
2017101000100296,2017년 10월 10일 14시,화요일,서울특별시 관악구 봉천동,경상사고,0,0,1,0,차대사람 - 기타,안전운전불이행,건조,맑음,단일로 - 기타,승용,남,64세,상해없음,보행자,남,71세,경상
2017101000100392,2017년 10월 10일 17시,화요일,서울특별시 성북구 정릉동,중상사고,0,1,0,0,차대사람 - 차도통행중,안전운전불이행,건조,흐림,교차로 - 교차로안,승용,남,66세,상해없음,보행자,남,89세,중상
2017101000100588,2017년 10월 10일 23시,화요일,서울특별시 성북구 장위동,사망사고,1,0,0,0,차대차 - 기타,안전운전불이행,젖음/습기,비,단일로 - 기타,승용,남,64세,상해없음,승용,여,55세,상해없음
2017101100100085,2017년 10월 11일 06시,수요일,서울특별시 관악구 신림동,중상사고,0,1,0,0,차대사람 - 기타,안전운전불이행,건조,맑음,교차로 - 교차로안,승용,여,62세,상해없음,보행자,여,72세,중상
2017101100100340,2017년 10월 11일 15시,수요일,서울특별시 동대문구 전농동,중상사고,0,1,0,0,차대사람 - 횡단중,안전운전불이행,건조,맑음,단일로 - 기타,자전거,남,9세,상해없음,보행자,여,66세,중상
2017101100100368,2017년 10월 11일 16시,수요일,서울특별시 송파구 삼전동,중상사고,0,1,0,0,차대사람 - 기타,안전운전불이행,건조,맑음,교차로 - 교차로부근,승용,남,59세,상해없음,보행자,여,86세,중상
2017101100100371,2017년 10월 11일 16시,수요일,서울특별시 도봉구 쌍문동,경상사고,0,0,1,0,차대사람 - 기타,안전운전불이행,건조,맑음,단일로 - 기타,승합,남,67세,상해없음,보행자,여,76세,경상
2017101100100430,2017년 10월 11일 18시,수요일,서울특별시 강북구 미아동,경상사고,0,0,1,0,차대사람 - 차도통행중,안전운전불이행,건조,맑음,단일로 - 기타,승합,남,41세,상해없음,보행자,남,74세,경상
2017101200100142,2017년 10월 12일 09시,목요일,서울특별시 송파구 가락동,중상사고,0,1,0,0,차대사람 - 횡단중,안전운전불이행,건조,맑음,단일로 - 기타,화물,남,42세,상해없음,보행자,여,80세,중상
2017101200100202,2017년 10월 12일 11시,목요일,서울특별시 강남구 역삼동,중상사고,0,1,0,0,차대사람 - 차도통행중,안전운전불이행,건조,맑음,단일로 - 기타,이륜,남,29세,상해없음,보행자,여,66세,중상
2017101200100292,2017년 10월 12일 14시,목요일,서울특별시 용산구 효창동,중상사고,0,1,0,0,차대사람 - 횡단중,신호위반,건조,맑음,단일로 - 기타,승용,여,32세,상해없음,보행자,여,69세,중상
2017101200100329,2017년 10월 12일 15시,목요일,서울특별시 종로구 신문로2가,경상사고,0,0,1,0,차대사람 - 횡단중,안전운전불이행,건조,맑음,단일로 - 기타,승용,여,57세,상해없음,보행자,여,67세,경상
2017101200100330,2017년 10월 12일 15시,목요일,서울특별시 동대문구 답십리동,중상사고,0,1,1,0,차대사람 - 횡단중,안전운전불이행,건조,맑음,단일로 - 기타,이륜,남,72세,경상,보행자,여,87세,중상
2017101200100429,2017년 10월 12일 18시,목요일,서울특별시 영등포구 영등포동5가,중상사고,0,1,0,0,차대사람 - 횡단중,신호위반,건조,맑음,단일로 - 기타,승용,여,56세,상해없음,보행자,남,78세,중상
2017101300100067,2017년 10월 13일 05시,금요일,서울특별시 강동구 상일동,경상사고,0,0,1,0,차대사람 - 횡단중,보행자보호의무위반,건조,맑음,단일로 - 기타,승용,남,47세,상해없음,보행자,남,75세,경상
2017101300100082,2017년 10월 13일 06시,금요일,서울특별시 관악구 봉천동,중상사고,0,1,0,0,차대사람 - 횡단중,안전운전불이행,건조,맑음,단일로 - 기타,승용,남,22세,상해없음,보행자,여,79세,중상
2017101300100136,2017년 10월 13일 08시,금요일,서울특별시 영등포구 영등포동7가,중상사고,0,1,0,0,차대사람 - 차도통행중,안전운전불이행,건조,맑음,단일로 - 기타,승용,여,49세,상해없음,보행자,남,66세,중상
2017101300100177,2017년 10월 13일 09시,금요일,서울특별시 서초구 서초동,중상사고,0,1,0,0,차대사람 - 기타,안전운전불이행,건조,맑음,단일로 - 기타,화물,남,61세,상해없음,보행자,남,69세,중상
2017101300100214,2017년 10월 13일 10시,금요일,서울특별시 동대문구 휘경동,사망사고,1,0,0,0,차대사람 - 횡단중,신호위반,건조,맑음,기타 - 기타,화물,남,70세,상해없음,보행자,여,72세,사망
2017101300100218,2017년 10월 13일 10시,금요일,서울특별시 구로구 오류동,중상사고,0,1,0,0,차대사람 - 횡단중,안전운전불이행,건조,맑음,교차로 - 교차로안,승용,남,26세,상해없음,보행자,여,69세,중상
2017101300100219,2017년 10월 13일 10시,금요일,서울특별시 노원구 중계동,경상사고,0,0,1,0,차대사람 - 횡단중,안전운전불이행,건조,맑음,교차로 - 교차로안,승용,여,28세,상해없음,보행자,여,79세,경상
2017101300100332,2017년 10월 13일 14시,금요일,서울특별시 은평구 응암동,경상사고,0,0,1,0,차대사람 - 보도통행중,기타,건조,맑음,기타 - 기타,승용,여,61세,상해없음,보행자,여,85세,경상
2017101300100377,2017년 10월 13일 15시,금요일,서울특별시 구로구 구로동,경상사고,0,0,1,0,차대사람 - 기타,기타,건조,맑음,단일로 - 기타,승합,남,48세,상해없음,보행자,남,66세,경상
2017101300100459,2017년 10월 13일 17시,금요일,서울특별시 양천구 신정동,사망사고,1,0,0,0,차대사람 - 횡단중,보행자보호의무위반,건조,맑음,단일로 - 기타,승용,남,60세,상해없음,보행자,여,85세,사망