사고번호,사고일시,요일,시군구,사고내용,사망자수,중상자수,경상자수,부상신고자수,사고유형,법규위반,노면상태,기상상태,도로형태,가해운전자 차종,가해운전자 성별,가해운전자 연령,가해운전자 상해정도,피해운전자 차종,피해운전자 성별,피해운전자 연령,피해운전자 상해정도
2017101300100564,2017년 10월 13일 19시,금요일,서울특별시 중구 중림동,경상사고,0,0,1,0,차대사람 - 기타,안전운전불이행,건조,맑음,단일로 - 기타,승용,남,59세,상해없음,보행자,남,65세,경상
2017101400100415,2017년 10월 14일 16시,토요일,서울특별시 노원구 공릉동,경상사고,0,0,1,0,차대사람 - 횡단중,안전운전불이행,건조,맑음,단일로 - 교량,승용,남,66세,상해없음,보행자,남,80세,경상
2017101400100525,2017년 10월 14일 19시,토요일,서울특별시 강서구 가양동,경상사고,0,0,1,0,차대사람 - 기타,안전운전불이행,건조,맑음,단일로 - 기타,승용,남,59세,상해없음,보행자,남,67세,경상
2017101500100081,2017년 10월 15일 05시,일요일,서울특별시 성북구 종암동,중상사고,0,1,0,0,차대사람 - 횡단중,신호위반,건조,맑음,단일로 - 기타,승용,남,55세,상해없음,보행자,여,83세,중상
2017101500100129,2017년 10월 15일 09시,일요일,서울특별시 영등포구 당산동4가,사망사고,1,1,0,0,차대사람 - 기타,안전운전불이행,건조,맑음,단일로 - 기타,승용,남,28세,중상,보행자,여,89세,사망
2017101500100130,2017년 10월 15일 09시,일요일,서울특별시 양천구 신정동,중상사고,0,1,0,0,차대사람 - 횡단중,신호위반,건조,맑음,교차로 - 교차로부근,승용,남,42세,상해없음,보행자,여,69세,중상
2017101500100145,2017년 10월 15일 10시,일요일,서울특별시 중구 만리동1가,중상사고,0,1,0,0,차대사람 - 횡단중,안전운전불이행,건조,맑음,단일로 - 기타,승용,남,67세,상해없음,보행자,여,78세,중상
2017101500100147,2017년 10월 15일 10시,일요일,서울특별시 강북구 수유동,중상사고,0,1,0,0,차대사람 - 기타,안전운전불이행,건조,맑음,교차로 - 교차로안,승용,남,72세,상해없음,보행자,남,68세,중상
2017101500100178,2017년 10월 15일 12시,일요일,서울특별시 노원구 월계동,중상사고,0,1,0,0,차대사람 - 횡단중,안전운전불이행,건조,맑음,단일로 - 기타,승용,남,44세,상해없음,보행자,여,68세,중상
2017101500100396,2017년 10월 15일 19시,일요일,서울특별시 동작구 노량진동,경상사고,0,0,1,0,차대사람 - 횡단중,안전운전불이행,건조,맑음,단일로 - 기타,이륜,남,19세,상해없음,보행자,여,69세,경상
2017101500100422,2017년 10월 15일 20시,일요일,서울특별시 중구 황학동,중상사고,0,1,0,0,차대사람 - 기타,안전운전불이행,건조,맑음,교차로 - 교차로횡단보도내,승용,여,28세,상해없음,보행자,남,75세,중상
2017101500100478,2017년 10월 15일 22시,일요일,서울특별시 용산구 후암동,중상사고,0,1,0,0,차대사람 - 기타,안전운전불이행,건조,맑음,단일로 - 기타,이륜,남,48세,상해없음,보행자,남,66세,중상
2017101600100098,2017년 10월 16일 08시,월요일,서울특별시 강북구 미아동,중상사고,0,1,0,0,차대사람 - 기타,안전운전불이행,건조,맑음,단일로 - 기타,승용,남,34세,상해없음,보행자,남,78세,중상
2017101600100136,2017년 10월 16일 09시,월요일,서울특별시 마포구 합정동,부상신고사고,0,0,0,1,차대사람 - 기타,기타,건조,맑음,단일로 - 기타,기타불명,기타불명,미분류,기타불명,보행자,여,68세,부상신고
2017101600100137,2017년 10월 16일 09시,월요일,서울특별시 중랑구 면목동,중상사고,0,1,0,0,차대사람 - 횡단중,안전운전불이행,건조,맑음,단일로 - 기타,승용,남,33세,상해없음,보행자,여,77세,중상
2017101600100222,2017년 10월 16일 12시,월요일,서울특별시 구로구 고척동,중상사고,0,1,0,0,차대사람 - 횡단중,신호위반,건조,맑음,교차로 - 교차로안,승용,남,69세,상해없음,보행자,여,70세,중상
2017101600100360,2017년 10월 16일 16시,월요일,서울특별시 성동구 금호동3가,중상사고,0,1,0,0,차대사람 - 기타,보행자보호의무위반,건조,맑음,교차로 - 교차로안,화물,남,33세,상해없음,보행자,여,78세,중상
2017101700100082,2017년 10월 17일 06시,화요일,서울특별시 중랑구 묵동,중상사고,0,1,0,0,차대사람 - 횡단중,안전운전불이행,건조,맑음,교차로 - 교차로안,승용,남,70세,상해없음,보행자,여,81세,중상
2017101700100178,2017년 10월 17일 09시,화요일,서울특별시 은평구 진관동,중상사고,0,1,0,0,차대사람 - 횡단중,보행자보호의무위반,건조,맑음,교차로 - 교차로횡단보도내,승용,남,75세,상해없음,보행자,여,75세,중상
2017101700100212,2017년 10월 17일 10시,화요일,서울특별시 중랑구 묵동,중상사고,0,1,0,0,차대사람 - 횡단중,보행자보호의무위반,건조,맑음,교차로 - 교차로횡단보도내,승합,남,58세,상해없음,보행자,여,71세,중상
2017101700100253,2017년 10월 17일 11시,화요일,서울특별시 강남구 대치동,중상사고,0,3,0,1,차대사람 - 기타,안전운전불이행,건조,맑음,단일로 - 기타,승용,남,70세,상해없음,보행자,여,66세,중상
2017101700100276,2017년 10월 17일 12시,화요일,서울특별시 동작구 흑석동,중상사고,0,1,0,0,차대사람 - 보도통행중,기타,건조,맑음,교차로 - 교차로안,화물,남,37세,상해없음,보행자,여,79세,중상
2017101700100330,2017년 10월 17일 14시,화요일,서울특별시 중구 신당동,중상사고,0,1,0,0,차대사람 - 기타,보행자보호의무위반,건조,맑음,교차로 - 교차로부근,승용,여,37세,상해없음,보행자,남,70세,중상
2017101700100333,2017년 10월 17일 14시,화요일,서울특별시 강동구 길동,경상사고,0,0,1,0,차대사람 - 기타,안전운전불이행,건조,맑음,단일로 - 기타,승용,남,62세,기타불명,보행자,여,69세,경상
2017101700100335,2017년 10월 17일 14시,화요일,서울특별시 서초구 잠원동,경상사고,0,0,1,0,차대사람 - 기타,안전운전불이행,건조,맑음,단일로 - 기타,기타불명,기타불명,미분류,기타불명,보행자,남,65세,경상
2017101700100437,2017년 10월 17일 17시,화요일,서울특별시 동대문구 제기동,경상사고,0,0,1,0,차대사람 - 기타,기타,건조,맑음,교차로 - 교차로횡단보도내,승용,남,42세,상해없음,보행자,여,75세,경상
2017101700100440,2017년 10월 17일 17시,화요일,서울특별시 성북구 종암동,중상사고,0,1,0,0,차대사람 - 차도통행중,안전운전불이행,건조,맑음,교차로 - 교차로부근,승용,여,49세,상해없음,보행자,여,83세,중상
2017101800100046,2017년 10월 18일 02시,수요일,서울특별시 영등포구 신길동,중상사고,0,1,0,0,차대사람 - 보도통행중,안전운전불이행,건조,맑음,교차로 - 교차로횡단보도내,승용,남,23세,기타불명,보행자,남,77세,중상
2017101800100063,2017년 10월 18일 05시,수요일,서울특별시 종로구 필운동,중상사고,0,1,0,1,차대사람 - 보도통행중,안전운전불이행,건조,맑음,기타 - 기타,이륜,남,25세,부상신고,보행자,남,82세,중상
2017101800100083,2017년 10월 18일 06시,수요일,서울특별시 서초구 방배동,경상사고,0,0,1,0,차대사람 - 차도통행중,안전운전불이행,건조,맑음,단일로 - 기타,화물,남,52세,상해없음,보행자,여,71세,경상
2017101800100216,2017년 10월 18일 11시,수요일,서울특별시 송파구 풍납동,중상사고,0,1,0,0,차대사람 - 기타,보행자보호의무위반,건조,맑음,교차로 - 교차로횡단보도내,화물,남,49세,상해없음,보행자,여,81세,중상
2017101800100265,2017년 10월 18일 13시,수요일,서울특별시 도봉구 방학동,중상사고,0,1,0,0,차대사람 - 기타,안전운전불이행,건조,맑음,교차로 - 교차로안,승용,남,72세,상해없음,보행자,여,72세,중상
2017101800100375,2017년 10월 18일 17시,수요일,서울특별시 동대문구 휘경동,경상사고,0,0,1,0,차대사람 - 기타,안전운전불이행,건조,맑음,교차로 - 교차로횡단보도내,화물,남,60세,상해없음,보행자,여,80세,경상
2017101800100524,2017년 10월 18일 20시,수요일,서울특별시 용산구 보광동,중상사고,0,1,0,0,차대사람 - 횡단중,안전운전불이행,건조,맑음,단일로 - 기타,이륜,남,31세,상해없음,보행자,여,77세,중상
2017101900100054,2017년 10월 19일 03시,목요일,서울특별시 금천구 독산동,중상사고,0,1,0,1,차대사람 - 차도통행중,안전운전불이행,건조,기타,단일로 - 기타,승용,남,61세,상해없음,보행자,남,69세,중상
2017101900100182,2017년 10월 19일 09시,목요일,서울특별시 용산구 한남동,경상사고,0,0,1,0,차대사람 - 기타,안전운전불이행,건조,맑음,단일로 - 기타,화물,남,61세,상해없음,보행자,남,79세,경상
2017101900100343,2017년 10월 19일 15시,목요일,서울특별시 동대문구 장안동,중상사고,0,1,0,0,차대사람 - 차도통행중,안전운전불이행,건조,맑음,기타 - 기타,승용,남,23세,상해없음,보행자,여,72세,중상
2017101900100345,2017년 10월 19일 15시,목요일,서울특별시 강동구 천호동,경상사고,0,0,1,0,차대사람 - 차도통행중,안전운전불이행,건조,맑음,단일로 - 기타,승용,여,33세,상해없음,보행자,여,72세,경상
2017101900100536,2017년 10월 19일 19시,목요일,서울특별시 송파구 삼전동,부상신고사고,0,0,0,1,차대사람 - 기타,기타,건조,흐림,단일로 - 기타,승용,남,61세,상해없음,보행자,남,73세,부상신고
2017101900100539,2017년 10월 19일 19시,목요일,서울특별시 관악구 남현동,중상사고,0,1,0,0,차대사람 - 기타,안전운전불이행,건조,맑음,단일로 - 기타,승합,남,58세,상해없음,보행자,여,80세,중상
2017101900100593,2017년 10월 19일 21시,목요일,서울특별시 관악구 봉천동,중상사고,0,1,0,0,차대사람 - 횡단중,안전운전불이행,건조,맑음,단일로 - 기타,이륜,남,40세,상해없음,보행자,여,74세,중상
2017101900100624,2017년 10월 19일 22시,목요일,서울특별시 강남구 역삼동,중상사고,0,1,0,0,차대사람 - 기타,안전운전불이행,기타,맑음,단일로 - 기타,승합,남,34세,상해없음,보행자,남,70세,중상
2017102000100086,2017년 10월 20일 06시,금요일,서울특별시 성북구 장위동,사망사고,1,0,0,0,차대사람 - 차도통행중,안전운전불이행,건조,흐림,교차로 - 교차로횡단보도내,승용,남,65세,상해없음,보행자,여,74세,사망
2017102000100294,2017년 10월 20일 12시,금요일,서울특별시 동대문구 용두동,사망사고,2,0,0,0,차대사람 - 기타,중앙선침범,건조,맑음,단일로 - 기타,승용,남,57세,상해없음,보행자,남,76세,사망
2017102000100298,2017년 10월 20일 12시,금요일,서울특별시 구로구 구로동,중상사고,0,1,0,0,차대사람 - 횡단중,안전운전불이행,건조,맑음,단일로 - 기타,이륜,남,26세,상해없음,보행자,남,66세,중상
2017102000100300,2017년 10월 20일 12시,금요일,서울특별시 노원구 중계동,중상사고,0,1,0,0,차대사람 - 횡단중,보행자보호의무위반,건조,맑음,교차로 - 교차로횡단보도내,승용,여,50세,상해없음,보행자,여,67세,중상
2017102000100331,2017년 10월 20일 13시,금요일,서울특별시 서대문구 홍제동,경상사고,0,0,1,0,차대사람 - 기타,안전운전불이행,건조,맑음,단일로 - 기타,원동기,남,33세,상해없음,보행자,여,68세,경상
2017102000100372,2017년 10월 20일 14시,금요일,서울특별시 강북구 수유동,경상사고,0,0,2,0,차대사람 - 기타,안전운전불이행,건조,맑음,단일로 - 기타,화물,남,61세,상해없음,보행자,여,54세,경상
2017102000100373,2017년 10월 20일 14시,금요일,서울특별시 관악구 봉천동,경상사고,0,0,1,0,차대사람 - 길가장자리구역통행중,안전운전불이행,건조,맑음,단일로 - 기타,승용,남,23세,상해없음,보행자,남,65세,경상
2017102000100513,2017년 10월 20일 17시,금요일,서울특별시 중랑구 면목동,중상사고,0,1,0,0,차대사람 - 기타,안전운전불이행,건조,맑음,교차로 - 교차로안,특수,남,51세,상해없음,보행자,남,70세,중상
2017102000100555,2017년 10월 20일 18시,금요일,서울특별시 금천구 독산동,중상사고,0,1,0,0,차대사람 - 차도통행중,안전운전불이행,건조,맑음,교차로 - 교차로부근,승용,여,58세,상해없음,보행자,여,69세,중상
2017102000100562,2017년 10월 20일 18시,금요일,서울특별시 노원구 공릉동,중상사고,0,1,0,0,차대사람 - 기타,보행자보호의무위반,건조,맑음,단일로 - 기타,승용,남,65세,상해없음,보행자,여,72세,중상
2017102000100565,2017년 10월 20일 18시,금요일,서울특별시 서초구 방배동,경상사고,0,0,1,0,차대사람 - 횡단중,안전운전불이행,건조,맑음,단일로 - 기타,승용,남,30세,상해없음,보행자,여,67세,경상
2017102100100112,2017년 10월 21일 05시,토요일,서울특별시 강동구 길동,중상사고,0,1,0,0,차대사람 - 횡단중,보행자보호의무위반,건조,흐림,교차로 - 교차로횡단보도내,승용,남,52세,상해없음,보행자,남,80세,중상
2017102100100175,2017년 10월 21일 08시,토요일,서울특별시 동작구 신대방동,중상사고,0,1,0,0,차대사람 - 기타,안전운전불이행,건조,맑음,단일로 - 터널,승합,남,50세,상해없음,보행자,여,77세,중상
2017102100100176,2017년 10월 21일 08시,토요일,서울특별시 강동구 암사동,경상사고,0,0,1,0,차대사람 - 기타,안전운전불이행,건조,맑음,단일로 - 기타,승용,여,60세,상해없음,보행자,여,88세,경상
2017102100100285,2017년 10월 21일 11시,토요일,서울특별시 성동구 도선동,중상사고,0,1,0,0,차대사람 - 기타,안전운전불이행,건조,맑음,단일로 - 기타,화물,남,64세,상해없음,보행자,남,78세,중상
2017102100100288,2017년 10월 21일 11시,토요일,서울특별시 강동구 길동,중상사고,0,1,0,0,차대사람 - 차도통행중,안전운전불이행,건조,맑음,단일로 - 기타,승용,여,35세,상해없음,보행자,여,66세,중상
2017102100100324,2017년 10월 21일 12시,토요일,서울특별시 성북구 삼선동5가,경상사고,0,0,1,0,차대사람 - 횡단중,안전운전불이행,건조,맑음,교차로 - 교차로횡단보도내,승용,남,33세,상해없음,보행자,여,77세,경상
2017102100100325,2017년 10월 21일 12시,토요일,서울특별시 강북구 우이동,중상사고,0,1,0,0,차대사람 - 횡단중,안전운전불이행,건조,맑음,단일로 - 기타,승용,남,62세,상해없음,보행자,남,76세,중상
2017102100100359,2017년 10월 21일 13시,토요일,서울특별시 중랑구 상봉동,중상사고,0,1,0,0,차대사람 - 기타,안전운전불이행,건조,맑음,단일로 - 기타,승용,남,35세,상해없음,보행자,여,86세,중상
2017102100100407,2017년 10월 21일 14시,토요일,서울특별시 강남구 개포동,중상사고,0,1,1,0,차대차 - 측면충돌,안전운전불이행,건조,맑음,교차로 - 교차로부근,승용,여,37세,상해없음,승용,여,58세,중상
2017102200100073,2017년 10월 22일 03시,일요일,서울특별시 광진구 화양동,경상사고,0,0,1,0,차대사람 - 기타,안전운전불이행,건조,맑음,단일로 - 기타,승용,남,23세,상해없음,보행자,남,83세,경상
2017102200100095,2017년 10월 22일 05시,일요일,서울특별시 노원구 상계동,중상사고,0,1,0,0,차대사람 - 차도통행중,안전운전불이행,건조,맑음,단일로 - 기타,승용,남,62세,상해없음,보행자,여,83세,중상
2017102200100165,2017년 10월 22일 10시,일요일,서울특별시 성북구 석관동,경상사고,0,0,1,0,차대사람 - 차도통행중,안전운전불이행,건조,맑음,기타 - 기타,승용,여,44세,상해없음,보행자,여,78세,경상
2017102200100508,2017년 10월 22일 20시,일요일,서울특별시 중구 봉래동2가,중상사고,0,1,0,0,차대사람 - 기타,안전운전불이행,건조,맑음,단일로 - 기타,승용,남,63세,상해없음,보행자,남,76세,중상
2017102300100120,2017년 10월 23일 08시,월요일,서울특별시 강동구 명일동,중상사고,0,1,0,0,차대사람 - 기타,안전운전불이행,건조,맑음,단일로 - 기타,승합,남,46세,상해없음,보행자,여,81세,중상
2017102300100166,2017년 10월 23일 09시,월요일,서울특별시 서대문구 북가좌동,경상사고,0,0,1,0,차대사람 - 기타,보행자보호의무위반,건조,맑음,교차로 - 교차로횡단보도내,화물,남,58세,상해없음,보행자,여,65세,경상
2017102300100169,2017년 10월 23일 09시,월요일,서울특별시 도봉구 창동,중상사고,0,1,0,0,차대사람 - 기타,신호위반,건조,맑음,교차로 - 교차로안,승합,남,65세,상해없음,보행자,남,76세,중상
2017102300100259,2017년 10월 23일 12시,월요일,서울특별시 용산구 한남동,중상사고,0,1,0,0,차대사람 - 횡단중,안전운전불이행,건조,맑음,교차로 - 교차로횡단보도내,이륜,남,43세,상해없음,보행자,남,77세,중상
2017102300100260,2017년 10월 23일 12시,월요일,서울특별시 동대문구 이문동,중상사고,0,1,0,0,차대사람 - 횡단중,안전운전불이행,건조,맑음,단일로 - 기타,승용,남,56세,상해없음,보행자,남,68세,중상
2017102300100284,2017년 10월 23일 13시,월요일,서울특별시 송파구 풍납동,경상사고,0,0,1,0,차대사람 - 횡단중,안전운전불이행,건조,맑음,교차로 - 교차로안,승용,남,58세,상해없음,보행자,여,72세,경상
2017102300100286,2017년 10월 23일 13시,월요일,서울특별시 성북구 하월곡동,경상사고,0,0,1,0,차대사람 - 차도통행중,안전운전불이행,건조,맑음,교차로 - 교차로부근,화물,남,65세,상해없음,보행자,남,83세,경상
2017102300100324,2017년 10월 23일 14시,월요일,서울특별시 강남구 일원동,중상사고,0,1,0,0,차대사람 - 보도통행중,안전운전불이행,건조,맑음,교차로 - 교차로횡단보도내,자전거,남,26세,상해없음,보행자,남,68세,중상
2017102300100369,2017년 10월 23일 15시,월요일,서울특별시 구로구 구로동,중상사고,0,1,0,0,차대사람 - 횡단중,안전운전불이행,건조,맑음,교차로 - 교차로안,화물,남,36세,상해없음,보행자,여,73세,중상
2017102300100453,2017년 10월 23일 17시,월요일,서울특별시 도봉구 방학동,중상사고,0,1,0,0,차대사람 - 보도통행중,기타,건조,맑음,교차로 - 교차로부근,기타불명,기타불명,미분류,기타불명,보행자,여,81세,중상
2017102300100612,2017년 10월 23일 20시,월요일,서울특별시 서대문구 홍은동,중상사고,0,1,0,1,차대사람 - 횡단중,과속,건조,맑음,교차로 - 교차로안,이륜,남,63세,부상신고,보행자,여,73세,중상
2017102300100651,2017년 10월 23일 21시,월요일,서울특별시 동작구 상도동,경상사고,0,0,1,0,차대사람 - 차도통행중,안전운전불이행,건조,맑음,단일로 - 기타,승용,남,29세,상해없음,보행자,남,70세,경상
2017102400100129,2017년 10월 24일 08시,화요일,서울특별시 강북구 미아동,중상사고,0,1,0,0,차대사람 - 기타,안전운전불이행,건조,맑음,교차로 - 교차로안,승합,남,49세,상해없음,보행자,여,76세,중상
2017102400100131,2017년 10월 24일 08시,화요일,서울특별시 동대문구 이문동,경상사고,0,0,1,0,차대사람 - 횡단중,안전운전불이행,건조,맑음,단일로 - 기타,승합,남,67세,상해없음,보행자,여,76세,경상
2017102400100215,2017년 10월 24일 10시,화요일,서울특별시 동작구 신대방동,경상사고,0,0,1,0,차대사람 - 횡단중,안전운전불이행,건조,맑음,교차로 - 교차로횡단보도내,화물,남,63세,상해없음,보행자,남,87세,경상
2017102400100221,2017년 10월 24일 10시,화요일,서울특별시 구로구 개봉동,부상신고사고,0,0,0,1,차대사람 - 길가장자리구역통행중,안전운전불이행,건조,맑음,교차로 - 교차로안,승용,남,46세,상해없음,보행자,남,78세,부상신고
2017102400100245,2017년 10월 24일 11시,화요일,서울특별시 서대문구 홍제동,사망사고,1,0,0,0,차대사람 - 횡단중,안전운전불이행,건조,맑음,단일로 - 기타,건설기계,남,26세,상해없음,보행자,남,72세,사망
2017102400100317,2017년 10월 24일 13시,화요일,서울특별시 종로구 봉익동,경상사고,0,0,1,0,차대사람 - 차도통행중,안전운전불이행,건조,맑음,단일로 - 기타,승용,남,38세,기타불명,보행자,여,66세,경상
2017102400100662,2017년 10월 24일 22시,화요일,서울특별시 동작구 신대방동,중상사고,0,1,0,0,차대사람 - 횡단중,안전운전불이행,건조,맑음,단일로 - 기타,승용,남,49세,상해없음,보행자,남,75세,중상
2017102500100122,2017년 10월 25일 08시,수요일,서울특별시 강북구 수유동,중상사고,0,1,0,0,차대사람 - 횡단중,안전운전불이행,건조,맑음,단일로 - 기타,승합,남,47세,상해없음,보행자,여,87세,중상
2017102500100129,2017년 10월 25일 08시,수요일,서울특별시 금천구 독산동,경상사고,0,0,1,0,차대사람 - 기타,안전운전불이행,건조,맑음,단일로 - 기타,화물,남,50세,상해없음,보행자,여,72세,경상
2017102500100358,2017년 10월 25일 14시,수요일,서울특별시 노원구 중계동,중상사고,0,1,0,0,차대사람 - 횡단중,신호위반,건조,맑음,교차로 - 교차로안,승용,남,28세,상해없음,보행자,여,67세,중상
2017102500100386,2017년 10월 25일 15시,수요일,서울특별시 은평구 수색동,중상사고,0,1,0,0,차대사람 - 횡단중,안전운전불이행,건조,맑음,교차로 - 교차로안,화물,남,37세,상해없음,보행자,여,86세,중상
2017102500100388,2017년 10월 25일 15시,수요일,서울특별시 광진구 중곡동,중상사고,0,1,0,0,차대사람 - 횡단중,안전운전불이행,건조,맑음,단일로 - 기타,승용,여,61세,상해없음,보행자,여,72세,중상
2017102500100594,2017년 10월 25일 19시,수요일,서울특별시 동대문구 답십리동,경상사고,0,0,1,0,차대사람 - 횡단중,보행자보호의무위반,건조,맑음,단일로 - 기타,승용,남,43세,상해없음,보행자,여,77세,경상
2017102600100073,2017년 10월 26일 06시,목요일,서울특별시 영등포구 대림동,중상사고,0,1,0,0,차대사람 - 기타,안전운전불이행,건조,맑음,단일로 - 기타,승용,남,45세,상해없음,보행자,여,70세,중상
2017102600100117,2017년 10월 26일 08시,목요일,서울특별시 성동구 금호동4가,중상사고,0,1,0,0,차대사람 - 길가장자리구역통행중,안전운전불이행,건조,맑음,기타 - 기타,승용,남,32세,상해없음,보행자,여,80세,중상
2017102600100121,2017년 10월 26일 08시,목요일,서울특별시 강동구 천호동,부상신고사고,0,0,0,1,차대사람 - 기타,안전거리미확보,건조,맑음,단일로 - 교량,기타불명,기타불명,미분류,기타불명,보행자,여,77세,부상신고
2017102600100211,2017년 10월 26일 11시,목요일,서울특별시 서초구 잠원동,중상사고,0,1,0,0,차대사람 - 보도통행중,보행자보호의무위반,건조,맑음,교차로 - 교차로횡단보도내,화물,남,67세,상해없음,보행자,여,84세,중상
2017102600100259,2017년 10월 26일 13시,목요일,서울특별시 서대문구 북아현동,경상사고,0,0,1,0,차대사람 - 횡단중,보행자보호의무위반,건조,맑음,교차로 - 교차로안,화물,남,25세,상해없음,보행자,남,73세,경상
2017102600100293,2017년 10월 26일 14시,목요일,서울특별시 마포구 도화동,경상사고,0,0,1,0,차대사람 - 기타,안전운전불이행,건조,맑음,단일로 - 기타,승용,남,54세,상해없음,보행자,여,69세,경상
2017102600100295,2017년 10월 26일 14시,목요일,서울특별시 서초구 잠원동,경상사고,0,0,1,0,차대사람 - 기타,보행자보호의무위반,건조,맑음,단일로 - 기타,승용,여,57세,상해없음,보행자,남,90세 이상,경상
2017102600100559,2017년 10월 26일 20시,목요일,서울특별시 강남구 일원동,중상사고,0,1,0,0,차대사람 - 기타,안전운전불이행,건조,맑음,단일로 - 기타,승용,남,46세,상해없음,보행자,남,65세,중상
2017102700100176,2017년 10월 27일 09시,금요일,서울특별시 서대문구 남가좌동,중상사고,0,1,0,0,차대사람 - 차도통행중,신호위반,건조,맑음,교차로 - 교차로안,승용,남,65세,상해없음,보행자,남,81세,중상
2017102700100177,2017년 10월 27일 09시,금요일,서울특별시 강북구 수유동,중상사고,0,1,0,0,차대사람 - 보도통행중,신호위반,건조,맑음,교차로 - 교차로횡단보도내,승합,남,47세,상해없음,보행자,여,67세,중상
2017102700100210,2017년 10월 27일 10시,금요일,서울특별시 양천구 목동,경상사고,0,0,1,0,차대사람 - 보도통행중,안전운전불이행,건조,맑음,단일로 - 기타,승용,여,26세,상해없음,보행자,남,75세,경상
2017102700100391,2017년 10월 27일 15시,금요일,서울특별시 강북구 수유동,중상사고,0,1,0,0,차대사람 - 횡단중,안전운전불이행,건조,맑음,단일로 - 고가도로위,화물,남,45세,상해없음,보행자,여,79세,중상
2017102700100393,2017년 10월 27일 15시,금요일,서울특별시 동작구 사당동,경상사고,0,0,1,0,차대사람 - 횡단중,안전운전불이행,건조,맑음,교차로 - 교차로부근,화물,남,58세,상해없음,보행자,남,78세,경상
2017102700100427,2017년 10월 27일 16시,금요일,서울특별시 광진구 중곡동,경상사고,0,0,3,0,차대사람 - 기타,안전운전불이행,건조,맑음,단일로 - 기타,승용,남,76세,상해없음,보행자,여,57세,경상
2017102700100525,2017년 10월 27일 18시,금요일,서울특별시 마포구 성산동,중상사고,0,1,0,0,차대사람 - 기타,안전운전불이행,건조,맑음,단일로 - 기타,승합,남,53세,상해없음,보행자,여,68세,중상
2017102700100531,2017년 10월 27일 18시,금요일,서울특별시 서초구 반포동,중상사고,0,1,0,0,차대사람 - 횡단중,안전운전불이행,건조,맑음,기타 - 기타,승용,여,38세,상해없음,보행자,여,77세,중상
2017102700100605,2017년 10월 27일 19시,금요일,서울특별시 성북구 장위동,중상사고,0,1,0,0,차대사람 - 기타,기타,건조,맑음,단일로 - 기타,승합,남,48세,상해없음,보행자,남,66세,중상
2017102800100100,2017년 10월 28일 05시,토요일,서울특별시 구로구 구로동,부상신고사고,0,0,0,1,차대사람 - 횡단중,안전운전불이행,건조,맑음,단일로 - 기타,승용,남,61세,상해없음,보행자,남,79세,부상신고
2017102800100219,2017년 10월 28일 10시,토요일,서울특별시 송파구 가락동,중상사고,0,1,0,0,차대사람 - 기타,안전운전불이행,건조,맑음,기타 - 기타,기타불명,남,48세,상해없음,보행자,여,81세,중상
2017102800100419,2017년 10월 28일 15시,토요일,서울특별시 용산구 후암동,경상사고,0,0,1,0,차대사람 - 횡단중,보행자보호의무위반,건조,맑음,기타 - 기타,화물,남,52세,상해없음,보행자,여,70세,경상
2017102800100424,2017년 10월 28일 15시,토요일,서울특별시 동작구 흑석동,경상사고,0,0,1,0,차대사람 - 길가장자리구역통행중,안전운전불이행,건조,맑음,단일로 - 기타,기타불명,기타불명,미분류,기타불명,보행자,남,69세,경상
2017102800100425,2017년 10월 28일 15시,토요일,서울특별시 양천구 신월동,경상사고,0,0,1,0,차대사람 - 차도통행중,안전운전불이행,건조,맑음,교차로 - 교차로안,승용,여,57세,상해없음,보행자,여,72세,경상
2017102800100480,2017년 10월 28일 16시,토요일,서울특별시 영등포구 대림동,중상사고,0,1,0,0,차대사람 - 기타,안전운전불이행,건조,맑음,단일로 - 기타,승합,남,49세,상해없음,보행자,여,90세 이상,중상
2017102800100524,2017년 10월 28일 17시,토요일,서울특별시 성동구 용답동,경상사고,0,0,1,0,차대사람 - 기타,안전운전불이행,건조,흐림,단일로 - 기타,이륜,남,59세,상해없음,보행자,여,78세,경상
2017102800100640,2017년 10월 28일 19시,토요일,서울특별시 송파구 가락동,중상사고,0,1,0,0,차대사람 - 횡단중,안전운전불이행,건조,맑음,단일로 - 기타,승용,남,59세,상해없음,보행자,여,74세,중상
2017102800100778,2017년 10월 28일 23시,토요일,서울특별시 강서구 가양동,부상신고사고,0,0,0,1,차대차 - 후진중충돌,안전운전불이행,건조,맑음,교차로 - 교차로부근,승용,여,22세,상해없음,승용,남,31세,기타불명
2017102900100038,2017년 10월 29일 01시,일요일,서울특별시 영등포구 당산동1가,중상사고,0,1,2,0,차대사람 - 기타,안전운전불이행,건조,맑음,교차로 - 교차로횡단보도내,승용,남,60세,상해없음,보행자,남,65세,중상
2017102900100128,2017년 10월 29일 09시,일요일,서울특별시 영등포구 문래동1가,부상신고사고,0,0,0,1,차대사람 - 기타,기타,건조,맑음,단일로 - 기타,화물,남,50세,상해없음,보행자,남,77세,부상신고
2017102900100387,2017년 10월 29일 18시,일요일,서울특별시 노원구 상계동,중상사고,0,1,0,0,차대사람 - 기타,안전운전불이행,건조,맑음,단일로 - 기타,승합,남,60세,기타불명,보행자,여,74세,중상
2017102900100500,2017년 10월 29일 21시,일요일,서울특별시 관악구 신림동,경상사고,0,0,1,0,차대사람 - 차도통행중,안전운전불이행,건조,맑음,단일로 - 기타,이륜,남,35세,상해없음,보행자,여,68세,경상