사고번호,사고일시,요일,시군구,사고내용,사망자수,중상자수,경상자수,부상신고자수,사고유형,법규위반,노면상태,기상상태,도로형태,가해운전자 차종,가해운전자 성별,가해운전자 연령,가해운전자 상해정도,피해운전자 차종,피해운전자 성별,피해운전자 연령,피해운전자 상해정도
2017103000100080,2017년 10월 30일 06시,월요일,서울특별시 성북구 종암동,경상사고,0,0,1,0,차대사람 - 차도통행중,안전운전불이행,건조,맑음,교차로 - 교차로안,승용,남,38세,상해없음,보행자,남,69세,경상
2017103000100110,2017년 10월 30일 07시,월요일,서울특별시 도봉구 창동,중상사고,0,1,1,0,차대사람 - 횡단중,신호위반,건조,맑음,단일로 - 기타,이륜,남,27세,상해없음,보행자,남,74세,중상
2017103000100141,2017년 10월 30일 08시,월요일,서울특별시 동작구 사당동,경상사고,0,0,1,0,차대사람 - 기타,안전운전불이행,건조,맑음,단일로 - 기타,승용,여,62세,상해없음,보행자,남,72세,경상
2017103000100201,2017년 10월 30일 09시,월요일,서울특별시 동작구 사당동,중상사고,0,1,0,0,차대사람 - 횡단중,안전운전불이행,건조,맑음,교차로 - 교차로부근,승용,남,51세,상해없음,보행자,여,80세,중상
2017103000100267,2017년 10월 30일 11시,월요일,서울특별시 강북구 번동,사망사고,1,0,0,0,차대사람 - 횡단중,안전운전불이행,건조,맑음,교차로 - 교차로부근,건설기계,남,58세,상해없음,보행자,여,76세,사망
2017103000100413,2017년 10월 30일 15시,월요일,서울특별시 은평구 진관동,사망사고,1,0,0,0,차대사람 - 횡단중,보행자보호의무위반,건조,맑음,교차로 - 교차로안,승용,남,73세,상해없음,보행자,남,90세 이상,사망
2017103000100456,2017년 10월 30일 16시,월요일,서울특별시 서대문구 북가좌동,중상사고,0,1,0,0,차대사람 - 횡단중,안전운전불이행,건조,맑음,단일로 - 기타,승용,남,47세,상해없음,보행자,여,65세,중상
2017103000100627,2017년 10월 30일 19시,월요일,서울특별시 송파구 잠실동,중상사고,0,1,0,0,차대사람 - 보도통행중,안전운전불이행,건조,맑음,단일로 - 기타,승용,남,64세,상해없음,보행자,여,80세,중상
2017103100100049,2017년 10월 31일 04시,화요일,서울특별시 동작구 상도동,사망사고,1,0,0,0,차대사람 - 횡단중,보행자보호의무위반,건조,맑음,교차로 - 교차로부근,화물,남,48세,상해없음,보행자,여,72세,사망
2017103100100085,2017년 10월 31일 07시,화요일,서울특별시 성북구 동소문동7가,중상사고,0,1,0,0,차대사람 - 횡단중,보행자보호의무위반,건조,맑음,단일로 - 기타,승용,여,47세,상해없음,보행자,여,74세,중상
2017103100100086,2017년 10월 31일 07시,화요일,서울특별시 영등포구 양평동2가,중상사고,0,1,0,0,차대사람 - 기타,안전운전불이행,건조,맑음,기타 - 기타,승용,여,50세,상해없음,보행자,여,79세,중상
2017103100100186,2017년 10월 31일 09시,화요일,서울특별시 강남구 개포동,중상사고,0,1,0,0,차대사람 - 보도통행중,기타,건조,맑음,기타 - 기타,승용,남,60세,상해없음,보행자,여,72세,중상
2017103100100296,2017년 10월 31일 12시,화요일,서울특별시 종로구 신문로1가,중상사고,0,1,0,0,차대사람 - 기타,안전운전불이행,건조,맑음,단일로 - 기타,승용,여,50세,상해없음,보행자,여,81세,중상
2017103100100323,2017년 10월 31일 13시,화요일,서울특별시 중구 황학동,경상사고,0,0,1,0,차대사람 - 기타,안전운전불이행,건조,맑음,단일로 - 기타,이륜,남,34세,상해없음,보행자,여,90세 이상,경상
2017103100100326,2017년 10월 31일 13시,화요일,서울특별시 강서구 화곡동,중상사고,0,1,0,0,차대사람 - 횡단중,보행자보호의무위반,건조,맑음,교차로 - 교차로부근,승용,남,49세,상해없음,보행자,남,71세,중상
2017103100100364,2017년 10월 31일 14시,화요일,서울특별시 마포구 망원동,중상사고,0,1,0,0,차대사람 - 보도통행중,보행자보호의무위반,건조,맑음,교차로 - 교차로횡단보도내,건설기계,남,33세,상해없음,보행자,여,75세,중상
2017103100100370,2017년 10월 31일 14시,화요일,서울특별시 양천구 신정동,부상신고사고,0,0,0,1,차대사람 - 기타,안전운전불이행,건조,맑음,단일로 - 기타,승합,남,50세,상해없음,보행자,남,75세,부상신고
2017103100100416,2017년 10월 31일 15시,화요일,서울특별시 서초구 방배동,중상사고,0,1,0,0,차대사람 - 횡단중,보행자보호의무위반,건조,맑음,단일로 - 기타,승용,남,76세,상해없음,보행자,여,77세,중상
2017103100100509,2017년 10월 31일 17시,화요일,서울특별시 강북구 수유동,경상사고,0,0,1,0,차대사람 - 기타,기타,건조,맑음,교차로 - 교차로부근,승용,남,73세,상해없음,보행자,남,71세,경상
2017103100100684,2017년 10월 31일 21시,화요일,서울특별시 중구 무학동,중상사고,0,1,0,1,차대사람 - 기타,안전운전불이행,건조,맑음,단일로 - 기타,화물,남,58세,상해없음,보행자,남,59세,중상
2017103100100713,2017년 10월 31일 22시,화요일,서울특별시 성북구 동소문동5가,경상사고,0,0,1,0,차대사람 - 기타,안전운전불이행,건조,맑음,단일로 - 기타,승용,남,63세,상해없음,보행자,남,65세,경상
2017110100100114,2017년 11월 1일 07시,수요일,서울특별시 강서구 화곡동,중상사고,0,1,0,0,차대사람 - 차도통행중,안전운전불이행,건조,맑음,교차로 - 교차로안,승용,남,54세,상해없음,보행자,여,71세,중상
2017110100100243,2017년 11월 1일 11시,수요일,서울특별시 강북구 미아동,경상사고,0,0,1,0,차대사람 - 기타,안전운전불이행,건조,맑음,단일로 - 기타,승합,남,56세,상해없음,보행자,여,73세,경상
2017110100100244,2017년 11월 1일 11시,수요일,서울특별시 금천구 시흥동,경상사고,0,0,1,0,차대사람 - 차도통행중,안전운전불이행,건조,맑음,교차로 - 교차로안,승용,여,15세,상해없음,보행자,남,77세,경상
2017110100100245,2017년 11월 1일 11시,수요일,서울특별시 동작구 흑석동,중상사고,0,1,0,0,차대사람 - 횡단중,보행자보호의무위반,건조,맑음,기타 - 기타,화물,남,46세,상해없음,보행자,여,80세,중상
2017110100100278,2017년 11월 1일 12시,수요일,서울특별시 금천구 시흥동,중상사고,0,1,0,0,차대사람 - 기타,안전운전불이행,건조,맑음,교차로 - 교차로안,화물,남,25세,상해없음,보행자,남,79세,중상
2017110100100280,2017년 11월 1일 12시,수요일,서울특별시 관악구 봉천동,중상사고,0,1,0,0,차대사람 - 횡단중,안전운전불이행,건조,맑음,단일로 - 기타,승용,남,34세,상해없음,보행자,여,84세,중상
2017110100100500,2017년 11월 1일 18시,수요일,서울특별시 중구 신당동,중상사고,0,1,0,0,차대사람 - 기타,기타,건조,맑음,단일로 - 기타,이륜,남,46세,상해없음,보행자,남,69세,중상
2017110100100502,2017년 11월 1일 18시,수요일,서울특별시 성북구 길음동,중상사고,0,1,0,0,차대사람 - 횡단중,안전운전불이행,건조,맑음,단일로 - 기타,이륜,남,28세,상해없음,보행자,여,70세,중상
2017110100100635,2017년 11월 1일 20시,수요일,서울특별시 중구 신당동,중상사고,0,1,0,0,차대사람 - 기타,안전운전불이행,건조,맑음,단일로 - 기타,승용,여,28세,상해없음,보행자,여,74세,중상
2017110200100182,2017년 11월 2일 10시,목요일,서울특별시 금천구 시흥동,경상사고,0,0,1,0,차대사람 - 기타,안전운전불이행,건조,맑음,기타 - 기타,승용,남,57세,상해없음,보행자,여,71세,경상
2017110200100274,2017년 11월 2일 14시,목요일,서울특별시 은평구 신사동,중상사고,0,1,0,0,차대사람 - 기타,기타,건조,맑음,단일로 - 기타,승용,남,55세,상해없음,보행자,여,71세,중상
2017110200100300,2017년 11월 2일 15시,목요일,서울특별시 종로구 평창동,경상사고,0,0,1,0,차대사람 - 기타,신호위반,젖음/습기,흐림,교차로 - 교차로횡단보도내,원동기,남,16세,상해없음,보행자,여,67세,경상
2017110200100371,2017년 11월 2일 17시,목요일,서울특별시 은평구 수색동,중상사고,0,1,0,0,차대사람 - 기타,안전운전불이행,건조,맑음,단일로 - 기타,승합,남,51세,상해없음,보행자,여,67세,중상
2017110200100411,2017년 11월 2일 18시,목요일,서울특별시 종로구 내수동,중상사고,0,1,0,0,차대사람 - 횡단중,안전운전불이행,건조,맑음,기타 - 기타,승용,남,46세,상해없음,보행자,여,67세,중상
2017110200100462,2017년 11월 2일 19시,목요일,서울특별시 중구 필동1가,경상사고,0,0,1,0,차대사람 - 횡단중,안전운전불이행,건조,맑음,기타 - 기타,승용,여,53세,상해없음,보행자,남,70세,경상
2017110200100564,2017년 11월 2일 22시,목요일,서울특별시 구로구 오류동,경상사고,0,0,1,0,차대사람 - 횡단중,안전운전불이행,건조,맑음,단일로 - 기타,이륜,남,23세,상해없음,보행자,여,66세,경상
2017110300100078,2017년 11월 3일 05시,금요일,서울특별시 관악구 신림동,경상사고,0,0,1,0,차대사람 - 횡단중,안전운전불이행,건조,맑음,단일로 - 기타,승합,남,43세,상해없음,보행자,남,73세,경상
2017110300100146,2017년 11월 3일 08시,금요일,서울특별시 서초구 방배동,경상사고,0,0,1,0,차대사람 - 횡단중,보행자보호의무위반,건조,맑음,기타 - 기타,화물,남,70세,상해없음,보행자,남,66세,경상
2017110300100224,2017년 11월 3일 10시,금요일,서울특별시 은평구 수색동,중상사고,0,1,0,0,차대사람 - 차도통행중,안전운전불이행,젖음/습기,비,교차로 - 교차로부근,승용,남,57세,상해없음,보행자,여,69세,중상
2017110300100273,2017년 11월 3일 11시,금요일,서울특별시 송파구 방이동,중상사고,0,1,0,0,차대사람 - 횡단중,보행자보호의무위반,건조,맑음,교차로 - 교차로횡단보도내,건설기계,남,32세,상해없음,보행자,여,71세,중상
2017110300100297,2017년 11월 3일 12시,금요일,서울특별시 용산구 한강로3가,중상사고,0,1,0,0,차대사람 - 보도통행중,기타,건조,맑음,기타 - 기타,승용,남,58세,상해없음,보행자,여,76세,중상
2017110300100336,2017년 11월 3일 13시,금요일,서울특별시 구로구 개봉동,중상사고,0,1,0,0,차대사람 - 길가장자리구역통행중,안전운전불이행,건조,맑음,단일로 - 기타,승용,남,57세,상해없음,보행자,여,76세,중상
2017110300100337,2017년 11월 3일 13시,금요일,서울특별시 구로구 신도림동,중상사고,0,1,0,0,차대사람 - 횡단중,안전운전불이행,건조,맑음,교차로 - 교차로횡단보도내,승합,남,49세,상해없음,보행자,여,85세,중상
2017110300100690,2017년 11월 3일 21시,금요일,서울특별시 송파구 장지동,중상사고,0,1,0,0,차대사람 - 횡단중,안전운전불이행,건조,맑음,단일로 - 기타,승용,여,39세,상해없음,보행자,남,65세,중상
2017110400100129,2017년 11월 4일 08시,토요일,서울특별시 성북구 종암동,경상사고,0,0,1,0,차대사람 - 횡단중,보행자보호의무위반,건조,맑음,단일로 - 기타,승용,여,38세,상해없음,보행자,여,66세,경상
2017110400100181,2017년 11월 4일 10시,토요일,서울특별시 도봉구 창동,중상사고,0,1,0,0,차대사람 - 기타,보행자보호의무위반,기타,맑음,교차로 - 교차로횡단보도내,화물,남,37세,상해없음,보행자,남,74세,중상
2017110400100207,2017년 11월 4일 11시,토요일,서울특별시 종로구 종로4가,부상신고사고,0,0,0,1,차대사람 - 횡단중,안전운전불이행,건조,맑음,단일로 - 기타,화물,남,50세,상해없음,보행자,남,84세,부상신고
2017110400100210,2017년 11월 4일 11시,토요일,서울특별시 동대문구 전농동,사망사고,1,0,0,0,차대사람 - 차도통행중,안전운전불이행,건조,맑음,단일로 - 기타,승용,남,36세,상해없음,보행자,남,82세,사망
2017110400100275,2017년 11월 4일 13시,토요일,서울특별시 강서구 화곡동,경상사고,0,0,1,0,차대사람 - 기타,안전운전불이행,건조,맑음,단일로 - 기타,승용,남,19세,상해없음,보행자,여,73세,경상
2017110400100307,2017년 11월 4일 14시,토요일,서울특별시 광진구 구의동,경상사고,0,0,1,0,차대사람 - 횡단중,보행자보호의무위반,건조,맑음,교차로 - 교차로안,승용,여,47세,상해없음,보행자,여,65세,경상
2017110400100309,2017년 11월 4일 14시,토요일,서울특별시 강동구 천호동,중상사고,0,1,0,0,차대사람 - 기타,안전운전불이행,건조,맑음,교차로 - 교차로안,자전거,남,40세,상해없음,보행자,여,65세,중상
2017110400100339,2017년 11월 4일 15시,토요일,서울특별시 종로구 혜화동,경상사고,0,0,1,0,차대사람 - 기타,안전운전불이행,건조,맑음,교차로 - 교차로부근,승합,남,48세,상해없음,보행자,남,74세,경상
2017110400100341,2017년 11월 4일 15시,토요일,서울특별시 광진구 군자동,중상사고,0,1,0,0,차대사람 - 기타,안전운전불이행,건조,맑음,단일로 - 기타,승용,여,36세,상해없음,보행자,여,83세,중상
2017110400100376,2017년 11월 4일 16시,토요일,서울특별시 영등포구 신길동,경상사고,0,0,1,0,차대사람 - 기타,안전운전불이행,건조,맑음,단일로 - 기타,승합,남,27세,상해없음,보행자,남,72세,경상
2017110400100419,2017년 11월 4일 17시,토요일,서울특별시 종로구 숭인동,중상사고,0,1,0,0,차대사람 - 횡단중,안전운전불이행,건조,맑음,단일로 - 기타,승합,남,43세,상해없음,보행자,남,68세,중상
2017110400100457,2017년 11월 4일 18시,토요일,서울특별시 영등포구 당산동1가,경상사고,0,0,1,0,차대사람 - 횡단중,안전운전불이행,건조,맑음,교차로 - 교차로횡단보도내,승용,남,54세,상해없음,보행자,남,76세,경상
2017110400100629,2017년 11월 4일 23시,토요일,서울특별시 영등포구 영등포동5가,사망사고,1,0,0,0,차대사람 - 횡단중,안전운전불이행,건조,맑음,단일로 - 기타,승용,남,52세,상해없음,보행자,여,79세,사망
2017110500100233,2017년 11월 5일 14시,일요일,서울특별시 동작구 노량진동,중상사고,0,1,0,0,차대사람 - 횡단중,안전운전불이행,건조,맑음,교차로 - 교차로안,승용,남,34세,상해없음,보행자,여,78세,중상
2017110500100371,2017년 11월 5일 18시,일요일,서울특별시 광진구 중곡동,중상사고,0,1,0,0,차대사람 - 횡단중,안전운전불이행,건조,맑음,단일로 - 기타,이륜,남,29세,상해없음,보행자,여,81세,중상
2017110600100053,2017년 11월 6일 05시,월요일,서울특별시 금천구 가산동,중상사고,0,1,0,0,차대사람 - 기타,안전운전불이행,건조,맑음,교차로 - 교차로안,승용,남,57세,상해없음,보행자,남,77세,중상
2017110600100155,2017년 11월 6일 09시,월요일,서울특별시 성북구 길음동,경상사고,0,0,1,0,차대사람 - 보도통행중,기타,건조,맑음,단일로 - 기타,화물,남,51세,상해없음,보행자,여,85세,경상
2017110600100215,2017년 11월 6일 11시,월요일,서울특별시 영등포구 문래동3가,사망사고,1,0,0,0,차대사람 - 횡단중,안전운전불이행,건조,맑음,단일로 - 기타,승합,남,30세,상해없음,보행자,남,74세,사망
2017110600100313,2017년 11월 6일 14시,월요일,서울특별시 성북구 석관동,경상사고,0,0,1,0,차대사람 - 횡단중,보행자보호의무위반,건조,맑음,교차로 - 교차로횡단보도내,자전거,남,59세,상해없음,보행자,여,71세,경상
2017110600100341,2017년 11월 6일 15시,월요일,서울특별시 동대문구 제기동,경상사고,0,0,1,0,차대사람 - 횡단중,안전운전불이행,건조,맑음,교차로 - 교차로횡단보도내,이륜,남,31세,상해없음,보행자,여,75세,경상
2017110600100598,2017년 11월 6일 21시,월요일,서울특별시 영등포구 문래동4가,중상사고,0,1,0,0,차대사람 - 횡단중,안전운전불이행,건조,맑음,기타 - 기타,승용,남,71세,상해없음,보행자,남,66세,중상
2017110700100067,2017년 11월 7일 05시,화요일,서울특별시 영등포구 영등포동3가,중상사고,0,1,0,0,차대차 - 측면충돌,신호위반,건조,맑음,교차로 - 교차로안,화물,남,63세,상해없음,승용,남,29세,상해없음
2017110700100200,2017년 11월 7일 10시,화요일,서울특별시 중구 오장동,부상신고사고,0,0,0,1,차대사람 - 보도통행중,안전운전불이행,건조,맑음,단일로 - 기타,기타불명,기타불명,미분류,기타불명,보행자,여,82세,부상신고
2017110700100202,2017년 11월 7일 10시,화요일,서울특별시 강동구 천호동,중상사고,0,1,0,0,차대사람 - 기타,안전운전불이행,건조,맑음,단일로 - 기타,승용,남,60세,상해없음,보행자,여,70세,중상
2017110700100257,2017년 11월 7일 12시,화요일,서울특별시 노원구 공릉동,중상사고,0,1,0,0,차대사람 - 횡단중,보행자보호의무위반,건조,맑음,단일로 - 기타,자전거,여,55세,상해없음,보행자,남,69세,중상
2017110700100310,2017년 11월 7일 14시,화요일,서울특별시 서초구 서초동,경상사고,0,0,1,0,차대사람 - 차도통행중,안전운전불이행,건조,맑음,단일로 - 기타,승용,남,68세,상해없음,보행자,여,73세,경상
2017110700100334,2017년 11월 7일 15시,화요일,서울특별시 성북구 길음동,경상사고,0,0,1,0,차대사람 - 보도통행중,기타,건조,맑음,기타 - 기타,화물,남,31세,상해없음,보행자,여,70세,경상
2017110700100402,2017년 11월 7일 17시,화요일,서울특별시 송파구 잠실동,중상사고,0,1,0,0,차대사람 - 횡단중,안전운전불이행,건조,맑음,단일로 - 기타,승용,남,70세,상해없음,보행자,여,85세,중상
2017110700100403,2017년 11월 7일 17시,화요일,서울특별시 구로구 구로동,사망사고,1,0,0,0,차대사람 - 횡단중,안전운전불이행,건조,맑음,단일로 - 기타,승합,남,46세,상해없음,보행자,여,74세,사망
2017110700100504,2017년 11월 7일 19시,화요일,서울특별시 영등포구 여의도동,중상사고,0,1,0,0,차대사람 - 횡단중,안전운전불이행,건조,맑음,교차로 - 교차로부근,승용,남,38세,상해없음,보행자,남,65세,중상
2017110800100101,2017년 11월 8일 07시,수요일,서울특별시 금천구 독산동,중상사고,0,1,0,0,차대사람 - 기타,보행자보호의무위반,건조,맑음,교차로 - 교차로부근,승용,남,34세,상해없음,보행자,여,77세,중상
2017110800100215,2017년 11월 8일 10시,수요일,서울특별시 송파구 문정동,사망사고,1,0,0,0,차대사람 - 횡단중,안전운전불이행,건조,맑음,단일로 - 기타,건설기계,남,45세,상해없음,보행자,여,82세,사망
2017110800100216,2017년 11월 8일 10시,수요일,서울특별시 서초구 방배동,중상사고,0,1,0,0,차대사람 - 횡단중,신호위반,건조,맑음,교차로 - 교차로횡단보도내,자전거,남,30세,상해없음,보행자,여,67세,중상
2017110800100243,2017년 11월 8일 11시,수요일,서울특별시 동대문구 휘경동,중상사고,0,1,0,0,차대사람 - 기타,안전운전불이행,건조,맑음,교차로 - 교차로부근,승용,남,66세,상해없음,보행자,남,73세,중상
2017110800100244,2017년 11월 8일 11시,수요일,서울특별시 강남구 삼성동,부상신고사고,0,0,0,1,차대사람 - 기타,안전운전불이행,건조,맑음,주차장 - 주차장,승용,남,61세,상해없음,보행자,남,70세,부상신고
2017110800100306,2017년 11월 8일 13시,수요일,서울특별시 도봉구 창동,경상사고,0,0,1,0,차대사람 - 횡단중,보행자보호의무위반,기타,맑음,교차로 - 교차로횡단보도내,승합,여,42세,상해없음,보행자,남,65세,경상
2017110800100338,2017년 11월 8일 14시,수요일,서울특별시 성북구 삼선동2가,중상사고,0,1,0,0,차대사람 - 횡단중,신호위반,건조,맑음,교차로 - 교차로횡단보도내,승용,남,74세,상해없음,보행자,여,85세,중상
2017110800100455,2017년 11월 8일 17시,수요일,서울특별시 강동구 암사동,중상사고,0,1,0,0,차대사람 - 기타,안전운전불이행,건조,흐림,교차로 - 교차로부근,화물,남,59세,상해없음,보행자,여,72세,중상
2017110800100639,2017년 11월 8일 21시,수요일,서울특별시 은평구 대조동,중상사고,0,1,0,0,차대사람 - 횡단중,보행자보호의무위반,건조,맑음,단일로 - 기타,승용,여,40세,상해없음,보행자,남,65세,중상
2017110900100073,2017년 11월 9일 06시,목요일,서울특별시 송파구 잠실동,중상사고,0,1,0,0,차대사람 - 횡단중,안전운전불이행,건조,맑음,단일로 - 기타,이륜,남,29세,상해없음,보행자,남,77세,중상
2017110900100165,2017년 11월 9일 09시,목요일,서울특별시 동작구 사당동,사망사고,1,0,0,0,차대사람 - 차도통행중,안전운전불이행,건조,맑음,단일로 - 기타,건설기계,남,58세,상해없음,보행자,여,75세,사망
2017110900100203,2017년 11월 9일 10시,목요일,서울특별시 도봉구 도봉동,중상사고,0,1,0,0,차대사람 - 횡단중,안전운전불이행,건조,맑음,단일로 - 기타,승용,여,44세,상해없음,보행자,여,75세,중상
2017110900100230,2017년 11월 9일 11시,목요일,서울특별시 서대문구 북가좌동,중상사고,0,1,0,0,차대사람 - 보도통행중,안전운전불이행,건조,맑음,단일로 - 기타,승용,남,38세,상해없음,보행자,여,70세,중상
2017110900100257,2017년 11월 9일 12시,목요일,서울특별시 강남구 논현동,중상사고,0,1,0,0,차대사람 - 기타,기타,건조,맑음,기타 - 기타,승용,남,56세,상해없음,보행자,여,65세,중상
2017110900100342,2017년 11월 9일 15시,목요일,서울특별시 동작구 상도동,중상사고,0,1,0,0,차대사람 - 기타,안전운전불이행,건조,맑음,단일로 - 기타,승용,남,26세,상해없음,보행자,남,68세,중상
2017110900100419,2017년 11월 9일 17시,목요일,서울특별시 광진구 중곡동,중상사고,0,1,0,0,차대사람 - 횡단중,신호위반,건조,맑음,단일로 - 기타,승용,남,35세,상해없음,보행자,여,67세,중상
2017110900100467,2017년 11월 9일 18시,목요일,서울특별시 송파구 송파동,사망사고,1,0,0,0,차대사람 - 횡단중,안전운전불이행,건조,맑음,교차로 - 교차로횡단보도내,승용,여,27세,상해없음,보행자,여,76세,사망
2017110900100468,2017년 11월 9일 18시,목요일,서울특별시 송파구 석촌동,사망사고,1,0,0,0,차대사람 - 횡단중,안전운전불이행,건조,맑음,단일로 - 기타,승합,남,48세,상해없음,보행자,남,70세,사망
2017110900100540,2017년 11월 9일 19시,목요일,서울특별시 중랑구 중화동,경상사고,0,0,1,0,차대사람 - 기타,안전운전불이행,건조,맑음,단일로 - 기타,승합,남,40세,상해없음,보행자,여,67세,경상
2017110900100544,2017년 11월 9일 19시,목요일,서울특별시 양천구 신정동,경상사고,0,0,1,0,차대사람 - 횡단중,보행자보호의무위반,건조,맑음,단일로 - 기타,승용,남,42세,상해없음,보행자,여,71세,경상
2017110900100577,2017년 11월 9일 20시,목요일,서울특별시 강서구 화곡동,중상사고,0,1,0,0,차대사람 - 보도통행중,보행자보호의무위반,건조,맑음,교차로 - 교차로횡단보도내,이륜,남,22세,상해없음,보행자,남,67세,중상
2017111000100111,2017년 11월 10일 07시,금요일,서울특별시 동대문구 장안동,중상사고,0,1,0,0,차대사람 - 차도통행중,안전운전불이행,건조,맑음,단일로 - 기타,승용,남,43세,상해없음,보행자,여,85세,중상
2017111000100183,2017년 11월 10일 09시,금요일,서울특별시 송파구 신천동,중상사고,0,1,1,0,차대사람 - 기타,안전운전불이행,건조,흐림,단일로 - 기타,승용,남,61세,상해없음,보행자,남,66세,중상
2017111000100289,2017년 11월 10일 13시,금요일,서울특별시 서대문구 창천동,중상사고,0,1,0,0,차대사람 - 기타,안전운전불이행,건조,맑음,단일로 - 기타,승용,남,65세,상해없음,보행자,여,75세,중상
2017111000100319,2017년 11월 10일 14시,금요일,서울특별시 성동구 금호동2가,중상사고,0,1,0,0,차대사람 - 횡단중,보행자보호의무위반,건조,맑음,교차로 - 교차로횡단보도내,승용,여,38세,상해없음,보행자,여,72세,중상
2017111100100092,2017년 11월 11일 05시,토요일,서울특별시 강북구 수유동,중상사고,0,1,0,0,차대사람 - 횡단중,보행자보호의무위반,건조,맑음,교차로 - 교차로횡단보도내,승합,남,55세,상해없음,보행자,여,80세,중상
2017111100100093,2017년 11월 11일 05시,토요일,서울특별시 중랑구 상봉동,중상사고,0,1,0,0,차대사람 - 차도통행중,안전운전불이행,건조,맑음,단일로 - 기타,승용,남,78세,상해없음,보행자,여,72세,중상
2017111100100167,2017년 11월 11일 09시,토요일,서울특별시 성북구 동선동2가,경상사고,0,0,1,0,차대사람 - 횡단중,안전운전불이행,건조,맑음,교차로 - 교차로안,승용,남,51세,상해없음,보행자,남,83세,경상
2017111100100170,2017년 11월 11일 09시,토요일,서울특별시 강동구 천호동,중상사고,0,1,0,0,차대사람 - 기타,안전운전불이행,건조,맑음,단일로 - 기타,승용,남,35세,상해없음,보행자,여,70세,중상
2017111100100228,2017년 11월 11일 11시,토요일,서울특별시 노원구 월계동,중상사고,0,1,0,0,차대사람 - 횡단중,안전운전불이행,건조,맑음,단일로 - 교량,승용,여,38세,상해없음,보행자,여,73세,중상
2017111100100307,2017년 11월 11일 13시,토요일,서울특별시 종로구 숭인동,경상사고,0,0,1,0,차대사람 - 기타,안전운전불이행,건조,맑음,단일로 - 기타,승용,여,48세,상해없음,보행자,여,73세,경상
2017111100100487,2017년 11월 11일 17시,토요일,서울특별시 강남구 세곡동,경상사고,0,0,1,0,차대사람 - 기타,안전운전불이행,건조,맑음,기타 - 기타,승합,남,46세,기타불명,보행자,여,72세,경상
2017111100100524,2017년 11월 11일 18시,토요일,서울특별시 광진구 중곡동,부상신고사고,0,0,0,1,차대사람 - 기타,안전운전불이행,건조,맑음,단일로 - 기타,승용,남,40세,상해없음,보행자,남,71세,부상신고
2017111100100526,2017년 11월 11일 18시,토요일,서울특별시 중랑구 망우동,중상사고,0,1,0,0,차대사람 - 횡단중,기타,건조,맑음,단일로 - 기타,승용,남,27세,상해없음,보행자,남,65세,중상
2017111200100297,2017년 11월 12일 15시,일요일,서울특별시 구로구 구로동,부상신고사고,0,0,0,1,차대사람 - 기타,안전운전불이행,건조,맑음,단일로 - 기타,승용,남,32세,상해없음,보행자,여,80세,부상신고
2017111300100066,2017년 11월 13일 06시,월요일,서울특별시 동작구 대방동,중상사고,0,1,0,0,차대사람 - 기타,안전운전불이행,건조,맑음,단일로 - 기타,승용,남,61세,상해없음,보행자,남,80세,중상
2017111300100192,2017년 11월 13일 10시,월요일,서울특별시 관악구 신림동,부상신고사고,0,0,0,1,차대사람 - 길가장자리구역통행중,안전운전불이행,건조,맑음,교차로 - 교차로안,승용,남,68세,상해없음,보행자,여,77세,부상신고
2017111300100221,2017년 11월 13일 11시,월요일,서울특별시 서대문구 북아현동,경상사고,0,0,1,0,차대사람 - 차도통행중,안전운전불이행,건조,맑음,단일로 - 기타,화물,남,47세,상해없음,보행자,여,80세,경상
2017111300100223,2017년 11월 13일 11시,월요일,서울특별시 구로구 구로동,부상신고사고,0,0,0,1,차대사람 - 횡단중,안전운전불이행,젖음/습기,흐림,단일로 - 기타,이륜,남,25세,상해없음,보행자,여,69세,부상신고
2017111300100293,2017년 11월 13일 13시,월요일,서울특별시 성북구 안암동3가,경상사고,0,0,1,0,차대사람 - 횡단중,안전운전불이행,건조,맑음,교차로 - 교차로부근,화물,남,49세,상해없음,보행자,여,86세,경상
2017111300100317,2017년 11월 13일 14시,월요일,서울특별시 영등포구 여의도동,경상사고,0,0,1,0,차대사람 - 기타,기타,건조,맑음,단일로 - 기타,승용,남,44세,기타불명,보행자,여,71세,경상
2017111300100322,2017년 11월 13일 14시,월요일,서울특별시 강남구 대치동,경상사고,0,0,1,0,차대사람 - 길가장자리구역통행중,안전운전불이행,건조,맑음,단일로 - 기타,승용,남,38세,기타불명,보행자,남,74세,경상
2017111300100385,2017년 11월 13일 16시,월요일,서울특별시 은평구 불광동,경상사고,0,0,1,0,차대차 - 기타,안전운전불이행,건조,맑음,단일로 - 기타,건설기계,남,56세,상해없음,화물,남,64세,기타불명
2017111300100473,2017년 11월 13일 18시,월요일,서울특별시 중랑구 망우동,중상사고,0,1,0,0,차대사람 - 기타,안전운전불이행,건조,맑음,교차로 - 교차로부근,승합,남,55세,상해없음,보행자,남,65세,중상
2017111300100585,2017년 11월 13일 21시,월요일,서울특별시 강서구 마곡동,중상사고,0,1,0,0,차대사람 - 횡단중,안전운전불이행,젖음/습기,비,단일로 - 기타,화물,남,42세,상해없음,보행자,남,67세,중상
2017111300100587,2017년 11월 13일 21시,월요일,서울특별시 구로구 개봉동,중상사고,0,1,0,0,차대사람 - 횡단중,안전운전불이행,젖음/습기,비,단일로 - 기타,화물,남,51세,상해없음,보행자,여,67세,중상