사고번호,사고일시,요일,시군구,사고내용,사망자수,중상자수,경상자수,부상신고자수,사고유형,법규위반,노면상태,기상상태,도로형태,가해운전자 차종,가해운전자 성별,가해운전자 연령,가해운전자 상해정도,피해운전자 차종,피해운전자 성별,피해운전자 연령,피해운전자 상해정도
2018012700100246,2018년 1월 27일 13시,토요일,서울특별시 은평구 신사동,중상사고,0,1,0,0,차대사람 - 기타,안전운전불이행,건조,맑음,단일로 - 기타,승용,남,41세,상해없음,보행자,여,67세,중상
2018012700100353,2018년 1월 27일 17시,토요일,서울특별시 광진구 구의동,중상사고,0,1,0,0,차대사람 - 기타,안전운전불이행,건조,맑음,단일로 - 기타,승합,남,61세,상해없음,보행자,여,66세,중상
2018012700100356,2018년 1월 27일 17시,토요일,서울특별시 성북구 석관동,경상사고,0,0,1,0,차대사람 - 기타,안전운전불이행,건조,맑음,교차로 - 교차로안,승용,남,53세,상해없음,보행자,여,65세,경상
2018012700100420,2018년 1월 27일 19시,토요일,서울특별시 마포구 창전동,중상사고,0,1,0,0,차대사람 - 횡단중,안전운전불이행,건조,맑음,교차로 - 교차로횡단보도내,승용,남,24세,상해없음,보행자,남,72세,중상
2018012800100051,2018년 1월 28일 03시,일요일,서울특별시 중구 중림동,경상사고,0,0,1,0,차대사람 - 기타,안전운전불이행,건조,맑음,기타 - 기타,승용,남,33세,상해없음,보행자,남,67세,경상
2018012800100132,2018년 1월 28일 11시,일요일,서울특별시 노원구 상계동,중상사고,0,1,0,0,차대사람 - 기타,안전운전불이행,건조,맑음,단일로 - 기타,승합,남,51세,상해없음,보행자,여,83세,중상
2018012800100222,2018년 1월 28일 15시,일요일,서울특별시 영등포구 영등포동,경상사고,0,0,1,0,차대사람 - 횡단중,안전운전불이행,건조,맑음,단일로 - 기타,승용,여,32세,상해없음,보행자,남,69세,경상
2018012800100316,2018년 1월 28일 19시,일요일,서울특별시 성동구 금호동3가,중상사고,0,1,0,0,차대사람 - 횡단중,보행자보호의무위반,기타,맑음,교차로 - 교차로안,승용,남,61세,상해없음,보행자,여,69세,중상
2018012900100369,2018년 1월 29일 17시,월요일,서울특별시 동대문구 답십리동,경상사고,0,0,1,0,차대사람 - 길가장자리구역통행중,안전운전불이행,건조,맑음,단일로 - 기타,승용,남,51세,상해없음,보행자,여,79세,경상
2018012900100492,2018년 1월 29일 21시,월요일,서울특별시 중구 중림동,중상사고,0,1,0,0,차대사람 - 횡단중,보행자보호의무위반,건조,맑음,단일로 - 기타,승용,남,43세,상해없음,보행자,남,65세,중상
2018013000100060,2018년 1월 30일 06시,화요일,서울특별시 광진구 화양동,중상사고,0,1,0,0,차대사람 - 횡단중,안전운전불이행,건조,맑음,단일로 - 기타,승용,남,59세,상해없음,보행자,여,67세,중상
2018013000100152,2018년 1월 30일 09시,화요일,서울특별시 송파구 풍납동,중상사고,0,1,0,0,차대사람 - 기타,안전운전불이행,건조,맑음,교차로 - 교차로안,승용,여,33세,상해없음,보행자,여,78세,중상
2018013000100323,2018년 1월 30일 15시,화요일,서울특별시 은평구 증산동,중상사고,0,1,0,0,차대사람 - 횡단중,안전운전불이행,건조,맑음,단일로 - 기타,승용,여,29세,상해없음,보행자,여,70세,중상
2018013100100065,2018년 1월 31일 06시,수요일,서울특별시 금천구 독산동,중상사고,0,1,0,0,차대사람 - 기타,안전운전불이행,건조,맑음,교차로 - 교차로안,승용,여,44세,상해없음,보행자,여,72세,중상
2018013100100125,2018년 1월 31일 08시,수요일,서울특별시 관악구 신림동,중상사고,0,1,0,0,차대사람 - 횡단중,안전운전불이행,젖음/습기,맑음,단일로 - 기타,화물,남,57세,상해없음,보행자,여,71세,중상
2018013100100127,2018년 1월 31일 08시,수요일,서울특별시 성북구 석관동,중상사고,0,1,1,0,차대사람 - 차도통행중,안전운전불이행,서리/결빙,맑음,단일로 - 기타,화물,남,42세,상해없음,보행자,여,82세,중상
2018013100100201,2018년 1월 31일 10시,수요일,서울특별시 영등포구 양평동6가,중상사고,0,1,0,0,차대사람 - 횡단중,보행자보호의무위반,건조,맑음,단일로 - 기타,승용,여,59세,상해없음,보행자,남,80세,중상
2018013100100296,2018년 1월 31일 14시,수요일,서울특별시 영등포구 신길동,중상사고,0,1,0,0,차대사람 - 보도통행중,보행자보호의무위반,건조,맑음,단일로 - 기타,승용,남,37세,상해없음,보행자,여,90세 이상,중상
2018013100100301,2018년 1월 31일 14시,수요일,서울특별시 은평구 불광동,중상사고,0,1,0,0,차대사람 - 기타,안전운전불이행,건조,맑음,교차로 - 교차로부근,화물,남,22세,상해없음,보행자,남,85세,중상
2018013100100317,2018년 1월 31일 15시,수요일,서울특별시 도봉구 창동,경상사고,0,0,1,0,차대사람 - 횡단중,보행자보호의무위반,건조,맑음,교차로 - 교차로횡단보도내,화물,남,36세,상해없음,보행자,여,66세,경상
2018013100100343,2018년 1월 31일 16시,수요일,서울특별시 관악구 신림동,경상사고,0,0,1,0,차대사람 - 차도통행중,신호위반,건조,맑음,교차로 - 교차로안,승용,여,46세,상해없음,보행자,남,67세,경상
2018013100100403,2018년 1월 31일 18시,수요일,서울특별시 금천구 독산동,경상사고,0,0,1,0,차대사람 - 기타,안전운전불이행,건조,맑음,단일로 - 기타,승용,남,67세,상해없음,보행자,남,68세,경상
2018013100100404,2018년 1월 31일 18시,수요일,서울특별시 동작구 사당동,중상사고,0,2,0,0,차대사람 - 횡단중,보행자보호의무위반,건조,맑음,교차로 - 교차로횡단보도내,승용,남,39세,상해없음,보행자,여,72세,중상
2018020100100109,2018년 2월 1일 08시,목요일,서울특별시 서대문구 홍제동,중상사고,0,1,0,0,차대사람 - 기타,기타,건조,맑음,단일로 - 기타,승용,남,60세,상해없음,보행자,여,73세,중상
2018020100100156,2018년 2월 1일 09시,목요일,서울특별시 노원구 중계동,중상사고,0,1,0,0,차대사람 - 길가장자리구역통행중,안전운전불이행,건조,맑음,단일로 - 기타,승용,여,60세,상해없음,보행자,여,66세,중상
2018020100100230,2018년 2월 1일 11시,목요일,서울특별시 구로구 오류동,부상신고사고,0,0,0,1,차대사람 - 차도통행중,안전운전불이행,건조,맑음,단일로 - 기타,승용,남,74세,상해없음,보행자,남,84세,부상신고
2018020100100330,2018년 2월 1일 14시,목요일,서울특별시 용산구 보광동,경상사고,0,0,1,0,차대사람 - 기타,안전운전불이행,건조,맑음,단일로 - 기타,기타불명,기타불명,미분류,기타불명,보행자,여,65세,경상
2018020100100336,2018년 2월 1일 14시,목요일,서울특별시 양천구 목동,중상사고,0,1,0,0,차대사람 - 횡단중,보행자보호의무위반,건조,맑음,기타 - 기타,승용,여,38세,상해없음,보행자,여,71세,중상
2018020100100361,2018년 2월 1일 15시,목요일,서울특별시 송파구 거여동,중상사고,0,1,0,0,차대사람 - 길가장자리구역통행중,안전운전불이행,건조,맑음,단일로 - 기타,승용,남,64세,상해없음,보행자,여,70세,중상
2018020100100393,2018년 2월 1일 16시,목요일,서울특별시 구로구 구로동,경상사고,0,0,1,0,차대사람 - 횡단중,신호위반,건조,맑음,교차로 - 교차로횡단보도내,자전거,남,67세,상해없음,보행자,여,66세,경상
2018020100100515,2018년 2월 1일 19시,목요일,서울특별시 동작구 노량진동,중상사고,0,1,0,0,차대사람 - 기타,안전운전불이행,건조,맑음,단일로 - 기타,원동기,여,63세,상해없음,보행자,여,65세,중상
2018020200100116,2018년 2월 2일 08시,금요일,서울특별시 양천구 신정동,경상사고,0,0,1,0,차대사람 - 보도통행중,신호위반,건조,맑음,교차로 - 교차로횡단보도내,승용,남,69세,기타불명,보행자,남,70세,경상
2018020200100197,2018년 2월 2일 10시,금요일,서울특별시 도봉구 쌍문동,경상사고,0,0,1,0,차대사람 - 횡단중,안전운전불이행,건조,맑음,교차로 - 교차로안,화물,남,54세,상해없음,보행자,여,72세,경상
2018020200100215,2018년 2월 2일 11시,금요일,서울특별시 성동구 마장동,중상사고,0,1,0,0,차대사람 - 기타,보행자보호의무위반,건조,맑음,교차로 - 교차로횡단보도내,이륜,남,25세,상해없음,보행자,여,73세,중상
2018020200100300,2018년 2월 2일 14시,금요일,서울특별시 성북구 정릉동,경상사고,0,0,1,0,차대사람 - 기타,안전운전불이행,건조,맑음,단일로 - 기타,화물,남,37세,상해없음,보행자,남,86세,경상
2018020200100303,2018년 2월 2일 14시,금요일,서울특별시 노원구 상계동,경상사고,0,0,1,0,차대사람 - 기타,안전운전불이행,건조,맑음,기타 - 기타,화물,남,43세,상해없음,보행자,여,84세,경상
2018020200100331,2018년 2월 2일 15시,금요일,서울특별시 중구 남대문로5가,중상사고,0,1,0,0,차대사람 - 기타,안전운전불이행,건조,맑음,교차로 - 교차로부근,승합,남,42세,기타불명,보행자,남,69세,중상
2018020200100335,2018년 2월 2일 15시,금요일,서울특별시 영등포구 신길동,경상사고,0,0,1,0,차대사람 - 기타,안전운전불이행,건조,맑음,단일로 - 기타,건설기계,남,39세,상해없음,보행자,여,72세,경상
2018020200100341,2018년 2월 2일 15시,금요일,서울특별시 강동구 상일동,중상사고,0,1,0,0,차대사람 - 차도통행중,안전운전불이행,건조,맑음,기타 - 기타,승용,여,35세,상해없음,보행자,여,74세,중상
2018020200100404,2018년 2월 2일 17시,금요일,서울특별시 성북구 정릉동,중상사고,0,1,0,0,차대사람 - 횡단중,안전운전불이행,건조,맑음,단일로 - 기타,승용,남,42세,상해없음,보행자,여,83세,중상
2018020200100443,2018년 2월 2일 18시,금요일,서울특별시 양천구 신월동,중상사고,0,1,0,0,차대사람 - 기타,안전운전불이행,건조,맑음,교차로 - 교차로안,승용,여,54세,상해없음,보행자,여,73세,중상
2018020200100500,2018년 2월 2일 19시,금요일,서울특별시 구로구 구로동,중상사고,0,1,0,0,차대사람 - 횡단중,보행자보호의무위반,건조,맑음,교차로 - 교차로횡단보도내,화물,남,39세,상해없음,보행자,남,65세,중상
2018020300100093,2018년 2월 3일 05시,토요일,서울특별시 동대문구 제기동,중상사고,0,1,0,0,차대사람 - 횡단중,안전운전불이행,건조,맑음,기타 - 기타,화물,남,44세,상해없음,보행자,여,84세,중상
2018020300100096,2018년 2월 3일 05시,토요일,서울특별시 송파구 거여동,중상사고,0,1,0,0,차대사람 - 횡단중,안전운전불이행,건조,맑음,교차로 - 교차로횡단보도내,승용,남,66세,상해없음,보행자,여,69세,중상
2018020300100192,2018년 2월 3일 10시,토요일,서울특별시 강북구 미아동,경상사고,0,0,1,0,차대사람 - 기타,안전운전불이행,건조,맑음,교차로 - 교차로부근,승용,여,35세,상해없음,보행자,여,69세,경상
2018020300100232,2018년 2월 3일 11시,토요일,서울특별시 강서구 화곡동,중상사고,0,1,0,0,차대사람 - 횡단중,보행자보호의무위반,건조,맑음,교차로 - 교차로횡단보도내,승용,남,29세,상해없음,보행자,남,85세,중상
2018020300100279,2018년 2월 3일 12시,토요일,서울특별시 동대문구 제기동,중상사고,0,1,0,0,차대사람 - 기타,안전운전불이행,건조,맑음,교차로 - 교차로안,화물,남,47세,상해없음,보행자,여,72세,중상
2018020300100518,2018년 2월 3일 18시,토요일,서울특별시 송파구 방이동,중상사고,0,1,0,0,차대사람 - 기타,기타,건조,맑음,기타 - 기타,승합,남,58세,상해없음,보행자,여,68세,중상
2018020400100010,2018년 2월 4일 00시,일요일,서울특별시 은평구 갈현동,경상사고,0,0,1,0,차대사람 - 기타,안전운전불이행,건조,맑음,교차로 - 교차로부근,승용,남,53세,상해없음,보행자,남,71세,경상
2018020400100089,2018년 2월 4일 05시,일요일,서울특별시 성북구 동소문동2가,사망사고,1,0,0,0,차대사람 - 횡단중,안전운전불이행,건조,맑음,단일로 - 기타,승용,남,55세,상해없음,보행자,여,67세,사망
2018020400100141,2018년 2월 4일 09시,일요일,서울특별시 종로구 낙원동,중상사고,0,1,0,0,차대사람 - 횡단중,보행자보호의무위반,건조,맑음,교차로 - 교차로횡단보도내,승용,남,73세,상해없음,보행자,여,79세,중상
2018020400100143,2018년 2월 4일 09시,일요일,서울특별시 마포구 노고산동,사망사고,1,0,0,0,차대사람 - 횡단중,안전운전불이행,건조,맑음,단일로 - 기타,승합,남,62세,상해없음,보행자,여,86세,사망
2018020400100144,2018년 2월 4일 09시,일요일,서울특별시 강서구 방화동,중상사고,0,1,0,0,차대사람 - 횡단중,신호위반,건조,맑음,교차로 - 교차로부근,승합,남,52세,상해없음,보행자,여,81세,중상
2018020400100250,2018년 2월 4일 14시,일요일,서울특별시 강북구 우이동,중상사고,0,1,0,0,차대사람 - 횡단중,보행자보호의무위반,건조,맑음,교차로 - 교차로부근,화물,남,67세,상해없음,보행자,남,69세,중상
2018020400100371,2018년 2월 4일 18시,일요일,서울특별시 서대문구 북가좌동,경상사고,0,0,1,0,차대사람 - 횡단중,안전운전불이행,건조,맑음,단일로 - 기타,승용,남,69세,상해없음,보행자,남,73세,경상
2018020400100374,2018년 2월 4일 18시,일요일,서울특별시 도봉구 방학동,경상사고,0,0,1,0,차대사람 - 횡단중,보행자보호의무위반,건조,맑음,교차로 - 교차로안,기타불명,기타불명,미분류,기타불명,보행자,여,74세,경상
2018020500100159,2018년 2월 5일 09시,월요일,서울특별시 강북구 미아동,중상사고,0,1,0,0,차대사람 - 횡단중,안전운전불이행,건조,맑음,단일로 - 기타,화물,남,31세,상해없음,보행자,남,86세,중상
2018020500100161,2018년 2월 5일 09시,월요일,서울특별시 성동구 하왕십리동,경상사고,0,0,1,0,차대사람 - 기타,기타,건조,맑음,단일로 - 기타,승합,남,56세,상해없음,보행자,여,85세,경상
2018020500100243,2018년 2월 5일 11시,월요일,서울특별시 관악구 봉천동,경상사고,0,0,1,0,차대사람 - 횡단중,안전운전불이행,건조,맑음,단일로 - 기타,승용,남,69세,상해없음,보행자,여,66세,경상
2018020500100369,2018년 2월 5일 15시,월요일,서울특별시 영등포구 여의도동,중상사고,0,1,0,0,차대사람 - 횡단중,보행자보호의무위반,건조,맑음,단일로 - 기타,승용,남,69세,상해없음,보행자,여,78세,중상
2018020500100370,2018년 2월 5일 15시,월요일,서울특별시 성동구 마장동,경상사고,0,0,1,0,차대사람 - 차도통행중,안전운전불이행,건조,맑음,단일로 - 기타,이륜,남,45세,상해없음,보행자,여,72세,경상
2018020500100473,2018년 2월 5일 18시,월요일,서울특별시 영등포구 문래동6가,중상사고,0,1,0,0,차대사람 - 기타,안전운전불이행,건조,맑음,단일로 - 기타,승합,남,65세,상해없음,보행자,여,67세,중상
2018020600100153,2018년 2월 6일 09시,화요일,서울특별시 마포구 구수동,중상사고,0,1,0,0,차대사람 - 횡단중,신호위반,건조,맑음,교차로 - 교차로안,건설기계,남,46세,상해없음,보행자,여,65세,중상
2018020600100220,2018년 2월 6일 11시,화요일,서울특별시 은평구 갈현동,사망사고,1,0,0,0,차대사람 - 횡단중,안전운전불이행,건조,맑음,교차로 - 교차로안,승용,남,24세,상해없음,보행자,여,81세,사망
2018020600100356,2018년 2월 6일 15시,화요일,서울특별시 성동구 행당동,경상사고,0,0,1,0,차대사람 - 기타,안전운전불이행,기타,맑음,단일로 - 기타,승합,남,51세,상해없음,보행자,여,78세,경상
2018020600100425,2018년 2월 6일 17시,화요일,서울특별시 강서구 공항동,중상사고,0,1,0,0,차대사람 - 기타,안전운전불이행,건조,맑음,단일로 - 기타,승용,남,53세,상해없음,보행자,여,72세,중상
2018020600100603,2018년 2월 6일 22시,화요일,서울특별시 영등포구 신길동,중상사고,0,1,0,0,차대사람 - 횡단중,신호위반,건조,맑음,교차로 - 교차로횡단보도내,승용,남,61세,상해없음,보행자,남,71세,중상
2018020600100606,2018년 2월 6일 22시,화요일,서울특별시 구로구 구로동,중상사고,0,1,0,0,차대사람 - 횡단중,안전운전불이행,건조,맑음,단일로 - 기타,승용,남,35세,상해없음,보행자,남,70세,중상
2018020700100074,2018년 2월 7일 06시,수요일,서울특별시 관악구 신림동,경상사고,0,0,1,0,차대사람 - 횡단중,신호위반,건조,맑음,교차로 - 교차로횡단보도내,이륜,남,68세,기타불명,보행자,여,77세,경상
2018020700100260,2018년 2월 7일 12시,수요일,서울특별시 동대문구 제기동,중상사고,0,1,0,0,차대사람 - 기타,안전운전불이행,건조,맑음,기타 - 기타,승용,여,44세,상해없음,보행자,여,81세,중상
2018020700100466,2018년 2월 7일 18시,수요일,서울특별시 동작구 사당동,중상사고,0,1,0,0,차대사람 - 기타,안전운전불이행,건조,맑음,교차로 - 교차로부근,승합,남,60세,상해없음,보행자,남,67세,중상
2018020700100471,2018년 2월 7일 18시,수요일,서울특별시 노원구 공릉동,중상사고,0,1,0,0,차대사람 - 횡단중,신호위반,건조,맑음,단일로 - 기타,승용,여,39세,상해없음,보행자,남,75세,중상
2018020700100679,2018년 2월 7일 23시,수요일,서울특별시 종로구 종로5가,사망사고,1,0,0,0,차대사람 - 차도통행중,안전운전불이행,건조,맑음,단일로 - 기타,승용,남,34세,상해없음,보행자,남,66세,사망
2018020800100095,2018년 2월 8일 07시,목요일,서울특별시 도봉구 도봉동,중상사고,0,1,0,0,차대사람 - 횡단중,안전운전불이행,건조,맑음,교차로 - 교차로안,승용,남,47세,상해없음,보행자,여,79세,중상
2018020800100283,2018년 2월 8일 12시,목요일,서울특별시 광진구 군자동,중상사고,0,1,1,0,차대사람 - 횡단중,신호위반,건조,맑음,단일로 - 기타,승용,여,34세,상해없음,보행자,여,60세,중상
2018020800100289,2018년 2월 8일 12시,목요일,서울특별시 강남구 개포동,중상사고,0,1,0,0,차대사람 - 횡단중,안전운전불이행,기타,맑음,교차로 - 교차로횡단보도내,승합,남,49세,상해없음,보행자,남,76세,중상
2018020800100349,2018년 2월 8일 14시,목요일,서울특별시 관악구 봉천동,중상사고,0,1,0,0,차대사람 - 횡단중,보행자보호의무위반,건조,맑음,단일로 - 기타,승용,남,29세,상해없음,보행자,여,72세,중상
2018020800100386,2018년 2월 8일 15시,목요일,서울특별시 중구 명동1가,부상신고사고,0,0,0,1,차대사람 - 차도통행중,안전운전불이행,건조,맑음,단일로 - 기타,승용,남,38세,상해없음,보행자,여,66세,부상신고
2018020800100387,2018년 2월 8일 15시,목요일,서울특별시 동대문구 장안동,경상사고,0,0,1,0,차대사람 - 횡단중,안전운전불이행,건조,맑음,교차로 - 교차로안,자전거,남,72세,상해없음,보행자,여,74세,경상
2018020800100431,2018년 2월 8일 16시,목요일,서울특별시 동대문구 휘경동,경상사고,0,0,1,0,차대사람 - 기타,안전운전불이행,건조,맑음,단일로 - 기타,승용,여,74세,상해없음,보행자,남,66세,경상
2018020800100484,2018년 2월 8일 17시,목요일,서울특별시 서초구 서초동,부상신고사고,0,0,0,1,차대사람 - 길가장자리구역통행중,안전운전불이행,건조,맑음,단일로 - 기타,승용,남,61세,상해없음,보행자,남,66세,부상신고
2018020800100565,2018년 2월 8일 19시,목요일,서울특별시 강북구 미아동,경상사고,0,0,1,0,차대사람 - 차도통행중,안전운전불이행,건조,맑음,단일로 - 기타,승용,남,53세,상해없음,보행자,여,79세,경상
2018020800100641,2018년 2월 8일 21시,목요일,서울특별시 강북구 수유동,중상사고,0,1,0,0,차대사람 - 횡단중,안전운전불이행,건조,흐림,단일로 - 기타,기타불명,기타불명,미분류,기타불명,보행자,여,78세,중상
2018020800100686,2018년 2월 8일 22시,목요일,서울특별시 강남구 역삼동,중상사고,0,1,0,0,차대사람 - 기타,안전운전불이행,건조,맑음,기타 - 기타,승용,남,36세,상해없음,보행자,남,68세,중상
2018020900100059,2018년 2월 9일 04시,금요일,서울특별시 중구 신당동,중상사고,0,1,0,0,차대사람 - 횡단중,신호위반,건조,맑음,교차로 - 교차로횡단보도내,승용,남,73세,상해없음,보행자,여,76세,중상
2018020900100200,2018년 2월 9일 10시,금요일,서울특별시 금천구 시흥동,중상사고,0,1,0,0,차대사람 - 횡단중,보행자보호의무위반,건조,맑음,교차로 - 교차로횡단보도내,승용,남,67세,상해없음,보행자,남,80세,중상
2018020900100346,2018년 2월 9일 14시,금요일,서울특별시 은평구 응암동,경상사고,0,0,1,0,차대사람 - 길가장자리구역통행중,안전운전불이행,건조,맑음,단일로 - 기타,승용,남,65세,상해없음,보행자,여,74세,경상
2018020900100363,2018년 2월 9일 15시,금요일,서울특별시 영등포구 신길동,중상사고,0,1,0,0,차대사람 - 기타,안전운전불이행,건조,맑음,단일로 - 기타,화물,남,62세,상해없음,보행자,여,70세,중상
2018020900100366,2018년 2월 9일 15시,금요일,서울특별시 관악구 남현동,중상사고,0,1,0,0,차대사람 - 차도통행중,안전운전불이행,건조,맑음,교차로 - 교차로부근,화물,남,33세,기타불명,보행자,남,77세,중상
2018020900100368,2018년 2월 9일 15시,금요일,서울특별시 송파구 가락동,중상사고,0,1,0,0,차대사람 - 횡단중,보행자보호의무위반,건조,맑음,단일로 - 기타,건설기계,남,46세,상해없음,보행자,여,78세,중상
2018020900100407,2018년 2월 9일 16시,금요일,서울특별시 성동구 성수동1가,중상사고,0,1,0,0,차대사람 - 기타,안전운전불이행,건조,맑음,단일로 - 기타,승합,남,65세,상해없음,보행자,남,68세,중상
2018020900100445,2018년 2월 9일 17시,금요일,서울특별시 동작구 상도동,중상사고,0,1,0,0,차대사람 - 길가장자리구역통행중,안전운전불이행,건조,맑음,단일로 - 기타,승용,여,73세,상해없음,보행자,여,89세,중상
2018020900100609,2018년 2월 9일 20시,금요일,서울특별시 광진구 자양동,중상사고,0,1,0,0,차대사람 - 횡단중,보행자보호의무위반,건조,맑음,교차로 - 교차로횡단보도내,승용,남,55세,상해없음,보행자,여,86세,중상
2018020900100692,2018년 2월 9일 22시,금요일,서울특별시 마포구 망원동,경상사고,0,0,1,0,차대사람 - 횡단중,안전운전불이행,건조,맑음,단일로 - 기타,승용,남,73세,상해없음,보행자,여,71세,경상
2018021000100102,2018년 2월 10일 05시,토요일,서울특별시 서대문구 홍은동,중상사고,0,1,0,0,차대사람 - 횡단중,안전운전불이행,건조,흐림,단일로 - 기타,승용,남,61세,상해없음,보행자,남,70세,중상
2018021000100293,2018년 2월 10일 14시,토요일,서울특별시 강남구 청담동,부상신고사고,0,0,0,1,차대사람 - 기타,기타,건조,맑음,단일로 - 기타,기타불명,기타불명,미분류,기타불명,보행자,여,72세,부상신고
2018021000100356,2018년 2월 10일 16시,토요일,서울특별시 동작구 사당동,중상사고,0,1,0,0,차대사람 - 횡단중,안전운전불이행,건조,맑음,단일로 - 기타,승용,남,20세,상해없음,보행자,여,80세,중상
2018021000100482,2018년 2월 10일 20시,토요일,서울특별시 강서구 화곡동,중상사고,0,1,0,0,차대사람 - 길가장자리구역통행중,기타,건조,맑음,단일로 - 기타,승용,남,72세,상해없음,보행자,여,70세,중상
2018021100100134,2018년 2월 11일 10시,일요일,서울특별시 양천구 신정동,중상사고,0,1,0,0,차대사람 - 횡단중,보행자보호의무위반,건조,맑음,교차로 - 교차로안,승용,남,48세,상해없음,보행자,남,66세,중상
2018021100100170,2018년 2월 11일 12시,일요일,서울특별시 동대문구 청량리동,중상사고,0,1,0,0,차대사람 - 기타,기타,건조,맑음,기타 - 기타,승합,남,40세,상해없음,보행자,여,68세,중상
2018021100100266,2018년 2월 11일 16시,일요일,서울특별시 은평구 불광동,중상사고,0,1,0,0,차대사람 - 기타,안전운전불이행,건조,맑음,단일로 - 기타,승용,여,30세,상해없음,보행자,여,76세,중상
2018021100100315,2018년 2월 11일 18시,일요일,서울특별시 동대문구 휘경동,중상사고,0,1,0,0,차대사람 - 횡단중,안전운전불이행,건조,맑음,교차로 - 교차로횡단보도내,승용,남,65세,상해없음,보행자,여,76세,중상
2018021100100357,2018년 2월 11일 19시,일요일,서울특별시 광진구 구의동,중상사고,0,1,0,0,차대사람 - 차도통행중,안전운전불이행,건조,맑음,교차로 - 교차로부근,이륜,남,17세,상해없음,보행자,여,69세,중상
2018021100100377,2018년 2월 11일 20시,일요일,서울특별시 광진구 자양동,중상사고,0,1,0,0,차대사람 - 횡단중,보행자보호의무위반,건조,맑음,교차로 - 교차로안,이륜,남,17세,상해없음,보행자,여,65세,중상
2018021200100195,2018년 2월 12일 10시,월요일,서울특별시 성동구 도선동,중상사고,0,1,0,0,차대사람 - 횡단중,보행자보호의무위반,건조,맑음,단일로 - 기타,승용,여,64세,상해없음,보행자,여,78세,중상
2018021200100228,2018년 2월 12일 11시,월요일,서울특별시 영등포구 당산동4가,경상사고,0,0,1,0,차대사람 - 차도통행중,안전운전불이행,건조,맑음,교차로 - 교차로안,승용,여,66세,상해없음,보행자,여,76세,경상
2018021200100418,2018년 2월 12일 16시,월요일,서울특별시 마포구 망원동,중상사고,0,1,0,0,차대사람 - 횡단중,안전운전불이행,건조,맑음,교차로 - 교차로안,승용,남,19세,상해없음,보행자,여,72세,중상
2018021200100426,2018년 2월 12일 16시,월요일,서울특별시 양천구 목동,경상사고,0,0,1,0,차대사람 - 기타,안전운전불이행,건조,맑음,단일로 - 기타,승용,남,38세,상해없음,보행자,남,66세,경상
2018021300100034,2018년 2월 13일 01시,화요일,서울특별시 강남구 일원동,중상사고,0,1,0,0,차대사람 - 횡단중,보행자보호의무위반,건조,맑음,교차로 - 교차로부근,승용,남,58세,상해없음,보행자,여,69세,중상
2018021300100069,2018년 2월 13일 04시,화요일,서울특별시 영등포구 양평동4가,중상사고,0,1,0,0,차대사람 - 횡단중,안전운전불이행,건조,맑음,교차로 - 교차로안,화물,남,45세,상해없음,보행자,여,76세,중상
2018021300100070,2018년 2월 13일 04시,화요일,서울특별시 동작구 흑석동,중상사고,0,1,0,0,차대사람 - 횡단중,안전운전불이행,건조,맑음,단일로 - 기타,승용,남,35세,상해없음,보행자,남,67세,중상
2018021300100071,2018년 2월 13일 04시,화요일,서울특별시 성북구 하월곡동,사망사고,1,0,0,0,차대사람 - 기타,안전운전불이행,건조,맑음,단일로 - 기타,화물,남,36세,상해없음,보행자,여,81세,사망
2018021300100095,2018년 2월 13일 06시,화요일,서울특별시 송파구 가락동,중상사고,0,1,0,0,차대사람 - 횡단중,안전운전불이행,건조,맑음,단일로 - 기타,승용,남,63세,상해없음,보행자,여,74세,중상
2018021300100115,2018년 2월 13일 07시,화요일,서울특별시 은평구 대조동,경상사고,0,0,1,0,차대사람 - 기타,안전운전불이행,건조,맑음,교차로 - 교차로부근,승합,남,65세,상해없음,보행자,남,69세,경상
2018021300100183,2018년 2월 13일 09시,화요일,서울특별시 서초구 반포동,경상사고,0,0,1,0,차대사람 - 기타,안전운전불이행,건조,흐림,단일로 - 기타,승용,여,67세,상해없음,보행자,여,65세,경상
2018021300100184,2018년 2월 13일 09시,화요일,서울특별시 양천구 신월동,경상사고,0,0,1,0,차대사람 - 차도통행중,안전운전불이행,건조,맑음,교차로 - 교차로부근,승용,남,34세,상해없음,보행자,남,71세,경상
2018021300100233,2018년 2월 13일 10시,화요일,서울특별시 구로구 가리봉동,중상사고,0,1,0,0,차대사람 - 기타,안전운전불이행,건조,맑음,단일로 - 기타,승용,여,49세,상해없음,보행자,여,78세,중상
2018021300100277,2018년 2월 13일 11시,화요일,서울특별시 강동구 천호동,경상사고,0,0,1,0,차대사람 - 차도통행중,안전운전불이행,건조,맑음,단일로 - 기타,승용,남,81세,상해없음,보행자,남,69세,경상
2018021300100384,2018년 2월 13일 14시,화요일,서울특별시 강서구 마곡동,경상사고,0,0,1,0,차대사람 - 기타,보행자보호의무위반,건조,맑음,교차로 - 교차로횡단보도내,승용,남,50세,상해없음,보행자,여,72세,경상
2018021300100429,2018년 2월 13일 15시,화요일,서울특별시 강동구 강일동,중상사고,0,1,0,0,차대사람 - 횡단중,신호위반,건조,맑음,교차로 - 교차로안,승합,남,51세,상해없음,보행자,남,72세,중상
2018021300100480,2018년 2월 13일 16시,화요일,서울특별시 중랑구 면목동,경상사고,0,0,1,0,차대사람 - 기타,교차로운행방법위반,건조,맑음,교차로 - 교차로부근,승용,남,79세,상해없음,보행자,남,73세,경상
2018021300100484,2018년 2월 13일 16시,화요일,서울특별시 노원구 하계동,중상사고,0,1,0,0,차대사람 - 횡단중,안전운전불이행,건조,맑음,교차로 - 교차로부근,승용,여,38세,상해없음,보행자,여,73세,중상