사고번호,사고일시,요일,시군구,사고내용,사망자수,중상자수,경상자수,부상신고자수,사고유형,법규위반,노면상태,기상상태,도로형태,가해운전자 차종,가해운전자 성별,가해운전자 연령,가해운전자 상해정도,피해운전자 차종,피해운전자 성별,피해운전자 연령,피해운전자 상해정도
2018021300100579,2018년 2월 13일 18시,화요일,서울특별시 동작구 신대방동,중상사고,0,1,0,0,차대사람 - 횡단중,안전운전불이행,건조,맑음,단일로 - 기타,승용,남,69세,상해없음,보행자,여,84세,중상
2018021300100580,2018년 2월 13일 18시,화요일,서울특별시 관악구 봉천동,중상사고,0,1,0,0,차대사람 - 횡단중,안전운전불이행,건조,맑음,교차로 - 교차로횡단보도내,승합,남,47세,상해없음,보행자,여,70세,중상
2018021300100697,2018년 2월 13일 20시,화요일,서울특별시 중랑구 면목동,경상사고,0,0,1,0,차대사람 - 길가장자리구역통행중,안전운전불이행,건조,맑음,단일로 - 기타,승용,남,33세,상해없음,보행자,여,67세,경상
2018021300100732,2018년 2월 13일 21시,화요일,서울특별시 강북구 수유동,중상사고,0,1,1,0,차대사람 - 기타,안전운전불이행,건조,맑음,단일로 - 기타,이륜,남,18세,경상,보행자,남,67세,중상
2018021300100734,2018년 2월 13일 21시,화요일,서울특별시 강남구 일원동,중상사고,0,1,0,0,차대사람 - 횡단중,안전운전불이행,건조,맑음,단일로 - 기타,승용,여,40세,상해없음,보행자,여,70세,중상
2018021400100096,2018년 2월 14일 05시,수요일,서울특별시 동작구 대방동,경상사고,0,0,1,0,차대사람 - 횡단중,안전운전불이행,건조,맑음,교차로 - 교차로횡단보도내,승용,남,43세,상해없음,보행자,남,85세,경상
2018021400100104,2018년 2월 14일 06시,수요일,서울특별시 서대문구 홍은동,사망사고,1,0,0,0,차대사람 - 횡단중,안전운전불이행,건조,맑음,단일로 - 기타,승용,남,41세,상해없음,보행자,남,80세,사망
2018021400100106,2018년 2월 14일 06시,수요일,서울특별시 서초구 서초동,중상사고,0,1,0,0,차대사람 - 횡단중,보행자보호의무위반,건조,맑음,교차로 - 교차로안,승합,남,58세,상해없음,보행자,남,76세,중상
2018021400100130,2018년 2월 14일 07시,수요일,서울특별시 강동구 둔촌동,중상사고,0,1,0,0,차대사람 - 횡단중,안전운전불이행,건조,맑음,교차로 - 교차로횡단보도내,승용,남,25세,상해없음,보행자,남,74세,중상
2018021400100200,2018년 2월 14일 10시,수요일,서울특별시 광진구 구의동,경상사고,0,0,1,0,차대사람 - 기타,안전운전불이행,건조,맑음,기타 - 기타,화물,남,55세,상해없음,보행자,남,73세,경상
2018021400100201,2018년 2월 14일 10시,수요일,서울특별시 금천구 독산동,중상사고,0,1,0,0,차대사람 - 횡단중,보행자보호의무위반,건조,맑음,교차로 - 교차로횡단보도내,승용,여,28세,기타불명,보행자,남,68세,중상
2018021400100205,2018년 2월 14일 10시,수요일,서울특별시 노원구 월계동,중상사고,0,1,0,0,차대사람 - 기타,안전운전불이행,건조,맑음,기타 - 기타,이륜,남,61세,상해없음,보행자,여,77세,중상
2018021400100280,2018년 2월 14일 12시,수요일,서울특별시 금천구 시흥동,경상사고,0,0,1,0,차대사람 - 기타,안전운전불이행,건조,맑음,단일로 - 기타,승용,남,20세,상해없음,보행자,여,66세,경상
2018021400100329,2018년 2월 14일 14시,수요일,서울특별시 금천구 독산동,중상사고,0,1,0,0,차대사람 - 기타,안전운전불이행,건조,맑음,교차로 - 교차로안,화물,남,54세,상해없음,보행자,남,69세,중상
2018021400100330,2018년 2월 14일 14시,수요일,서울특별시 동작구 상도동,중상사고,0,1,0,0,차대사람 - 차도통행중,안전운전불이행,건조,맑음,교차로 - 교차로안,승용,여,20세,상해없음,보행자,여,80세,중상
2018021400100368,2018년 2월 14일 15시,수요일,서울특별시 동대문구 이문동,중상사고,0,1,0,0,차대사람 - 차도통행중,안전운전불이행,건조,맑음,단일로 - 기타,승용,남,34세,상해없음,보행자,남,68세,중상
2018021400100372,2018년 2월 14일 15시,수요일,서울특별시 구로구 궁동,중상사고,0,1,0,0,차대사람 - 횡단중,안전운전불이행,건조,맑음,교차로 - 교차로안,승용,여,55세,상해없음,보행자,여,74세,중상
2018021400100456,2018년 2월 14일 17시,수요일,서울특별시 송파구 거여동,중상사고,0,1,0,0,차대사람 - 기타,기타,건조,맑음,기타 - 기타,승용,여,42세,상해없음,보행자,여,76세,중상
2018021400100547,2018년 2월 14일 19시,수요일,서울특별시 동작구 노량진동,중상사고,0,1,0,0,차대사람 - 차도통행중,안전운전불이행,건조,맑음,단일로 - 기타,승용,남,76세,상해없음,보행자,여,73세,중상
2018021500100172,2018년 2월 15일 11시,목요일,서울특별시 동대문구 전농동,중상사고,0,1,0,0,차대사람 - 횡단중,안전운전불이행,건조,맑음,교차로 - 교차로부근,승용,남,50세,상해없음,보행자,여,78세,중상
2018021500100383,2018년 2월 15일 21시,목요일,서울특별시 강북구 수유동,중상사고,0,1,0,0,차대사람 - 기타,안전운전불이행,건조,맑음,교차로 - 교차로부근,승용,남,36세,상해없음,보행자,남,68세,중상
2018021600100001,2018년 2월 16일 00시,금요일,서울특별시 성북구 정릉동,경상사고,0,0,1,0,차대사람 - 기타,안전운전불이행,건조,맑음,교차로 - 교차로안,승용,남,45세,상해없음,보행자,여,65세,경상
2018021700100090,2018년 2월 17일 10시,토요일,서울특별시 강동구 고덕동,중상사고,0,1,1,0,차대차 - 측면충돌,신호위반,건조,맑음,교차로 - 교차로안,화물,남,65세,상해없음,승용,여,50세,경상
2018021700100106,2018년 2월 17일 11시,토요일,서울특별시 광진구 중곡동,경상사고,0,0,1,0,차대사람 - 기타,기타,건조,맑음,단일로 - 기타,승용,남,54세,상해없음,보행자,여,67세,경상
2018021700100295,2018년 2월 17일 20시,토요일,서울특별시 용산구 후암동,중상사고,0,1,0,0,차대사람 - 횡단중,안전운전불이행,건조,맑음,교차로 - 교차로안,승용,남,70세,상해없음,보행자,남,66세,중상
2018021800100032,2018년 2월 18일 02시,일요일,서울특별시 강동구 천호동,중상사고,0,1,0,0,차대사람 - 횡단중,안전운전불이행,건조,흐림,단일로 - 기타,승용,남,64세,상해없음,보행자,남,71세,중상
2018021800100075,2018년 2월 18일 06시,일요일,서울특별시 마포구 서교동,중상사고,0,1,0,0,차대사람 - 횡단중,신호위반,건조,맑음,단일로 - 기타,이륜,남,26세,상해없음,보행자,남,77세,중상
2018021800100107,2018년 2월 18일 10시,일요일,서울특별시 종로구 창신동,중상사고,0,1,0,0,차대사람 - 기타,안전운전불이행,건조,맑음,단일로 - 기타,승용,남,60세,상해없음,보행자,남,83세,중상
2018021800100148,2018년 2월 18일 13시,일요일,서울특별시 서대문구 홍은동,중상사고,0,1,0,0,차대사람 - 길가장자리구역통행중,안전운전불이행,건조,흐림,단일로 - 기타,승용,여,30세,상해없음,보행자,남,79세,중상
2018021800100278,2018년 2월 18일 20시,일요일,서울특별시 송파구 풍납동,경상사고,0,0,1,0,차대사람 - 횡단중,보행자보호의무위반,건조,맑음,단일로 - 기타,승용,남,66세,상해없음,보행자,남,66세,경상
2018021900100140,2018년 2월 19일 11시,월요일,서울특별시 서대문구 북아현동,중상사고,0,1,0,0,차대사람 - 차도통행중,안전운전불이행,건조,맑음,단일로 - 기타,화물,남,64세,상해없음,보행자,남,81세,중상
2018021900100204,2018년 2월 19일 14시,월요일,서울특별시 서대문구 홍은동,중상사고,0,1,0,0,차대사람 - 횡단중,신호위반,건조,맑음,교차로 - 교차로횡단보도내,승용,남,46세,상해없음,보행자,남,77세,중상
2018021900100268,2018년 2월 19일 16시,월요일,서울특별시 강서구 방화동,중상사고,0,1,0,0,차대사람 - 기타,안전운전불이행,건조,맑음,단일로 - 기타,승용,남,44세,상해없음,보행자,여,72세,중상
2018022000100059,2018년 2월 20일 05시,화요일,서울특별시 강남구 세곡동,중상사고,0,1,0,0,차대사람 - 기타,기타,건조,맑음,단일로 - 기타,승합,남,48세,상해없음,보행자,여,65세,중상
2018022000100067,2018년 2월 20일 06시,화요일,서울특별시 동대문구 장안동,중상사고,0,1,0,0,차대사람 - 횡단중,안전운전불이행,건조,맑음,기타 - 기타,이륜,남,28세,상해없음,보행자,남,71세,중상
2018022000100196,2018년 2월 20일 11시,화요일,서울특별시 관악구 신림동,중상사고,0,1,0,0,차대사람 - 횡단중,보행자보호의무위반,건조,맑음,교차로 - 교차로횡단보도내,원동기,남,21세,상해없음,보행자,남,83세,중상
2018022000100269,2018년 2월 20일 14시,화요일,서울특별시 영등포구 대림동,중상사고,0,1,0,0,차대사람 - 보도통행중,기타,건조,맑음,기타 - 기타,승합,남,60세,상해없음,보행자,남,76세,중상
2018022000100351,2018년 2월 20일 17시,화요일,서울특별시 은평구 갈현동,중상사고,0,1,0,0,차대사람 - 보도통행중,기타,건조,맑음,기타 - 기타,승용,여,48세,상해없음,보행자,여,67세,중상
2018022000100381,2018년 2월 20일 18시,화요일,서울특별시 동작구 흑석동,부상신고사고,0,0,0,1,차대사람 - 기타,안전운전불이행,건조,맑음,교차로 - 교차로안,승합,남,71세,기타불명,보행자,남,65세,부상신고
2018022000100470,2018년 2월 20일 22시,화요일,서울특별시 송파구 신천동,중상사고,0,1,0,0,차대사람 - 횡단중,보행자보호의무위반,건조,맑음,교차로 - 교차로횡단보도내,승합,남,39세,상해없음,보행자,여,69세,중상
2018022100100032,2018년 2월 21일 05시,수요일,서울특별시 동대문구 답십리동,중상사고,0,1,0,0,차대사람 - 차도통행중,안전운전불이행,건조,맑음,교차로 - 교차로부근,승용,남,51세,상해없음,보행자,여,76세,중상
2018022100100033,2018년 2월 21일 05시,수요일,서울특별시 강동구 둔촌동,중상사고,0,1,0,0,차대사람 - 횡단중,신호위반,건조,맑음,단일로 - 기타,승용,남,74세,상해없음,보행자,여,73세,중상
2018022100100045,2018년 2월 21일 06시,수요일,서울특별시 강남구 논현동,중상사고,0,1,0,0,차대사람 - 기타,안전운전불이행,기타,기타,단일로 - 기타,승용,남,58세,상해없음,보행자,여,65세,중상
2018022100100170,2018년 2월 21일 12시,수요일,서울특별시 송파구 마천동,중상사고,0,1,0,0,차대사람 - 길가장자리구역통행중,안전운전불이행,건조,맑음,교차로 - 교차로안,승용,남,54세,상해없음,보행자,여,71세,중상
2018022100100192,2018년 2월 21일 13시,수요일,서울특별시 서초구 서초동,중상사고,0,1,1,0,차대사람 - 보도통행중,기타,건조,맑음,기타 - 기타,이륜,남,52세,중상,보행자,여,65세,경상
2018022100100218,2018년 2월 21일 14시,수요일,서울특별시 금천구 독산동,중상사고,0,1,0,0,차대사람 - 기타,안전운전불이행,건조,맑음,교차로 - 교차로안,승용,여,58세,상해없음,보행자,남,80세,중상
2018022100100275,2018년 2월 21일 16시,수요일,서울특별시 금천구 독산동,경상사고,0,0,1,0,차대사람 - 기타,안전운전불이행,건조,맑음,단일로 - 기타,승용,여,56세,상해없음,보행자,여,66세,경상
2018022100100318,2018년 2월 21일 18시,수요일,서울특별시 서대문구 홍제동,중상사고,0,1,0,0,차대사람 - 횡단중,안전운전불이행,건조,맑음,교차로 - 교차로안,승용,여,55세,상해없음,보행자,여,80세,중상
2018022200100046,2018년 2월 22일 03시,목요일,서울특별시 영등포구 양평동4가,경상사고,0,0,2,0,차대사람 - 길가장자리구역통행중,안전운전불이행,건조,기타,단일로 - 기타,화물,남,53세,기타불명,보행자,남,60세,경상
2018022200100070,2018년 2월 22일 06시,목요일,서울특별시 용산구 효창동,중상사고,0,1,0,0,차대사람 - 차도통행중,안전운전불이행,건조,맑음,단일로 - 기타,승용,남,62세,상해없음,보행자,남,71세,중상
2018022200100099,2018년 2월 22일 08시,목요일,서울특별시 종로구 창신동,중상사고,0,1,0,0,차대사람 - 횡단중,안전운전불이행,건조,맑음,단일로 - 기타,이륜,남,58세,상해없음,보행자,남,73세,중상
2018022200100225,2018년 2월 22일 12시,목요일,서울특별시 중구 남산동1가,중상사고,0,1,0,0,차대사람 - 횡단중,안전운전불이행,건조,맑음,단일로 - 기타,승용,남,19세,상해없음,보행자,남,71세,중상
2018022200100257,2018년 2월 22일 13시,목요일,서울특별시 관악구 봉천동,중상사고,0,1,0,0,차대사람 - 기타,안전운전불이행,건조,맑음,단일로 - 기타,승용,여,45세,상해없음,보행자,여,69세,중상
2018022200100258,2018년 2월 22일 13시,목요일,서울특별시 관악구 신림동,경상사고,0,0,1,0,차대사람 - 횡단중,안전운전불이행,건조,맑음,단일로 - 기타,승합,남,56세,상해없음,보행자,여,73세,경상
2018022200100279,2018년 2월 22일 14시,목요일,서울특별시 광진구 자양동,중상사고,0,1,0,0,차대사람 - 길가장자리구역통행중,안전운전불이행,건조,맑음,단일로 - 기타,승용,여,55세,상해없음,보행자,여,79세,중상
2018022200100358,2018년 2월 22일 17시,목요일,서울특별시 영등포구 대림동,경상사고,0,0,1,0,차대사람 - 기타,신호위반,건조,맑음,단일로 - 기타,승용,남,54세,상해없음,보행자,남,74세,경상
2018022300100169,2018년 2월 23일 09시,금요일,서울특별시 서대문구 연희동,중상사고,0,1,0,0,차대사람 - 횡단중,보행자보호의무위반,젖음/습기,맑음,단일로 - 기타,승용,남,28세,상해없음,보행자,여,78세,중상
2018022300100234,2018년 2월 23일 11시,금요일,서울특별시 동작구 사당동,경상사고,0,0,1,0,차대사람 - 기타,안전운전불이행,건조,맑음,단일로 - 기타,승용,여,38세,상해없음,보행자,남,89세,경상
2018022300100273,2018년 2월 23일 12시,금요일,서울특별시 영등포구 문래동1가,경상사고,0,0,1,0,차대사람 - 차도통행중,안전운전불이행,건조,맑음,교차로 - 교차로안,화물,남,31세,상해없음,보행자,남,88세,경상
2018022300100394,2018년 2월 23일 17시,금요일,서울특별시 중랑구 망우동,경상사고,0,0,1,0,차대사람 - 차도통행중,안전운전불이행,건조,맑음,교차로 - 교차로안,승용,남,49세,상해없음,보행자,남,65세,경상
2018022300100454,2018년 2월 23일 19시,금요일,서울특별시 동대문구 제기동,경상사고,0,0,1,0,차대사람 - 횡단중,안전운전불이행,건조,맑음,교차로 - 교차로안,승용,남,58세,상해없음,보행자,여,77세,경상
2018022400100061,2018년 2월 24일 04시,토요일,서울특별시 중랑구 망우동,중상사고,0,1,0,0,차대사람 - 기타,보행자보호의무위반,건조,맑음,교차로 - 교차로부근,승용,남,77세,상해없음,보행자,남,74세,중상
2018022400100071,2018년 2월 24일 05시,토요일,서울특별시 강남구 개포동,중상사고,0,1,0,0,차대사람 - 횡단중,안전운전불이행,건조,맑음,교차로 - 교차로부근,승용,남,69세,상해없음,보행자,남,74세,중상
2018022400100157,2018년 2월 24일 10시,토요일,서울특별시 용산구 한강로3가,경상사고,0,0,1,0,차대사람 - 횡단중,보행자보호의무위반,건조,맑음,교차로 - 교차로횡단보도내,승용,남,43세,상해없음,보행자,남,68세,경상
2018022400100160,2018년 2월 24일 10시,토요일,서울특별시 서초구 양재동,경상사고,0,0,1,0,차대사람 - 차도통행중,안전운전불이행,건조,맑음,단일로 - 기타,승용,남,56세,상해없음,보행자,남,68세,경상
2018022400100161,2018년 2월 24일 10시,토요일,서울특별시 양천구 신월동,중상사고,0,1,0,0,차대사람 - 길가장자리구역통행중,안전운전불이행,건조,맑음,단일로 - 기타,화물,남,49세,상해없음,보행자,여,65세,중상
2018022500100057,2018년 2월 25일 04시,일요일,서울특별시 영등포구 여의도동,경상사고,0,0,1,0,차대사람 - 횡단중,안전운전불이행,건조,맑음,단일로 - 기타,승용,남,65세,상해없음,보행자,남,66세,경상
2018022500100196,2018년 2월 25일 14시,일요일,서울특별시 도봉구 쌍문동,경상사고,0,0,1,0,차대사람 - 기타,기타,건조,맑음,단일로 - 기타,승용,남,61세,상해없음,보행자,여,71세,경상
2018022500100239,2018년 2월 25일 16시,일요일,서울특별시 동작구 상도동,경상사고,0,0,1,0,차대사람 - 횡단중,보행자보호의무위반,건조,맑음,교차로 - 교차로부근,이륜,남,16세,상해없음,보행자,여,65세,경상
2018022500100305,2018년 2월 25일 19시,일요일,서울특별시 송파구 송파동,경상사고,0,0,1,0,차대사람 - 차도통행중,안전운전불이행,건조,맑음,교차로 - 교차로부근,승용,남,74세,상해없음,보행자,여,75세,경상
2018022600100018,2018년 2월 26일 03시,월요일,서울특별시 강남구 역삼동,중상사고,0,1,0,0,차대사람 - 횡단중,안전운전불이행,건조,맑음,단일로 - 기타,승용,남,49세,상해없음,보행자,여,68세,중상
2018022600100030,2018년 2월 26일 05시,월요일,서울특별시 강남구 역삼동,중상사고,0,1,0,0,차대사람 - 횡단중,안전운전불이행,건조,맑음,단일로 - 기타,승용,남,46세,상해없음,보행자,여,72세,중상
2018022600100031,2018년 2월 26일 05시,월요일,서울특별시 동작구 사당동,사망사고,1,0,0,0,차대사람 - 기타,안전운전불이행,건조,맑음,단일로 - 기타,승합,남,61세,상해없음,보행자,여,69세,사망
2018022600100143,2018년 2월 26일 10시,월요일,서울특별시 중구 회현동1가,중상사고,0,1,0,0,차대사람 - 기타,안전운전불이행,건조,맑음,단일로 - 기타,승용,여,28세,상해없음,보행자,남,90세 이상,중상
2018022600100145,2018년 2월 26일 10시,월요일,서울특별시 은평구 응암동,중상사고,0,1,0,0,차대사람 - 횡단중,보행자보호의무위반,건조,맑음,단일로 - 기타,승용,남,63세,상해없음,보행자,남,68세,중상
2018022600100248,2018년 2월 26일 13시,월요일,서울특별시 동대문구 제기동,중상사고,0,1,0,0,차대사람 - 기타,안전운전불이행,건조,맑음,단일로 - 기타,승합,여,63세,상해없음,보행자,여,65세,중상
2018022600100288,2018년 2월 26일 14시,월요일,서울특별시 금천구 독산동,경상사고,0,0,1,0,차대사람 - 보도통행중,기타,건조,맑음,단일로 - 기타,승용,남,45세,기타불명,보행자,남,78세,경상
2018022600100294,2018년 2월 26일 14시,월요일,서울특별시 구로구 개봉동,경상사고,0,0,1,0,차대사람 - 기타,신호위반,건조,맑음,단일로 - 기타,승합,남,55세,상해없음,보행자,남,67세,경상
2018022600100327,2018년 2월 26일 15시,월요일,서울특별시 강동구 성내동,부상신고사고,0,0,0,1,차대사람 - 횡단중,안전운전불이행,건조,맑음,교차로 - 교차로안,승용,여,61세,상해없음,보행자,여,86세,부상신고
2018022600100361,2018년 2월 26일 16시,월요일,서울특별시 강북구 번동,중상사고,0,1,0,0,차대사람 - 보도통행중,기타,건조,맑음,단일로 - 기타,승용,남,31세,상해없음,보행자,여,84세,중상
2018022600100503,2018년 2월 26일 20시,월요일,서울특별시 양천구 신정동,중상사고,0,1,0,0,차대사람 - 기타,안전운전불이행,건조,맑음,단일로 - 기타,원동기,남,26세,상해없음,보행자,남,67세,중상
2018022700100131,2018년 2월 27일 10시,화요일,서울특별시 금천구 가산동,중상사고,0,1,0,0,차대사람 - 기타,기타,건조,맑음,단일로 - 기타,특수,남,62세,상해없음,보행자,남,73세,중상
2018022700100208,2018년 2월 27일 13시,화요일,서울특별시 광진구 자양동,중상사고,0,1,0,0,차대사람 - 기타,안전운전불이행,건조,맑음,단일로 - 기타,승용,남,75세,상해없음,보행자,여,78세,중상
2018022700100236,2018년 2월 27일 14시,화요일,서울특별시 노원구 상계동,경상사고,0,0,1,0,차대사람 - 횡단중,안전운전불이행,건조,흐림,교차로 - 교차로부근,화물,남,43세,상해없음,보행자,여,77세,경상
2018022700100393,2018년 2월 27일 19시,화요일,서울특별시 동작구 상도동,중상사고,0,1,0,0,차대사람 - 차도통행중,안전운전불이행,건조,맑음,교차로 - 교차로안,승용,남,62세,상해없음,보행자,남,67세,중상
2018022700100484,2018년 2월 27일 21시,화요일,서울특별시 은평구 불광동,중상사고,0,1,0,0,차대사람 - 길가장자리구역통행중,안전운전불이행,건조,맑음,단일로 - 기타,화물,남,60세,상해없음,보행자,여,75세,중상
2018022700100517,2018년 2월 27일 22시,화요일,서울특별시 성북구 석관동,중상사고,0,1,0,0,차대사람 - 횡단중,안전운전불이행,건조,맑음,단일로 - 기타,원동기,남,33세,상해없음,보행자,여,65세,중상
2018022800100031,2018년 2월 28일 04시,수요일,서울특별시 용산구 이촌동,경상사고,0,0,1,0,차대사람 - 기타,안전운전불이행,건조,맑음,교차로 - 교차로안,승합,남,69세,상해없음,보행자,남,76세,경상
2018022800100032,2018년 2월 28일 04시,수요일,서울특별시 성북구 정릉동,중상사고,0,1,0,0,차대사람 - 횡단중,신호위반,건조,맑음,교차로 - 교차로부근,승용,남,66세,상해없음,보행자,남,70세,중상
2018022800100105,2018년 2월 28일 09시,수요일,서울특별시 성북구 보문동7가,중상사고,0,1,0,0,차대사람 - 길가장자리구역통행중,안전운전불이행,건조,맑음,단일로 - 기타,화물,남,47세,상해없음,보행자,여,72세,중상
2018022800100109,2018년 2월 28일 09시,수요일,서울특별시 은평구 갈현동,부상신고사고,0,0,0,1,차대사람 - 횡단중,안전운전불이행,건조,맑음,단일로 - 기타,승용,남,47세,상해없음,보행자,여,80세,부상신고
2018022800100123,2018년 2월 28일 10시,수요일,서울특별시 중구 남대문로5가,경상사고,0,0,1,0,차대사람 - 횡단중,신호위반,건조,맑음,교차로 - 교차로횡단보도내,승용,남,55세,상해없음,보행자,남,72세,경상
2018022800100148,2018년 2월 28일 11시,수요일,서울특별시 영등포구 영등포동6가,경상사고,0,0,1,0,차대사람 - 기타,신호위반,건조,맑음,교차로 - 교차로안,화물,남,34세,기타불명,보행자,여,75세,경상
2018022800100482,2018년 2월 28일 19시,수요일,서울특별시 송파구 마천동,중상사고,0,1,1,0,차대사람 - 횡단중,안전운전불이행,젖음/습기,비,교차로 - 교차로부근,승용,남,77세,상해없음,보행자,여,76세,경상
2018022800100607,2018년 2월 28일 21시,수요일,서울특별시 성북구 보문동2가,중상사고,0,1,0,0,차대사람 - 횡단중,안전운전불이행,젖음/습기,비,단일로 - 기타,승용,남,34세,상해없음,보행자,여,75세,중상
2018030100100010,2018년 3월 1일 00시,목요일,서울특별시 구로구 가리봉동,중상사고,0,1,0,0,차대사람 - 횡단중,안전운전불이행,젖음/습기,비,교차로 - 교차로부근,승용,남,45세,상해없음,보행자,남,76세,중상
2018030100100086,2018년 3월 1일 04시,목요일,서울특별시 강서구 화곡동,경상사고,0,0,1,0,차대사람 - 기타,안전운전불이행,젖음/습기,비,단일로 - 기타,승용,남,39세,상해없음,보행자,여,75세,경상
2018030100100158,2018년 3월 1일 10시,목요일,서울특별시 은평구 증산동,중상사고,0,1,0,0,차대사람 - 횡단중,안전운전불이행,건조,맑음,교차로 - 교차로안,승용,남,33세,상해없음,보행자,여,80세,중상
2018030100100312,2018년 3월 1일 16시,목요일,서울특별시 도봉구 방학동,경상사고,0,0,1,0,차대사람 - 보도통행중,기타,건조,맑음,단일로 - 기타,사륜오토바이(ATV),남,47세,상해없음,보행자,남,65세,경상
2018030100100452,2018년 3월 1일 21시,목요일,서울특별시 강서구 등촌동,경상사고,0,0,1,0,차대사람 - 횡단중,보행자보호의무위반,건조,맑음,교차로 - 교차로부근,승용,남,29세,상해없음,보행자,여,70세,경상
2018030200100080,2018년 3월 2일 08시,금요일,서울특별시 도봉구 창동,경상사고,0,0,1,0,차대사람 - 길가장자리구역통행중,안전운전불이행,건조,맑음,교차로 - 교차로부근,승용,여,65세,상해없음,보행자,여,82세,경상
2018030200100144,2018년 3월 2일 10시,금요일,서울특별시 강북구 수유동,부상신고사고,0,0,0,1,차대사람 - 기타,안전운전불이행,건조,맑음,단일로 - 기타,승합,남,48세,상해없음,보행자,여,76세,부상신고
2018030200100145,2018년 3월 2일 10시,금요일,서울특별시 마포구 아현동,중상사고,0,1,0,0,차대사람 - 횡단중,보행자보호의무위반,건조,맑음,교차로 - 교차로횡단보도내,화물,남,42세,상해없음,보행자,남,77세,중상
2018030200100197,2018년 3월 2일 12시,금요일,서울특별시 성북구 정릉동,중상사고,0,1,0,0,차대사람 - 횡단중,안전운전불이행,건조,맑음,교차로 - 교차로안,승용,남,45세,상해없음,보행자,여,79세,중상
2018030200100203,2018년 3월 2일 12시,금요일,서울특별시 강동구 길동,중상사고,0,1,0,0,차대사람 - 기타,안전운전불이행,건조,맑음,교차로 - 교차로부근,승용,남,64세,상해없음,보행자,여,69세,중상
2018030200100303,2018년 3월 2일 15시,금요일,서울특별시 마포구 도화동,중상사고,0,1,0,0,차대사람 - 차도통행중,안전운전불이행,건조,맑음,교차로 - 교차로부근,승용,여,60세,상해없음,보행자,여,75세,중상
2018030200100346,2018년 3월 2일 16시,금요일,서울특별시 강북구 미아동,중상사고,0,1,1,0,차대사람 - 횡단중,안전운전불이행,건조,맑음,단일로 - 기타,이륜,남,34세,경상,보행자,여,72세,중상
2018030200100397,2018년 3월 2일 17시,금요일,서울특별시 은평구 진관동,중상사고,0,1,0,0,차대사람 - 횡단중,신호위반,건조,맑음,교차로 - 교차로안,화물,남,58세,상해없음,보행자,여,79세,중상
2018030200100477,2018년 3월 2일 19시,금요일,서울특별시 관악구 신림동,경상사고,0,0,2,0,차대사람 - 횡단중,신호위반,건조,맑음,교차로 - 교차로횡단보도내,승용,여,80세,상해없음,보행자,여,64세,경상
2018030300100122,2018년 3월 3일 10시,토요일,서울특별시 은평구 구산동,경상사고,0,0,1,0,차대사람 - 차도통행중,안전운전불이행,건조,맑음,단일로 - 기타,승용,남,31세,상해없음,보행자,남,86세,경상
2018030300100198,2018년 3월 3일 13시,토요일,서울특별시 영등포구 당산동,경상사고,0,0,1,0,차대사람 - 기타,안전운전불이행,건조,맑음,단일로 - 기타,자전거,남,12세,상해없음,보행자,남,69세,경상
2018030300100445,2018년 3월 3일 21시,토요일,서울특별시 구로구 고척동,중상사고,0,1,0,0,차대사람 - 횡단중,안전운전불이행,건조,맑음,교차로 - 교차로횡단보도내,승용,남,38세,상해없음,보행자,남,67세,중상
2018030400100086,2018년 3월 4일 07시,일요일,서울특별시 구로구 구로동,중상사고,0,1,0,0,차대사람 - 보도통행중,보행자보호의무위반,젖음/습기,비,교차로 - 교차로횡단보도내,승용,남,43세,상해없음,보행자,남,76세,중상
2018030400100158,2018년 3월 4일 12시,일요일,서울특별시 송파구 석촌동,중상사고,0,1,0,0,차대사람 - 횡단중,중앙선침범,건조,맑음,교차로 - 교차로안,승용,남,69세,상해없음,보행자,남,80세,중상
2018030400100442,2018년 3월 4일 23시,일요일,서울특별시 강동구 길동,중상사고,0,1,0,0,차대사람 - 기타,안전운전불이행,젖음/습기,비,단일로 - 기타,승용,남,48세,기타불명,보행자,남,65세,중상
2018030500100069,2018년 3월 5일 06시,월요일,서울특별시 강동구 천호동,경상사고,0,0,1,0,차대사람 - 기타,보행자보호의무위반,젖음/습기,비,단일로 - 기타,승용,남,71세,상해없음,보행자,여,74세,경상
2018030500100112,2018년 3월 5일 08시,월요일,서울특별시 성북구 하월곡동,중상사고,0,1,0,0,차대사람 - 횡단중,보행자보호의무위반,젖음/습기,흐림,교차로 - 교차로횡단보도내,승용,남,53세,상해없음,보행자,여,90세 이상,중상
2018030500100145,2018년 3월 5일 09시,월요일,서울특별시 성동구 성수동1가,중상사고,0,1,0,0,차대사람 - 횡단중,안전운전불이행,젖음/습기,흐림,교차로 - 교차로부근,화물,남,63세,상해없음,보행자,여,71세,중상
2018030500100189,2018년 3월 5일 11시,월요일,서울특별시 동작구 신대방동,중상사고,0,1,0,0,차대사람 - 횡단중,안전운전불이행,건조,흐림,단일로 - 기타,승용,남,76세,상해없음,보행자,여,78세,중상
2018030500100219,2018년 3월 5일 12시,월요일,서울특별시 서대문구 홍은동,중상사고,0,1,1,0,차대사람 - 횡단중,보행자보호의무위반,건조,맑음,교차로 - 교차로횡단보도내,승용,남,65세,경상,보행자,여,79세,중상
2018030500100221,2018년 3월 5일 12시,월요일,서울특별시 마포구 연남동,경상사고,0,0,1,0,차대사람 - 기타,안전운전불이행,건조,맑음,단일로 - 기타,승용,남,60세,상해없음,보행자,남,76세,경상