사고번호,사고일시,요일,시군구,사고내용,사망자수,중상자수,경상자수,부상신고자수,사고유형,법규위반,노면상태,기상상태,도로형태,가해운전자 차종,가해운전자 성별,가해운전자 연령,가해운전자 상해정도,피해운전자 차종,피해운전자 성별,피해운전자 연령,피해운전자 상해정도
2018032600100036,2018년 3월 26일 06시,월요일,서울특별시 서대문구 홍은동,중상사고,0,1,0,0,차대사람 - 횡단중,보행자보호의무위반,건조,맑음,단일로 - 기타,화물,남,49세,상해없음,보행자,남,78세,중상
2018032600100051,2018년 3월 26일 07시,월요일,서울특별시 관악구 남현동,경상사고,0,0,1,0,차대사람 - 횡단중,안전운전불이행,건조,흐림,교차로 - 교차로부근,화물,남,55세,상해없음,보행자,남,67세,경상
2018032600100177,2018년 3월 26일 11시,월요일,서울특별시 동대문구 답십리동,중상사고,0,2,0,0,차대사람 - 기타,안전운전불이행,건조,맑음,기타 - 기타,승합,남,41세,상해없음,보행자,여,74세,중상
2018032600100179,2018년 3월 26일 11시,월요일,서울특별시 금천구 가산동,중상사고,0,1,1,0,차대사람 - 기타,보행자보호의무위반,건조,맑음,단일로 - 기타,자전거,남,50세,경상,보행자,남,82세,중상
2018032600100204,2018년 3월 26일 12시,월요일,서울특별시 중구 남대문로2가,중상사고,0,1,0,0,차대사람 - 기타,안전운전불이행,건조,맑음,단일로 - 기타,승용,남,65세,상해없음,보행자,여,70세,중상
2018032600100236,2018년 3월 26일 13시,월요일,서울특별시 서초구 반포동,경상사고,0,0,1,0,차대사람 - 길가장자리구역통행중,안전운전불이행,건조,맑음,단일로 - 기타,화물,남,37세,상해없음,보행자,남,74세,경상
2018032600100287,2018년 3월 26일 15시,월요일,서울특별시 강북구 미아동,중상사고,0,1,0,0,차대사람 - 횡단중,보행자보호의무위반,건조,맑음,교차로 - 교차로안,승용,남,57세,상해없음,보행자,남,84세,중상
2018032600100321,2018년 3월 26일 16시,월요일,서울특별시 동대문구 답십리동,경상사고,0,0,1,0,차대사람 - 기타,안전운전불이행,건조,맑음,교차로 - 교차로안,화물,남,50세,상해없음,보행자,남,79세,경상
2018032600100577,2018년 3월 26일 23시,월요일,서울특별시 강동구 천호동,중상사고,0,1,0,0,차대사람 - 차도통행중,안전운전불이행,건조,맑음,교차로 - 교차로안,승용,남,47세,상해없음,보행자,남,67세,중상
2018032700100379,2018년 3월 27일 18시,화요일,서울특별시 금천구 시흥동,중상사고,0,1,1,0,차대사람 - 기타,안전운전불이행,건조,맑음,단일로 - 기타,승용,남,65세,상해없음,보행자,여,73세,중상
2018032800100088,2018년 3월 28일 08시,수요일,서울특별시 성동구 용답동,경상사고,0,0,1,0,차대사람 - 횡단중,안전운전불이행,건조,맑음,단일로 - 기타,승용,남,36세,상해없음,보행자,여,90세 이상,경상
2018032800100151,2018년 3월 28일 10시,수요일,서울특별시 성북구 삼선동2가,중상사고,0,1,0,0,차대사람 - 횡단중,안전운전불이행,건조,맑음,단일로 - 기타,승용,남,27세,상해없음,보행자,여,71세,중상
2018032800100152,2018년 3월 28일 10시,수요일,서울특별시 동대문구 전농동,중상사고,0,1,0,0,차대사람 - 횡단중,안전운전불이행,건조,맑음,교차로 - 교차로횡단보도내,승합,남,45세,상해없음,보행자,여,72세,중상
2018032800100206,2018년 3월 28일 12시,수요일,서울특별시 영등포구 신길동,경상사고,0,0,1,0,차대사람 - 보도통행중,기타,건조,맑음,단일로 - 기타,원동기,기타불명,미분류,기타불명,보행자,여,71세,경상
2018032800100210,2018년 3월 28일 12시,수요일,서울특별시 양천구 신정동,경상사고,0,0,1,0,차대사람 - 기타,보행자보호의무위반,건조,맑음,단일로 - 기타,화물,남,53세,상해없음,보행자,여,78세,경상
2018032800100274,2018년 3월 28일 14시,수요일,서울특별시 중랑구 묵동,경상사고,0,0,1,0,차대사람 - 횡단중,안전운전불이행,건조,맑음,단일로 - 기타,승용,남,62세,상해없음,보행자,여,75세,경상
2018032800100348,2018년 3월 28일 16시,수요일,서울특별시 은평구 증산동,중상사고,0,1,0,0,차대사람 - 횡단중,안전운전불이행,건조,맑음,교차로 - 교차로안,화물,남,68세,상해없음,보행자,남,80세,중상
2018032800100349,2018년 3월 28일 16시,수요일,서울특별시 광진구 중곡동,경상사고,0,0,1,0,차대사람 - 횡단중,보행자보호의무위반,건조,맑음,교차로 - 교차로횡단보도내,화물,남,47세,상해없음,보행자,남,77세,경상
2018032800100508,2018년 3월 28일 20시,수요일,서울특별시 강동구 천호동,중상사고,0,1,0,0,차대사람 - 횡단중,안전운전불이행,건조,맑음,교차로 - 교차로안,화물,남,81세,상해없음,보행자,남,75세,중상
2018032800100509,2018년 3월 28일 20시,수요일,서울특별시 송파구 오금동,중상사고,0,1,0,0,차대사람 - 횡단중,안전운전불이행,건조,맑음,단일로 - 기타,승용,남,59세,상해없음,보행자,여,68세,중상
2018032900100174,2018년 3월 29일 10시,목요일,서울특별시 강남구 논현동,중상사고,0,1,0,0,차대사람 - 기타,보행자보호의무위반,건조,맑음,교차로 - 교차로횡단보도내,승용,여,53세,상해없음,보행자,여,69세,중상
2018032900100227,2018년 3월 29일 12시,목요일,서울특별시 종로구 종로5가,중상사고,0,1,0,0,차대사람 - 기타,안전운전불이행,건조,맑음,단일로 - 기타,승용,남,36세,상해없음,보행자,남,81세,중상
2018032900100287,2018년 3월 29일 14시,목요일,서울특별시 도봉구 쌍문동,경상사고,0,0,1,0,차대사람 - 횡단중,신호위반,건조,맑음,교차로 - 교차로안,승용,여,24세,상해없음,보행자,여,69세,경상
2018032900100313,2018년 3월 29일 15시,목요일,서울특별시 영등포구 영등포동,경상사고,0,0,1,0,차대사람 - 기타,안전운전불이행,건조,맑음,교차로 - 교차로부근,승용,남,65세,상해없음,보행자,여,70세,경상
2018032900100386,2018년 3월 29일 17시,목요일,서울특별시 동대문구 용두동,경상사고,0,0,1,0,차대사람 - 기타,안전운전불이행,건조,맑음,단일로 - 기타,승용,남,28세,상해없음,보행자,여,66세,경상
2018032900100465,2018년 3월 29일 19시,목요일,서울특별시 동작구 대방동,부상신고사고,0,0,0,1,차대사람 - 횡단중,안전운전불이행,건조,맑음,교차로 - 교차로부근,승용,여,46세,상해없음,보행자,남,74세,부상신고
2018032900100541,2018년 3월 29일 21시,목요일,서울특별시 중랑구 중화동,경상사고,0,0,1,0,차대사람 - 보도통행중,기타,건조,맑음,단일로 - 기타,승용,남,47세,상해없음,보행자,여,78세,경상
2018033000100136,2018년 3월 30일 09시,금요일,서울특별시 용산구 청파동2가,중상사고,0,1,0,0,차대사람 - 횡단중,신호위반,건조,맑음,교차로 - 교차로안,승용,남,72세,상해없음,보행자,여,75세,중상
2018033000100200,2018년 3월 30일 11시,금요일,서울특별시 도봉구 쌍문동,경상사고,0,0,1,0,차대사람 - 차도통행중,안전운전불이행,건조,맑음,단일로 - 기타,승용,남,59세,상해없음,보행자,여,81세,경상
2018033000100255,2018년 3월 30일 13시,금요일,서울특별시 용산구 한남동,중상사고,0,1,0,0,차대사람 - 횡단중,보행자보호의무위반,건조,맑음,단일로 - 기타,승용,남,78세,상해없음,보행자,여,67세,중상
2018033000100329,2018년 3월 30일 15시,금요일,서울특별시 관악구 신림동,부상신고사고,0,0,0,1,차대사람 - 길가장자리구역통행중,안전운전불이행,건조,맑음,교차로 - 교차로안,승용,남,64세,상해없음,보행자,남,80세,부상신고
2018033000100407,2018년 3월 30일 17시,금요일,서울특별시 성동구 성수동2가,중상사고,0,1,0,0,차대사람 - 기타,신호위반,건조,맑음,단일로 - 기타,이륜,남,35세,상해없음,보행자,남,77세,중상
2018033000100451,2018년 3월 30일 18시,금요일,서울특별시 강동구 성내동,중상사고,0,1,0,0,차대사람 - 기타,안전운전불이행,건조,맑음,교차로 - 교차로안,승용,남,54세,상해없음,보행자,여,84세,중상
2018033100100470,2018년 3월 31일 19시,토요일,서울특별시 종로구 관철동,중상사고,0,1,0,0,차대사람 - 횡단중,안전운전불이행,건조,맑음,단일로 - 기타,이륜,남,45세,기타불명,보행자,여,81세,중상
2018033100100471,2018년 3월 31일 19시,토요일,서울특별시 동대문구 전농동,중상사고,0,1,0,0,차대사람 - 횡단중,안전운전불이행,건조,맑음,단일로 - 기타,승용,남,62세,상해없음,보행자,남,78세,중상
2018033100100504,2018년 3월 31일 20시,토요일,서울특별시 송파구 마천동,경상사고,0,0,1,0,차대사람 - 길가장자리구역통행중,안전운전불이행,건조,흐림,교차로 - 교차로부근,화물,남,71세,상해없음,보행자,남,70세,경상
2018040100100158,2018년 4월 1일 11시,일요일,서울특별시 동대문구 제기동,경상사고,0,0,1,0,차대사람 - 길가장자리구역통행중,안전운전불이행,건조,맑음,단일로 - 기타,승용,남,63세,상해없음,보행자,여,77세,경상
2018040100100256,2018년 4월 1일 15시,일요일,서울특별시 동작구 사당동,중상사고,0,1,0,0,차대사람 - 기타,안전운전불이행,건조,맑음,단일로 - 기타,자전거,여,47세,상해없음,보행자,여,80세,중상
2018040200100042,2018년 4월 2일 05시,월요일,서울특별시 성북구 장위동,경상사고,0,0,1,0,차대사람 - 횡단중,보행자보호의무위반,건조,맑음,교차로 - 교차로횡단보도내,승용,남,65세,상해없음,보행자,남,68세,경상
2018040200100050,2018년 4월 2일 06시,월요일,서울특별시 중구 남창동,중상사고,0,1,0,0,차대사람 - 기타,안전운전불이행,건조,맑음,단일로 - 기타,승용,여,36세,상해없음,보행자,여,68세,중상
2018040200100173,2018년 4월 2일 10시,월요일,서울특별시 용산구 동자동,경상사고,0,0,1,0,차대사람 - 횡단중,보행자보호의무위반,건조,맑음,교차로 - 교차로부근,화물,남,51세,상해없음,보행자,여,68세,경상
2018040200100203,2018년 4월 2일 11시,월요일,서울특별시 서대문구 연희동,경상사고,0,0,1,0,차대사람 - 기타,기타,건조,맑음,단일로 - 기타,승합,남,70세,상해없음,보행자,남,66세,경상
2018040200100258,2018년 4월 2일 13시,월요일,서울특별시 은평구 대조동,부상신고사고,0,0,0,1,차대사람 - 기타,안전운전불이행,건조,맑음,기타 - 기타,승용,여,54세,상해없음,보행자,여,78세,부상신고
2018040200100396,2018년 4월 2일 17시,월요일,서울특별시 서대문구 홍제동,경상사고,0,0,1,0,차대사람 - 횡단중,보행자보호의무위반,건조,맑음,단일로 - 기타,승용,남,53세,상해없음,보행자,남,68세,경상
2018040200100397,2018년 4월 2일 17시,월요일,서울특별시 강북구 수유동,중상사고,0,1,0,0,차대사람 - 기타,기타,건조,흐림,기타 - 기타,승합,남,31세,상해없음,보행자,여,81세,중상
2018040200100398,2018년 4월 2일 17시,월요일,서울특별시 동대문구 휘경동,중상사고,0,1,0,0,차대사람 - 횡단중,안전운전불이행,건조,맑음,교차로 - 교차로안,화물,남,44세,상해없음,보행자,남,80세,중상
2018040200100400,2018년 4월 2일 17시,월요일,서울특별시 중랑구 면목동,경상사고,0,0,1,0,차대사람 - 기타,안전운전불이행,건조,맑음,단일로 - 기타,승합,여,54세,상해없음,보행자,남,74세,경상
2018040200100430,2018년 4월 2일 18시,월요일,서울특별시 영등포구 당산동6가,중상사고,0,1,0,0,차대사람 - 기타,안전운전불이행,건조,맑음,단일로 - 기타,화물,남,45세,상해없음,보행자,여,86세,중상
2018040300100097,2018년 4월 3일 08시,화요일,서울특별시 노원구 상계동,중상사고,0,1,0,0,차대사람 - 차도통행중,안전운전불이행,건조,맑음,교차로 - 교차로안,승용,남,75세,상해없음,보행자,남,76세,중상
2018040300100131,2018년 4월 3일 09시,화요일,서울특별시 종로구 이화동,중상사고,0,1,0,0,차대사람 - 기타,안전운전불이행,건조,맑음,교차로 - 교차로부근,화물,남,72세,상해없음,보행자,여,76세,중상
2018040300100138,2018년 4월 3일 09시,화요일,서울특별시 은평구 갈현동,중상사고,0,1,0,0,차대사람 - 횡단중,안전운전불이행,건조,맑음,단일로 - 기타,승용,남,49세,상해없음,보행자,여,67세,중상
2018040300100172,2018년 4월 3일 10시,화요일,서울특별시 성북구 하월곡동,중상사고,0,1,0,0,차대사람 - 차도통행중,안전운전불이행,건조,맑음,교차로 - 교차로부근,이륜,남,59세,상해없음,보행자,여,82세,중상
2018040300100259,2018년 4월 3일 13시,화요일,서울특별시 은평구 응암동,경상사고,0,0,1,0,차대사람 - 차도통행중,안전운전불이행,건조,맑음,단일로 - 기타,승합,남,59세,상해없음,보행자,남,69세,경상
2018040300100413,2018년 4월 3일 17시,화요일,서울특별시 강남구 삼성동,경상사고,0,0,1,0,차대사람 - 횡단중,안전운전불이행,건조,맑음,주차장 - 주차장,승용,여,54세,상해없음,보행자,남,70세,경상
2018040300100534,2018년 4월 3일 20시,화요일,서울특별시 강서구 가양동,중상사고,0,1,0,0,차대사람 - 횡단중,보행자보호의무위반,건조,맑음,교차로 - 교차로횡단보도내,승합,여,63세,상해없음,보행자,남,66세,중상
2018040300100596,2018년 4월 3일 22시,화요일,서울특별시 중랑구 신내동,중상사고,0,1,0,0,차대사람 - 횡단중,안전운전불이행,건조,기타,단일로 - 기타,승용,남,60세,상해없음,보행자,남,66세,중상
2018040400100125,2018년 4월 4일 08시,수요일,서울특별시 양천구 신월동,경상사고,0,0,1,0,차대사람 - 기타,안전운전불이행,건조,맑음,단일로 - 기타,승용,남,62세,상해없음,보행자,남,68세,경상
2018040400100196,2018년 4월 4일 10시,수요일,서울특별시 동대문구 청량리동,경상사고,0,0,2,1,차대사람 - 횡단중,신호위반,건조,맑음,교차로 - 교차로횡단보도내,원동기,남,48세,상해없음,보행자,남,56세,부상신고
2018040400100201,2018년 4월 4일 10시,수요일,서울특별시 강서구 마곡동,중상사고,0,1,0,0,차대사람 - 기타,안전운전불이행,젖음/습기,흐림,단일로 - 기타,승합,남,61세,상해없음,보행자,여,87세,중상
2018040400100265,2018년 4월 4일 13시,수요일,서울특별시 성동구 성수동1가,경상사고,0,0,1,0,차대사람 - 차도통행중,안전운전불이행,건조,맑음,단일로 - 기타,승용,남,68세,상해없음,보행자,남,73세,경상
2018040400100365,2018년 4월 4일 16시,수요일,서울특별시 관악구 신림동,중상사고,0,1,0,0,차대사람 - 기타,기타,건조,맑음,단일로 - 기타,승합,남,55세,상해없음,보행자,남,79세,중상
2018040500100045,2018년 4월 5일 05시,목요일,서울특별시 서대문구 남가좌동,중상사고,0,1,0,0,차대사람 - 횡단중,신호위반,젖음/습기,비,교차로 - 교차로안,이륜,남,73세,상해없음,보행자,여,68세,중상
2018040500100048,2018년 4월 5일 05시,목요일,서울특별시 중랑구 상봉동,중상사고,0,1,0,0,차대사람 - 기타,안전운전불이행,젖음/습기,비,단일로 - 기타,승합,여,58세,상해없음,보행자,여,73세,중상
2018040500100176,2018년 4월 5일 10시,목요일,서울특별시 양천구 신정동,중상사고,0,1,0,0,차대사람 - 횡단중,신호위반,젖음/습기,비,단일로 - 기타,승용,남,53세,상해없음,보행자,여,69세,중상
2018040500100178,2018년 4월 5일 10시,목요일,서울특별시 노원구 공릉동,중상사고,0,1,0,0,차대사람 - 횡단중,안전운전불이행,젖음/습기,비,교차로 - 교차로안,화물,남,60세,상해없음,보행자,여,90세 이상,중상
2018040500100252,2018년 4월 5일 13시,목요일,서울특별시 광진구 중곡동,경상사고,0,0,1,0,차대사람 - 기타,안전운전불이행,건조,맑음,단일로 - 기타,승용,여,36세,상해없음,보행자,남,70세,경상
2018040500100276,2018년 4월 5일 14시,목요일,서울특별시 마포구 성산동,경상사고,0,0,1,0,차대사람 - 횡단중,보행자보호의무위반,젖음/습기,비,교차로 - 교차로부근,승용,남,23세,상해없음,보행자,여,66세,경상
2018040500100362,2018년 4월 5일 17시,목요일,서울특별시 동작구 상도동,경상사고,0,0,1,0,차대사람 - 횡단중,보행자보호의무위반,젖음/습기,비,교차로 - 교차로부근,승용,여,36세,상해없음,보행자,여,74세,경상
2018040500100501,2018년 4월 5일 20시,목요일,서울특별시 송파구 오금동,경상사고,0,0,1,0,차대사람 - 기타,안전운전불이행,젖음/습기,비,교차로 - 교차로안,화물,남,40세,상해없음,보행자,남,68세,경상
2018040600100174,2018년 4월 6일 09시,금요일,서울특별시 중구 충무로4가,경상사고,0,0,1,0,차대사람 - 기타,안전운전불이행,건조,맑음,단일로 - 지하차도(도로)내,기타불명,기타불명,미분류,기타불명,보행자,여,67세,경상
2018040600100236,2018년 4월 6일 11시,금요일,서울특별시 영등포구 여의도동,중상사고,0,1,0,0,차대사람 - 기타,보행자보호의무위반,건조,맑음,단일로 - 기타,건설기계,남,43세,상해없음,보행자,남,69세,중상
2018040600100239,2018년 4월 6일 11시,금요일,서울특별시 관악구 봉천동,경상사고,0,0,1,0,차대사람 - 기타,안전운전불이행,기타,기타,단일로 - 기타,기타불명,기타불명,미분류,기타불명,보행자,남,81세,경상
2018040600100291,2018년 4월 6일 13시,금요일,서울특별시 성북구 동선동1가,경상사고,0,0,1,0,차대사람 - 길가장자리구역통행중,안전운전불이행,건조,맑음,단일로 - 기타,승용,남,61세,상해없음,보행자,여,77세,경상
2018040600100293,2018년 4월 6일 13시,금요일,서울특별시 광진구 자양동,중상사고,0,1,0,0,차대사람 - 길가장자리구역통행중,안전운전불이행,건조,맑음,단일로 - 기타,기타불명,기타불명,미분류,기타불명,보행자,여,69세,중상
2018040600100379,2018년 4월 6일 16시,금요일,서울특별시 송파구 오금동,중상사고,0,1,0,0,차대사람 - 횡단중,안전운전불이행,건조,맑음,단일로 - 기타,화물,남,35세,상해없음,보행자,여,66세,중상
2018040600100418,2018년 4월 6일 17시,금요일,서울특별시 송파구 방이동,중상사고,0,1,0,0,차대사람 - 횡단중,중앙선침범,건조,맑음,단일로 - 기타,승용,여,37세,상해없음,보행자,여,88세,중상
2018040700100167,2018년 4월 7일 10시,토요일,서울특별시 송파구 잠실동,중상사고,0,1,0,0,차대사람 - 횡단중,보행자보호의무위반,건조,맑음,교차로 - 교차로부근,승용,남,50세,상해없음,보행자,남,74세,중상
2018040700100431,2018년 4월 7일 17시,토요일,서울특별시 용산구 한남동,중상사고,0,1,0,0,차대사람 - 차도통행중,기타,건조,맑음,단일로 - 기타,승용,남,35세,상해없음,보행자,여,80세,중상
2018040700100525,2018년 4월 7일 19시,토요일,서울특별시 금천구 시흥동,사망사고,1,0,0,0,차대사람 - 횡단중,안전운전불이행,건조,맑음,단일로 - 기타,화물,남,45세,상해없음,보행자,남,73세,사망
2018040800100086,2018년 4월 8일 06시,일요일,서울특별시 강북구 미아동,경상사고,0,0,1,0,차대사람 - 기타,안전운전불이행,건조,맑음,교차로 - 교차로부근,승용,남,26세,상해없음,보행자,여,71세,경상
2018040800100292,2018년 4월 8일 16시,일요일,서울특별시 노원구 상계동,중상사고,0,1,0,0,차대사람 - 길가장자리구역통행중,안전운전불이행,건조,맑음,단일로 - 지하차도(도로)내,승용,여,31세,상해없음,보행자,남,83세,중상
2018040800100294,2018년 4월 8일 16시,일요일,서울특별시 강남구 일원동,경상사고,0,0,1,0,차대사람 - 횡단중,안전운전불이행,젖음/습기,비,단일로 - 기타,승용,남,71세,상해없음,보행자,여,87세,경상
2018040800100433,2018년 4월 8일 20시,일요일,서울특별시 금천구 가산동,경상사고,0,0,1,0,차대사람 - 횡단중,안전운전불이행,건조,맑음,교차로 - 교차로횡단보도내,승용,남,75세,상해없음,보행자,여,75세,경상
2018040900100160,2018년 4월 9일 10시,월요일,서울특별시 광진구 구의동,중상사고,0,1,0,0,차대사람 - 횡단중,안전운전불이행,건조,맑음,단일로 - 기타,승합,남,48세,상해없음,보행자,여,79세,중상
2018040900100162,2018년 4월 9일 10시,월요일,서울특별시 동작구 상도동,경상사고,0,0,1,0,차대사람 - 차도통행중,안전운전불이행,건조,맑음,교차로 - 교차로안,승용,여,59세,상해없음,보행자,남,86세,경상
2018040900100205,2018년 4월 9일 11시,월요일,서울특별시 노원구 월계동,경상사고,0,0,1,0,차대사람 - 횡단중,보행자보호의무위반,건조,맑음,주차장 - 주차장,승용,여,47세,상해없음,보행자,남,69세,경상
2018040900100319,2018년 4월 9일 14시,월요일,서울특별시 동대문구 답십리동,중상사고,0,1,0,0,차대사람 - 횡단중,보행자보호의무위반,건조,맑음,교차로 - 교차로안,승용,남,67세,상해없음,보행자,여,65세,중상
2018040900100385,2018년 4월 9일 16시,월요일,서울특별시 동작구 본동,경상사고,0,0,1,0,차대사람 - 보도통행중,안전운전불이행,건조,맑음,단일로 - 기타,승용,남,60세,상해없음,보행자,여,78세,경상
2018040900100478,2018년 4월 9일 18시,월요일,서울특별시 구로구 구로동,중상사고,0,1,0,0,차대사람 - 횡단중,안전운전불이행,건조,맑음,교차로 - 교차로부근,승용,남,35세,상해없음,보행자,여,65세,중상
2018040900100519,2018년 4월 9일 19시,월요일,서울특별시 성북구 정릉동,중상사고,0,1,0,0,차대사람 - 보도통행중,기타,건조,맑음,단일로 - 기타,승용,남,26세,상해없음,보행자,여,68세,중상
2018040900100566,2018년 4월 9일 20시,월요일,서울특별시 송파구 송파동,경상사고,0,0,1,0,차대사람 - 횡단중,안전운전불이행,건조,맑음,단일로 - 기타,승용,여,55세,상해없음,보행자,여,67세,경상
2018041000100036,2018년 4월 10일 04시,화요일,서울특별시 성북구 하월곡동,중상사고,0,1,0,0,차대사람 - 횡단중,안전운전불이행,건조,맑음,단일로 - 기타,이륜,남,26세,상해없음,보행자,남,87세,중상
2018041000100186,2018년 4월 10일 10시,화요일,서울특별시 도봉구 도봉동,경상사고,0,0,1,0,차대사람 - 보도통행중,기타,건조,맑음,단일로 - 기타,승용,여,44세,상해없음,보행자,남,75세,경상
2018041000100208,2018년 4월 10일 11시,화요일,서울특별시 마포구 서교동,사망사고,1,0,0,0,차대사람 - 기타,안전운전불이행,건조,맑음,단일로 - 기타,승합,남,59세,상해없음,보행자,여,72세,사망
2018041000100300,2018년 4월 10일 14시,화요일,서울특별시 영등포구 신길동,중상사고,0,1,0,0,차대사람 - 횡단중,안전운전불이행,건조,맑음,단일로 - 기타,승합,남,28세,상해없음,보행자,여,81세,중상
2018041000100477,2018년 4월 10일 19시,화요일,서울특별시 마포구 상수동,중상사고,0,1,0,0,차대사람 - 차도통행중,안전운전불이행,건조,맑음,단일로 - 기타,승용,남,78세,상해없음,보행자,여,69세,중상
2018041000100597,2018년 4월 10일 22시,화요일,서울특별시 송파구 방이동,중상사고,0,1,1,0,차대사람 - 횡단중,보행자보호의무위반,젖음/습기,비,교차로 - 교차로횡단보도내,승합,남,70세,상해없음,보행자,여,60세,중상
2018041100100092,2018년 4월 11일 08시,수요일,서울특별시 동작구 사당동,경상사고,0,0,1,0,차대사람 - 보도통행중,안전운전불이행,건조,맑음,단일로 - 기타,화물,남,62세,상해없음,보행자,여,81세,경상
2018041100100174,2018년 4월 11일 10시,수요일,서울특별시 강북구 미아동,중상사고,0,1,0,0,차대사람 - 기타,안전운전불이행,건조,맑음,단일로 - 기타,승용,여,50세,상해없음,보행자,여,67세,중상
2018041100100348,2018년 4월 11일 16시,수요일,서울특별시 강서구 공항동,중상사고,0,1,0,0,차대사람 - 횡단중,보행자보호의무위반,건조,맑음,교차로 - 교차로횡단보도내,승용,여,55세,상해없음,보행자,남,69세,중상
2018041100100496,2018년 4월 11일 19시,수요일,서울특별시 성동구 홍익동,중상사고,0,1,1,0,차대사람 - 횡단중,안전운전불이행,건조,맑음,교차로 - 교차로부근,이륜,남,28세,경상,보행자,여,77세,중상
2018041100100497,2018년 4월 11일 19시,수요일,서울특별시 동작구 사당동,중상사고,0,1,0,0,차대사람 - 차도통행중,안전운전불이행,건조,맑음,교차로 - 교차로안,승용,여,44세,상해없음,보행자,여,71세,중상
2018041200100001,2018년 4월 12일 00시,목요일,서울특별시 종로구 종로3가,중상사고,0,1,0,0,차대사람 - 차도통행중,안전운전불이행,건조,맑음,단일로 - 기타,이륜,남,47세,상해없음,보행자,여,67세,중상
2018041200100061,2018년 4월 12일 06시,목요일,서울특별시 동대문구 휘경동,경상사고,0,0,1,0,차대사람 - 기타,안전운전불이행,건조,맑음,단일로 - 기타,화물,남,62세,상해없음,보행자,남,74세,경상
2018041200100105,2018년 4월 12일 08시,목요일,서울특별시 구로구 개봉동,중상사고,0,1,0,0,차대사람 - 기타,안전운전불이행,건조,기타,단일로 - 기타,화물,남,68세,상해없음,보행자,남,84세,중상
2018041200100301,2018년 4월 12일 14시,목요일,서울특별시 송파구 신천동,중상사고,0,1,0,0,차대사람 - 횡단중,보행자보호의무위반,건조,맑음,단일로 - 기타,승용,여,47세,상해없음,보행자,여,65세,중상
2018041200100539,2018년 4월 12일 20시,목요일,서울특별시 동대문구 제기동,중상사고,0,1,0,0,차대사람 - 기타,안전운전불이행,건조,맑음,단일로 - 기타,자전거,남,58세,상해없음,보행자,여,71세,중상
2018041300100189,2018년 4월 13일 10시,금요일,서울특별시 종로구 홍지동,중상사고,0,1,0,0,차대사람 - 횡단중,안전운전불이행,건조,맑음,단일로 - 기타,승용,남,74세,상해없음,보행자,여,71세,중상
2018041300100220,2018년 4월 13일 11시,금요일,서울특별시 마포구 연남동,경상사고,0,0,1,0,차대사람 - 횡단중,보행자보호의무위반,건조,맑음,교차로 - 교차로부근,화물,남,50세,상해없음,보행자,여,67세,경상
2018041300100244,2018년 4월 13일 12시,금요일,서울특별시 성동구 금호동4가,경상사고,0,0,1,0,차대사람 - 횡단중,안전운전불이행,건조,맑음,단일로 - 기타,이륜,남,17세,상해없음,보행자,남,74세,경상
2018041300100300,2018년 4월 13일 14시,금요일,서울특별시 동대문구 답십리동,경상사고,0,0,1,0,차대사람 - 길가장자리구역통행중,안전운전불이행,건조,맑음,단일로 - 기타,승용,남,50세,상해없음,보행자,여,76세,경상
2018041300100302,2018년 4월 13일 14시,금요일,서울특별시 동작구 노량진동,사망사고,1,0,0,0,차대사람 - 횡단중,신호위반,건조,맑음,단일로 - 기타,승용,남,45세,상해없음,보행자,남,89세,사망
2018041300100304,2018년 4월 13일 14시,금요일,서울특별시 송파구 거여동,중상사고,0,1,0,0,차대사람 - 기타,안전운전불이행,건조,맑음,교차로 - 교차로안,건설기계,남,62세,상해없음,보행자,여,82세,중상
2018041300100360,2018년 4월 13일 16시,금요일,서울특별시 서대문구 창천동,중상사고,0,1,0,0,차대사람 - 횡단중,중앙선침범,건조,맑음,교차로 - 교차로안,이륜,남,17세,상해없음,보행자,여,66세,중상
2018041300100363,2018년 4월 13일 16시,금요일,서울특별시 영등포구 신길동,경상사고,0,0,1,0,차대사람 - 길가장자리구역통행중,안전운전불이행,건조,맑음,단일로 - 기타,기타불명,기타불명,미분류,기타불명,보행자,여,78세,경상
2018041300100368,2018년 4월 13일 16시,금요일,서울특별시 노원구 상계동,중상사고,0,1,0,0,차대사람 - 횡단중,안전운전불이행,건조,맑음,교차로 - 교차로안,승용,남,67세,상해없음,보행자,여,70세,중상
2018041300100529,2018년 4월 13일 20시,금요일,서울특별시 강동구 상일동,중상사고,0,1,0,0,차대사람 - 기타,안전운전불이행,건조,맑음,단일로 - 기타,승합,남,48세,상해없음,보행자,여,76세,중상
2018041300100530,2018년 4월 13일 20시,금요일,서울특별시 강남구 역삼동,경상사고,0,0,1,0,차대사람 - 기타,안전운전불이행,건조,맑음,단일로 - 기타,승용,남,41세,상해없음,보행자,여,66세,경상
2018041300100570,2018년 4월 13일 21시,금요일,서울특별시 서대문구 홍제동,사망사고,1,0,0,0,차대사람 - 횡단중,안전운전불이행,건조,흐림,단일로 - 기타,승용,남,20세,상해없음,보행자,여,86세,사망
2018041300100574,2018년 4월 13일 21시,금요일,서울특별시 강동구 천호동,중상사고,0,1,0,0,차대사람 - 보도통행중,신호위반,건조,맑음,교차로 - 교차로횡단보도내,이륜,남,26세,상해없음,보행자,여,67세,중상
2018041300100575,2018년 4월 13일 21시,금요일,서울특별시 노원구 상계동,중상사고,0,1,0,0,차대사람 - 차도통행중,중앙선침범,건조,맑음,교차로 - 교차로안,승용,여,48세,상해없음,보행자,남,81세,중상