사고번호,사고일시,요일,시군구,사고내용,사망자수,중상자수,경상자수,부상신고자수,사고유형,법규위반,노면상태,기상상태,도로형태,가해운전자 차종,가해운전자 성별,가해운전자 연령,가해운전자 상해정도,피해운전자 차종,피해운전자 성별,피해운전자 연령,피해운전자 상해정도
2018041400100254,2018년 4월 14일 12시,토요일,서울특별시 구로구 구로동,중상사고,0,1,0,0,차대사람 - 횡단중,안전운전불이행,건조,맑음,단일로 - 기타,승용,남,58세,상해없음,보행자,여,79세,중상
2018041400100525,2018년 4월 14일 21시,토요일,서울특별시 은평구 불광동,부상신고사고,0,0,0,1,차대사람 - 기타,안전운전불이행,건조,흐림,교차로 - 교차로부근,승용,남,51세,상해없음,보행자,남,67세,부상신고
2018041500100096,2018년 4월 15일 09시,일요일,서울특별시 동작구 상도동,경상사고,0,0,1,0,차대사람 - 기타,안전운전불이행,건조,맑음,단일로 - 기타,이륜,남,29세,기타불명,보행자,여,69세,경상
2018041500100357,2018년 4월 15일 18시,일요일,서울특별시 강남구 대치동,중상사고,0,1,0,0,차대사람 - 횡단중,보행자보호의무위반,건조,맑음,교차로 - 교차로안,원동기,남,46세,상해없음,보행자,여,68세,중상
2018041500100386,2018년 4월 15일 19시,일요일,서울특별시 마포구 망원동,경상사고,0,0,1,0,차대사람 - 기타,안전운전불이행,건조,맑음,교차로 - 교차로안,자전거,남,12세,상해없음,보행자,여,69세,경상
2018041500100387,2018년 4월 15일 19시,일요일,서울특별시 강서구 화곡동,중상사고,0,1,1,0,차대사람 - 차도통행중,안전운전불이행,건조,흐림,단일로 - 기타,승용,남,48세,상해없음,보행자,여,80세,중상
2018041600100160,2018년 4월 16일 09시,월요일,서울특별시 성북구 장위동,경상사고,0,0,1,0,차대사람 - 기타,안전운전불이행,건조,맑음,단일로 - 기타,승용,남,26세,상해없음,보행자,여,81세,경상
2018041600100240,2018년 4월 16일 12시,월요일,서울특별시 영등포구 문래동6가,중상사고,0,1,0,0,차대사람 - 횡단중,보행자보호의무위반,건조,맑음,교차로 - 교차로횡단보도내,화물,남,61세,상해없음,보행자,여,75세,중상
2018041600100275,2018년 4월 16일 13시,월요일,서울특별시 양천구 신정동,중상사고,0,1,0,0,차대사람 - 기타,안전운전불이행,건조,맑음,단일로 - 기타,승용,여,61세,상해없음,보행자,남,67세,중상
2018041600100408,2018년 4월 16일 17시,월요일,서울특별시 강남구 개포동,중상사고,0,1,0,0,차대사람 - 기타,안전운전불이행,건조,맑음,교차로 - 교차로부근,건설기계,남,63세,상해없음,보행자,여,70세,중상
2018041700100170,2018년 4월 17일 10시,화요일,서울특별시 은평구 신사동,중상사고,0,1,0,0,차대사람 - 횡단중,보행자보호의무위반,건조,맑음,교차로 - 교차로부근,승용,남,45세,상해없음,보행자,여,79세,중상
2018041700100193,2018년 4월 17일 11시,화요일,서울특별시 금천구 시흥동,경상사고,0,0,1,0,차대사람 - 보도통행중,기타,건조,맑음,단일로 - 기타,승용,여,42세,상해없음,보행자,남,81세,경상
2018041700100325,2018년 4월 17일 15시,화요일,서울특별시 강남구 신사동,경상사고,0,0,1,0,차대사람 - 기타,기타,건조,맑음,기타 - 기타,승용,여,61세,상해없음,보행자,여,65세,경상
2018041700100442,2018년 4월 17일 18시,화요일,서울특별시 은평구 응암동,중상사고,0,1,0,0,차대사람 - 기타,기타,건조,맑음,단일로 - 기타,승용,남,69세,상해없음,보행자,여,83세,중상
2018041700100451,2018년 4월 17일 18시,화요일,서울특별시 구로구 구로동,중상사고,0,1,0,0,차대사람 - 횡단중,안전운전불이행,건조,맑음,교차로 - 교차로안,승용,여,35세,상해없음,보행자,남,81세,중상
2018041800100188,2018년 4월 18일 10시,수요일,서울특별시 강북구 미아동,경상사고,0,0,1,0,차대사람 - 길가장자리구역통행중,안전운전불이행,건조,흐림,단일로 - 기타,승용,남,50세,상해없음,보행자,여,70세,경상
2018041800100217,2018년 4월 18일 11시,수요일,서울특별시 관악구 봉천동,중상사고,0,1,0,0,차대사람 - 길가장자리구역통행중,안전운전불이행,건조,맑음,단일로 - 기타,승용,여,53세,상해없음,보행자,여,69세,중상
2018041800100240,2018년 4월 18일 12시,수요일,서울특별시 강남구 역삼동,중상사고,0,1,0,0,차대사람 - 길가장자리구역통행중,안전운전불이행,건조,맑음,단일로 - 기타,승용,여,53세,상해없음,보행자,여,69세,중상
2018041800100325,2018년 4월 18일 15시,수요일,서울특별시 관악구 봉천동,경상사고,0,0,1,0,차대사람 - 기타,기타,건조,맑음,기타 - 기타,이륜,남,50세,기타불명,보행자,여,69세,경상
2018041800100402,2018년 4월 18일 17시,수요일,서울특별시 서대문구 홍제동,경상사고,0,0,1,0,차대사람 - 횡단중,안전운전불이행,건조,맑음,단일로 - 기타,승용,남,53세,상해없음,보행자,여,84세,경상
2018041800100408,2018년 4월 18일 17시,수요일,서울특별시 서초구 서초동,경상사고,0,0,1,0,차대사람 - 차도통행중,안전운전불이행,건조,맑음,기타 - 기타,승용,여,32세,상해없음,보행자,여,74세,경상
2018041900100052,2018년 4월 19일 05시,목요일,서울특별시 중랑구 상봉동,중상사고,0,1,0,0,차대사람 - 횡단중,안전운전불이행,건조,맑음,단일로 - 기타,승용,남,25세,상해없음,보행자,남,70세,중상
2018041900100200,2018년 4월 19일 11시,목요일,서울특별시 양천구 목동,경상사고,0,0,1,0,차대사람 - 길가장자리구역통행중,안전운전불이행,건조,맑음,단일로 - 기타,승용,여,47세,상해없음,보행자,여,70세,경상
2018041900100251,2018년 4월 19일 13시,목요일,서울특별시 영등포구 도림동,중상사고,0,1,0,0,차대사람 - 기타,안전운전불이행,건조,맑음,기타 - 기타,자전거,여,64세,기타불명,보행자,여,83세,중상
2018041900100317,2018년 4월 19일 15시,목요일,서울특별시 강북구 미아동,중상사고,0,1,0,0,차대사람 - 횡단중,안전운전불이행,건조,맑음,교차로 - 교차로안,승용,남,49세,상해없음,보행자,남,76세,중상
2018041900100496,2018년 4월 19일 19시,목요일,서울특별시 양천구 목동,경상사고,0,0,1,0,차대사람 - 기타,안전운전불이행,건조,맑음,교차로 - 교차로부근,승합,남,53세,상해없음,보행자,남,84세,경상
2018042000100017,2018년 4월 20일 01시,금요일,서울특별시 중랑구 망우동,경상사고,0,0,1,0,차대사람 - 횡단중,안전운전불이행,건조,흐림,기타 - 기타,승용,남,63세,상해없음,보행자,여,73세,경상
2018042000100192,2018년 4월 20일 11시,금요일,서울특별시 동대문구 용두동,경상사고,0,0,1,0,차대사람 - 횡단중,보행자보호의무위반,건조,맑음,교차로 - 교차로부근,화물,남,51세,상해없음,보행자,남,65세,경상
2018042000100197,2018년 4월 20일 11시,금요일,서울특별시 서초구 방배동,중상사고,0,1,0,0,차대사람 - 횡단중,안전운전불이행,건조,맑음,단일로 - 기타,승용,여,54세,상해없음,보행자,여,86세,중상
2018042000100231,2018년 4월 20일 12시,금요일,서울특별시 동작구 상도동,경상사고,0,0,1,0,차대사람 - 차도통행중,안전운전불이행,건조,맑음,단일로 - 기타,승용,남,57세,상해없음,보행자,여,72세,경상
2018042000100315,2018년 4월 20일 15시,금요일,서울특별시 강북구 수유동,경상사고,0,0,1,0,차대사람 - 차도통행중,안전운전불이행,건조,맑음,교차로 - 교차로안,승용,남,54세,상해없음,보행자,여,88세,경상
2018042000100319,2018년 4월 20일 15시,금요일,서울특별시 중랑구 망우동,중상사고,0,1,0,0,차대사람 - 보도통행중,안전운전불이행,건조,맑음,교차로 - 교차로횡단보도내,화물,남,51세,상해없음,보행자,남,90세 이상,중상
2018042000100356,2018년 4월 20일 16시,금요일,서울특별시 동대문구 이문동,경상사고,0,0,1,0,차대사람 - 기타,안전운전불이행,건조,맑음,단일로 - 기타,자전거,남,10세,상해없음,보행자,여,83세,경상
2018042100100044,2018년 4월 21일 02시,토요일,서울특별시 영등포구 문래동3가,경상사고,0,0,1,0,차대사람 - 기타,안전운전불이행,건조,맑음,단일로 - 기타,기타불명,기타불명,미분류,기타불명,보행자,남,67세,경상
2018042100100080,2018년 4월 21일 05시,토요일,서울특별시 성동구 행당동,경상사고,0,0,1,0,차대사람 - 기타,신호위반,건조,맑음,교차로 - 교차로안,이륜,남,16세,상해없음,보행자,여,78세,경상
2018042100100112,2018년 4월 21일 07시,토요일,서울특별시 금천구 독산동,중상사고,0,1,0,0,차대사람 - 기타,신호위반,건조,맑음,교차로 - 교차로횡단보도내,건설기계,남,51세,상해없음,보행자,여,74세,중상
2018042100100203,2018년 4월 21일 11시,토요일,서울특별시 중구 을지로5가,사망사고,1,0,0,0,차대사람 - 차도통행중,안전운전불이행,건조,맑음,단일로 - 기타,승용,남,55세,상해없음,보행자,남,69세,사망
2018042100100255,2018년 4월 21일 12시,토요일,서울특별시 강남구 도곡동,중상사고,0,2,0,0,차대사람 - 횡단중,안전운전불이행,건조,맑음,교차로 - 교차로안,승용,남,27세,상해없음,보행자,여,71세,중상
2018042100100353,2018년 4월 21일 15시,토요일,서울특별시 은평구 녹번동,경상사고,0,0,1,0,차대사람 - 기타,안전운전불이행,건조,맑음,교차로 - 교차로안,승용,남,19세,상해없음,보행자,여,76세,경상
2018042100100361,2018년 4월 21일 15시,토요일,서울특별시 노원구 상계동,경상사고,0,0,1,0,차대사람 - 기타,안전운전불이행,건조,흐림,단일로 - 기타,승용,남,39세,상해없음,보행자,남,71세,경상
2018042100100457,2018년 4월 21일 17시,토요일,서울특별시 강남구 대치동,경상사고,0,0,1,0,차대사람 - 길가장자리구역통행중,안전운전불이행,건조,맑음,단일로 - 기타,승용,남,52세,상해없음,보행자,여,82세,경상
2018042100100506,2018년 4월 21일 18시,토요일,서울특별시 금천구 시흥동,경상사고,0,0,1,0,차대사람 - 차도통행중,안전운전불이행,건조,맑음,단일로 - 기타,승용,여,56세,상해없음,보행자,여,90세 이상,경상
2018042100100558,2018년 4월 21일 19시,토요일,서울특별시 송파구 신천동,경상사고,0,0,1,0,차대사람 - 보도통행중,기타,건조,맑음,단일로 - 기타,자전거,남,16세,상해없음,보행자,여,65세,경상
2018042100100624,2018년 4월 21일 21시,토요일,서울특별시 동작구 신대방동,중상사고,0,1,0,0,차대사람 - 길가장자리구역통행중,안전운전불이행,건조,맑음,단일로 - 기타,화물,남,62세,상해없음,보행자,여,77세,중상
2018042100100663,2018년 4월 21일 22시,토요일,서울특별시 양천구 신월동,중상사고,0,1,0,0,차대사람 - 기타,안전운전불이행,건조,맑음,단일로 - 기타,승용,남,32세,상해없음,보행자,남,82세,중상
2018042200100076,2018년 4월 22일 07시,일요일,서울특별시 구로구 고척동,중상사고,0,1,0,0,차대사람 - 횡단중,보행자보호의무위반,건조,맑음,교차로 - 교차로부근,화물,남,65세,상해없음,보행자,여,76세,중상
2018042200100136,2018년 4월 22일 11시,일요일,서울특별시 강북구 번동,중상사고,0,1,0,0,차대사람 - 기타,보행자보호의무위반,건조,흐림,교차로 - 교차로횡단보도내,승합,남,58세,상해없음,보행자,여,75세,중상
2018042200100380,2018년 4월 22일 20시,일요일,서울특별시 마포구 중동,중상사고,0,1,0,0,차대사람 - 보도통행중,보행자보호의무위반,젖음/습기,비,교차로 - 교차로횡단보도내,승용,남,35세,상해없음,보행자,여,69세,중상
2018042200100384,2018년 4월 22일 20시,일요일,서울특별시 강동구 성내동,사망사고,1,0,0,0,차대사람 - 횡단중,보행자보호의무위반,젖음/습기,비,단일로 - 기타,승용,남,62세,상해없음,보행자,남,78세,사망
2018042300100012,2018년 4월 23일 01시,월요일,서울특별시 송파구 가락동,중상사고,0,1,0,0,차대사람 - 횡단중,안전운전불이행,젖음/습기,비,교차로 - 교차로부근,승용,남,56세,상해없음,보행자,남,71세,중상
2018042300100047,2018년 4월 23일 05시,월요일,서울특별시 노원구 중계동,중상사고,0,1,0,0,차대사람 - 횡단중,안전운전불이행,젖음/습기,비,단일로 - 기타,승용,남,63세,상해없음,보행자,여,79세,중상
2018042300100072,2018년 4월 23일 07시,월요일,서울특별시 은평구 응암동,경상사고,0,0,1,0,차대사람 - 횡단중,보행자보호의무위반,젖음/습기,비,교차로 - 교차로횡단보도내,승용,여,56세,상해없음,보행자,여,69세,경상
2018042300100145,2018년 4월 23일 09시,월요일,서울특별시 영등포구 문래동3가,중상사고,0,1,0,0,차대사람 - 횡단중,보행자보호의무위반,젖음/습기,비,교차로 - 교차로부근,승용,여,32세,상해없음,보행자,남,80세,중상
2018042300100146,2018년 4월 23일 09시,월요일,서울특별시 동작구 신대방동,경상사고,0,0,1,0,차대사람 - 보도통행중,신호위반,젖음/습기,비,교차로 - 교차로횡단보도내,승용,여,59세,상해없음,보행자,남,65세,경상
2018042300100327,2018년 4월 23일 15시,월요일,서울특별시 강서구 염창동,경상사고,0,0,1,0,차대사람 - 차도통행중,안전운전불이행,젖음/습기,비,교차로 - 교차로안,승용,남,40세,상해없음,보행자,남,76세,경상
2018042300100329,2018년 4월 23일 15시,월요일,서울특별시 서초구 잠원동,중상사고,0,1,0,0,차대사람 - 횡단중,보행자보호의무위반,젖음/습기,비,교차로 - 교차로안,승용,여,42세,상해없음,보행자,여,74세,중상
2018042300100377,2018년 4월 23일 17시,월요일,서울특별시 노원구 월계동,중상사고,0,1,0,0,차대사람 - 기타,안전운전불이행,건조,맑음,교차로 - 교차로안,승합,남,54세,상해없음,보행자,남,74세,중상
2018042300100492,2018년 4월 23일 20시,월요일,서울특별시 강동구 명일동,중상사고,0,1,0,0,차대사람 - 횡단중,보행자보호의무위반,건조,맑음,교차로 - 교차로횡단보도내,승합,여,64세,상해없음,보행자,남,72세,중상
2018042300100576,2018년 4월 23일 22시,월요일,서울특별시 송파구 오금동,중상사고,0,1,0,0,차대사람 - 횡단중,안전운전불이행,젖음/습기,비,단일로 - 기타,승용,남,42세,상해없음,보행자,여,70세,중상
2018042400100017,2018년 4월 24일 01시,화요일,서울특별시 은평구 신사동,경상사고,0,0,1,0,차대사람 - 횡단중,안전운전불이행,젖음/습기,비,교차로 - 교차로안,승용,남,59세,상해없음,보행자,여,72세,경상
2018042400100214,2018년 4월 24일 11시,화요일,서울특별시 용산구 보광동,중상사고,0,1,0,0,차대사람 - 차도통행중,안전운전불이행,건조,맑음,단일로 - 기타,승용,여,77세,상해없음,보행자,여,79세,중상
2018042400100241,2018년 4월 24일 12시,화요일,서울특별시 동대문구 장안동,경상사고,0,0,1,0,차대사람 - 기타,안전운전불이행,건조,맑음,교차로 - 교차로부근,승용,여,27세,상해없음,보행자,여,69세,경상
2018042400100243,2018년 4월 24일 12시,화요일,서울특별시 강서구 등촌동,중상사고,0,1,0,0,차대사람 - 보도통행중,기타,건조,맑음,단일로 - 기타,승용,남,61세,상해없음,보행자,남,69세,중상
2018042400100330,2018년 4월 24일 15시,화요일,서울특별시 금천구 독산동,중상사고,0,1,0,0,차대사람 - 횡단중,보행자보호의무위반,건조,맑음,교차로 - 교차로부근,승용,여,56세,상해없음,보행자,여,74세,중상
2018042400100334,2018년 4월 24일 15시,화요일,서울특별시 강동구 명일동,중상사고,0,1,0,0,차대사람 - 기타,안전운전불이행,건조,맑음,단일로 - 기타,승용,여,60세,상해없음,보행자,여,68세,중상
2018042400100420,2018년 4월 24일 17시,화요일,서울특별시 강동구 천호동,중상사고,0,1,0,0,차대사람 - 기타,신호위반,건조,맑음,교차로 - 교차로안,원동기,남,57세,상해없음,보행자,여,72세,중상
2018042500100037,2018년 4월 25일 04시,수요일,서울특별시 노원구 상계동,사망사고,1,0,0,0,차대사람 - 횡단중,안전운전불이행,건조,맑음,교차로 - 교차로안,승용,남,68세,기타불명,보행자,남,85세,사망
2018042500100129,2018년 4월 25일 09시,수요일,서울특별시 강남구 대치동,경상사고,0,0,1,0,차대사람 - 횡단중,보행자보호의무위반,건조,맑음,교차로 - 교차로횡단보도내,승용,남,60세,상해없음,보행자,남,77세,경상
2018042500100162,2018년 4월 25일 10시,수요일,서울특별시 서대문구 창천동,중상사고,0,1,1,0,차대사람 - 보도통행중,보행자보호의무위반,건조,맑음,단일로 - 기타,원동기,남,37세,상해없음,보행자,여,37세,경상
2018042500100166,2018년 4월 25일 10시,수요일,서울특별시 관악구 봉천동,경상사고,0,0,1,0,차대사람 - 길가장자리구역통행중,안전운전불이행,건조,맑음,단일로 - 기타,승용,여,34세,상해없음,보행자,여,77세,경상
2018042500100170,2018년 4월 25일 10시,수요일,서울특별시 도봉구 창동,중상사고,0,1,0,0,차대사람 - 횡단중,보행자보호의무위반,젖음/습기,비,교차로 - 교차로횡단보도내,승용,여,38세,상해없음,보행자,남,83세,중상
2018042500100372,2018년 4월 25일 16시,수요일,서울특별시 노원구 상계동,중상사고,0,1,0,0,차대사람 - 횡단중,신호위반,건조,맑음,교차로 - 교차로안,자전거,남,19세,상해없음,보행자,여,76세,중상
2018042600100037,2018년 4월 26일 04시,목요일,서울특별시 중구 황학동,부상신고사고,0,0,0,1,차대사람 - 횡단중,보행자보호의무위반,건조,맑음,교차로 - 교차로횡단보도내,화물,남,70세,상해없음,보행자,여,84세,부상신고
2018042600100044,2018년 4월 26일 05시,목요일,서울특별시 구로구 구로동,중상사고,0,1,0,0,차대사람 - 횡단중,신호위반,건조,맑음,단일로 - 기타,승용,남,54세,상해없음,보행자,여,71세,중상
2018042600100160,2018년 4월 26일 10시,목요일,서울특별시 동대문구 신설동,부상신고사고,0,0,0,1,차대사람 - 기타,안전운전불이행,건조,맑음,단일로 - 기타,승용,남,59세,상해없음,보행자,여,65세,부상신고
2018042600100179,2018년 4월 26일 11시,목요일,서울특별시 금천구 시흥동,중상사고,0,1,0,0,차대사람 - 횡단중,보행자보호의무위반,건조,맑음,교차로 - 교차로횡단보도내,건설기계,남,43세,상해없음,보행자,남,72세,중상
2018042600100226,2018년 4월 26일 12시,목요일,서울특별시 송파구 잠실동,중상사고,0,1,0,0,차대사람 - 횡단중,보행자보호의무위반,건조,맑음,교차로 - 교차로횡단보도내,승용,남,83세,상해없음,보행자,남,70세,중상
2018042600100280,2018년 4월 26일 14시,목요일,서울특별시 성동구 행당동,중상사고,0,1,0,0,차대사람 - 횡단중,보행자보호의무위반,건조,맑음,단일로 - 기타,특수,남,55세,상해없음,보행자,여,69세,중상
2018042600100354,2018년 4월 26일 16시,목요일,서울특별시 영등포구 당산동6가,중상사고,0,1,0,0,차대사람 - 횡단중,안전운전불이행,건조,맑음,단일로 - 기타,화물,남,68세,상해없음,보행자,여,73세,중상
2018042600100423,2018년 4월 26일 18시,목요일,서울특별시 강북구 미아동,중상사고,0,1,0,0,차대사람 - 횡단중,보행자보호의무위반,건조,맑음,단일로 - 기타,승용,남,49세,상해없음,보행자,남,69세,중상
2018042700100073,2018년 4월 27일 07시,금요일,서울특별시 송파구 방이동,중상사고,0,1,0,0,차대사람 - 횡단중,안전운전불이행,건조,맑음,교차로 - 교차로안,승용,남,39세,상해없음,보행자,남,79세,중상
2018042700100139,2018년 4월 27일 09시,금요일,서울특별시 노원구 중계동,중상사고,0,1,0,0,차대사람 - 기타,안전운전불이행,건조,맑음,기타 - 기타,승용,여,52세,기타불명,보행자,남,79세,중상
2018042700100170,2018년 4월 27일 10시,금요일,서울특별시 금천구 시흥동,중상사고,0,1,0,0,차대사람 - 차도통행중,안전운전불이행,건조,맑음,단일로 - 기타,화물,남,40세,상해없음,보행자,여,82세,중상
2018042700100172,2018년 4월 27일 10시,금요일,서울특별시 노원구 하계동,중상사고,0,1,0,0,차대사람 - 횡단중,안전운전불이행,건조,맑음,교차로 - 교차로부근,승용,남,69세,상해없음,보행자,여,75세,중상
2018042700100198,2018년 4월 27일 11시,금요일,서울특별시 용산구 한남동,중상사고,0,1,0,0,차대사람 - 횡단중,안전운전불이행,건조,맑음,단일로 - 기타,승용,여,29세,상해없음,보행자,남,79세,중상
2018042700100199,2018년 4월 27일 11시,금요일,서울특별시 동대문구 제기동,중상사고,0,1,0,0,차대사람 - 기타,안전운전불이행,건조,맑음,단일로 - 기타,승용,남,74세,상해없음,보행자,여,77세,중상
2018042700100222,2018년 4월 27일 12시,금요일,서울특별시 서초구 반포동,중상사고,0,1,0,0,차대사람 - 차도통행중,안전운전불이행,건조,맑음,단일로 - 기타,승용,남,56세,상해없음,보행자,여,71세,중상
2018042700100310,2018년 4월 27일 15시,금요일,서울특별시 동대문구 이문동,중상사고,0,1,0,0,차대사람 - 기타,기타,건조,맑음,단일로 - 기타,기타불명,기타불명,미분류,기타불명,보행자,여,79세,중상
2018042700100407,2018년 4월 27일 17시,금요일,서울특별시 강남구 대치동,중상사고,0,1,0,0,차대사람 - 기타,안전운전불이행,건조,맑음,단일로 - 기타,화물,남,42세,상해없음,보행자,여,66세,중상
2018042700100494,2018년 4월 27일 19시,금요일,서울특별시 영등포구 신길동,중상사고,0,1,0,0,차대사람 - 기타,안전운전불이행,건조,맑음,교차로 - 교차로횡단보도내,승용,남,44세,상해없음,보행자,여,74세,중상
2018042800100135,2018년 4월 28일 08시,토요일,서울특별시 중구 회현동1가,부상신고사고,0,0,0,1,차대사람 - 기타,안전운전불이행,건조,맑음,기타 - 기타,기타불명,기타불명,미분류,기타불명,보행자,남,67세,부상신고
2018042800100136,2018년 4월 28일 08시,토요일,서울특별시 강동구 천호동,중상사고,0,1,0,0,차대사람 - 횡단중,안전운전불이행,건조,맑음,교차로 - 교차로안,승용,남,34세,상해없음,보행자,여,74세,중상
2018042800100278,2018년 4월 28일 12시,토요일,서울특별시 관악구 봉천동,중상사고,0,1,0,0,차대사람 - 횡단중,안전운전불이행,건조,맑음,단일로 - 기타,승용,남,56세,상해없음,보행자,여,65세,중상
2018042800100542,2018년 4월 28일 19시,토요일,서울특별시 도봉구 쌍문동,중상사고,0,1,0,0,차대사람 - 횡단중,안전운전불이행,건조,맑음,단일로 - 기타,원동기,남,24세,상해없음,보행자,여,73세,중상
2018042800100603,2018년 4월 28일 21시,토요일,서울특별시 구로구 구로동,사망사고,1,0,0,0,차대사람 - 횡단중,안전운전불이행,건조,맑음,단일로 - 기타,승용,여,34세,상해없음,보행자,남,65세,사망
2018042900100101,2018년 4월 29일 08시,일요일,서울특별시 서초구 반포동,중상사고,0,1,0,0,차대사람 - 기타,안전운전불이행,건조,맑음,단일로 - 기타,승용,남,29세,상해없음,보행자,여,65세,중상
2018042900100120,2018년 4월 29일 09시,일요일,서울특별시 노원구 중계동,부상신고사고,0,0,0,1,차대사람 - 차도통행중,안전운전불이행,건조,맑음,주차장 - 주차장,승용,여,26세,상해없음,보행자,남,66세,부상신고
2018042900100222,2018년 4월 29일 13시,일요일,서울특별시 금천구 시흥동,중상사고,0,1,0,0,차대사람 - 기타,중앙선침범,건조,맑음,단일로 - 기타,자전거,남,13세,상해없음,보행자,여,75세,중상
2018042900100408,2018년 4월 29일 18시,일요일,서울특별시 도봉구 창동,중상사고,0,1,0,0,차대사람 - 횡단중,안전운전불이행,건조,맑음,교차로 - 교차로횡단보도내,이륜,남,25세,상해없음,보행자,여,65세,중상
2018042900100467,2018년 4월 29일 20시,일요일,서울특별시 마포구 서교동,중상사고,0,1,1,0,차대사람 - 횡단중,안전운전불이행,건조,맑음,교차로 - 교차로부근,승용,남,52세,상해없음,보행자,여,68세,중상
2018043000100243,2018년 4월 30일 12시,월요일,서울특별시 영등포구 대림동,중상사고,0,1,0,0,차대사람 - 기타,안전운전불이행,건조,맑음,단일로 - 기타,승용,여,26세,상해없음,보행자,여,72세,중상
2018043000100273,2018년 4월 30일 13시,월요일,서울특별시 금천구 독산동,경상사고,0,0,1,0,차대사람 - 기타,기타,건조,맑음,단일로 - 기타,건설기계,남,46세,상해없음,보행자,여,75세,경상
2018043000100275,2018년 4월 30일 13시,월요일,서울특별시 강남구 역삼동,경상사고,0,0,1,0,차대사람 - 기타,안전운전불이행,건조,맑음,단일로 - 기타,승용,남,77세,상해없음,보행자,여,77세,경상
2018043000100380,2018년 4월 30일 16시,월요일,서울특별시 강북구 수유동,중상사고,0,1,0,0,차대사람 - 보도통행중,기타,건조,맑음,기타 - 기타,승용,남,26세,상해없음,보행자,여,78세,중상
2018043000100516,2018년 4월 30일 19시,월요일,서울특별시 도봉구 쌍문동,중상사고,0,1,0,0,차대사람 - 기타,안전운전불이행,건조,맑음,교차로 - 교차로안,화물,남,60세,상해없음,보행자,남,79세,중상
2018043000100628,2018년 4월 30일 23시,월요일,서울특별시 서대문구 홍제동,중상사고,0,1,0,0,차대사람 - 차도통행중,안전운전불이행,건조,맑음,단일로 - 기타,승용,여,40세,상해없음,보행자,여,71세,중상
2018050100100131,2018년 5월 1일 09시,화요일,서울특별시 중랑구 면목동,경상사고,0,0,1,0,차대사람 - 횡단중,보행자보호의무위반,건조,맑음,단일로 - 기타,승용,남,55세,상해없음,보행자,여,73세,경상
2018050100100161,2018년 5월 1일 10시,화요일,서울특별시 강남구 수서동,중상사고,0,1,0,0,차대사람 - 길가장자리구역통행중,안전운전불이행,건조,맑음,교차로 - 교차로부근,승용,남,30세,기타불명,보행자,남,72세,중상
2018050100100330,2018년 5월 1일 16시,화요일,서울특별시 동대문구 이문동,경상사고,0,0,1,0,차대사람 - 횡단중,안전운전불이행,건조,맑음,단일로 - 기타,승용,남,35세,상해없음,보행자,남,69세,경상
2018050100100417,2018년 5월 1일 19시,화요일,서울특별시 마포구 대흥동,중상사고,0,1,0,0,차대사람 - 차도통행중,안전운전불이행,건조,맑음,단일로 - 기타,승용,남,49세,상해없음,보행자,여,78세,중상
2018050200100200,2018년 5월 2일 10시,수요일,서울특별시 은평구 대조동,경상사고,0,0,1,0,차대사람 - 기타,안전운전불이행,젖음/습기,맑음,단일로 - 기타,화물,남,51세,상해없음,보행자,남,88세,경상
2018050200100233,2018년 5월 2일 11시,수요일,서울특별시 강남구 역삼동,중상사고,0,1,0,0,차대사람 - 기타,안전운전불이행,건조,맑음,교차로 - 교차로안,승용,남,49세,상해없음,보행자,여,70세,중상
2018050200100358,2018년 5월 2일 15시,수요일,서울특별시 양천구 신월동,경상사고,0,0,1,0,차대사람 - 횡단중,신호위반,젖음/습기,비,교차로 - 교차로횡단보도내,승용,남,57세,상해없음,보행자,여,65세,경상
2018050200100456,2018년 5월 2일 18시,수요일,서울특별시 종로구 체부동,경상사고,0,0,1,0,차대사람 - 길가장자리구역통행중,안전운전불이행,젖음/습기,비,단일로 - 기타,승용,남,68세,상해없음,보행자,여,66세,경상
2018050200100593,2018년 5월 2일 22시,수요일,서울특별시 도봉구 창동,경상사고,0,0,1,0,차대사람 - 기타,안전운전불이행,젖음/습기,비,교차로 - 교차로부근,이륜,남,38세,상해없음,보행자,남,65세,경상
2018050300100247,2018년 5월 3일 12시,목요일,서울특별시 동대문구 제기동,중상사고,0,1,0,0,차대사람 - 보도통행중,기타,건조,맑음,기타 - 기타,화물,남,31세,상해없음,보행자,여,80세,중상
2018050300100339,2018년 5월 3일 15시,목요일,서울특별시 강북구 미아동,경상사고,0,0,1,0,차대사람 - 기타,안전운전불이행,건조,흐림,단일로 - 기타,화물,남,49세,상해없음,보행자,남,80세,경상
2018050300100341,2018년 5월 3일 15시,목요일,서울특별시 관악구 신림동,중상사고,0,1,0,0,차대사람 - 보도통행중,기타,건조,맑음,기타 - 기타,자전거,여,62세,상해없음,보행자,여,73세,중상
2018050300100342,2018년 5월 3일 15시,목요일,서울특별시 강동구 성내동,중상사고,0,1,0,0,차대사람 - 기타,안전운전불이행,건조,흐림,단일로 - 기타,승합,남,57세,기타불명,보행자,여,65세,중상
2018050300100429,2018년 5월 3일 17시,목요일,서울특별시 영등포구 신길동,경상사고,0,0,1,0,차대사람 - 기타,안전운전불이행,건조,맑음,교차로 - 교차로안,기타불명,기타불명,미분류,기타불명,보행자,남,66세,경상
2018050300100549,2018년 5월 3일 20시,목요일,서울특별시 강서구 화곡동,중상사고,0,1,0,0,차대사람 - 길가장자리구역통행중,안전운전불이행,건조,맑음,교차로 - 교차로부근,승용,남,72세,상해없음,보행자,여,78세,중상