사고번호,사고일시,요일,시군구,사고내용,사망자수,중상자수,경상자수,부상신고자수,사고유형,법규위반,노면상태,기상상태,도로형태,가해운전자 차종,가해운전자 성별,가해운전자 연령,가해운전자 상해정도,피해운전자 차종,피해운전자 성별,피해운전자 연령,피해운전자 상해정도
2018050400100104,2018년 5월 4일 08시,금요일,서울특별시 은평구 갈현동,중상사고,0,1,0,0,차대사람 - 차도통행중,안전운전불이행,건조,맑음,교차로 - 교차로부근,승용,남,41세,상해없음,보행자,여,84세,중상
2018050400100180,2018년 5월 4일 10시,금요일,서울특별시 양천구 신월동,경상사고,0,0,1,0,차대사람 - 기타,안전운전불이행,건조,맑음,기타 - 기타,화물,남,45세,상해없음,보행자,여,67세,경상
2018050400100203,2018년 5월 4일 11시,금요일,서울특별시 서대문구 북아현동,중상사고,0,1,0,0,차대사람 - 횡단중,안전운전불이행,건조,맑음,단일로 - 기타,승용,남,73세,상해없음,보행자,여,74세,중상
2018050400100251,2018년 5월 4일 13시,금요일,서울특별시 종로구 경운동,중상사고,0,1,0,0,차대사람 - 차도통행중,안전운전불이행,건조,맑음,단일로 - 지하차도(도로)내,승합,남,56세,상해없음,보행자,남,90세 이상,중상
2018050400100351,2018년 5월 4일 15시,금요일,서울특별시 양천구 목동,중상사고,0,1,0,0,차대사람 - 기타,기타,건조,맑음,기타 - 기타,자전거,남,13세,기타불명,보행자,여,79세,중상
2018050400100437,2018년 5월 4일 17시,금요일,서울특별시 중랑구 묵동,중상사고,0,1,0,0,차대사람 - 횡단중,안전운전불이행,건조,맑음,교차로 - 교차로안,승용,여,39세,상해없음,보행자,여,73세,중상
2018050400100439,2018년 5월 4일 17시,금요일,서울특별시 구로구 구로동,중상사고,0,1,0,0,차대사람 - 횡단중,안전운전불이행,건조,맑음,단일로 - 기타,이륜,남,17세,상해없음,보행자,남,67세,중상
2018050400100578,2018년 5월 4일 20시,금요일,서울특별시 성북구 길음동,경상사고,0,0,1,0,차대사람 - 기타,안전운전불이행,건조,맑음,단일로 - 기타,승합,남,63세,상해없음,보행자,남,82세,경상
2018050500100091,2018년 5월 5일 05시,토요일,서울특별시 양천구 목동,경상사고,0,0,1,0,차대사람 - 횡단중,안전운전불이행,건조,맑음,단일로 - 기타,승용,남,57세,상해없음,보행자,여,68세,경상
2018050500100136,2018년 5월 5일 08시,토요일,서울특별시 용산구 이태원동,중상사고,0,1,0,0,차대사람 - 차도통행중,안전운전불이행,건조,맑음,단일로 - 기타,승용,남,68세,상해없음,보행자,여,87세,중상
2018050500100171,2018년 5월 5일 09시,토요일,서울특별시 구로구 오류동,중상사고,0,1,0,0,차대사람 - 길가장자리구역통행중,안전운전불이행,건조,맑음,단일로 - 기타,승용,남,62세,상해없음,보행자,여,71세,중상
2018050500100389,2018년 5월 5일 16시,토요일,서울특별시 강서구 염창동,중상사고,0,1,0,0,차대사람 - 기타,안전운전불이행,건조,맑음,단일로 - 기타,자전거,남,37세,상해없음,보행자,여,81세,중상
2018050500100426,2018년 5월 5일 17시,토요일,서울특별시 금천구 독산동,중상사고,0,1,0,0,차대사람 - 기타,안전운전불이행,건조,맑음,단일로 - 기타,승용,여,51세,상해없음,보행자,여,66세,중상
2018050500100542,2018년 5월 5일 20시,토요일,서울특별시 금천구 독산동,경상사고,0,0,1,0,차대사람 - 횡단중,안전운전불이행,건조,맑음,교차로 - 교차로안,승용,여,35세,상해없음,보행자,남,65세,경상
2018050600100042,2018년 5월 6일 02시,일요일,서울특별시 은평구 신사동,중상사고,0,1,0,0,차대사람 - 횡단중,안전운전불이행,젖음/습기,비,교차로 - 교차로횡단보도내,승용,남,48세,상해없음,보행자,여,83세,중상
2018050600100075,2018년 5월 6일 04시,일요일,서울특별시 강북구 수유동,중상사고,0,1,0,0,차대사람 - 횡단중,안전운전불이행,젖음/습기,비,단일로 - 기타,승용,남,64세,상해없음,보행자,여,66세,중상
2018050600100384,2018년 5월 6일 21시,일요일,서울특별시 강북구 미아동,경상사고,0,0,1,0,차대사람 - 횡단중,안전운전불이행,건조,맑음,단일로 - 기타,승용,남,71세,상해없음,보행자,남,69세,경상
2018050700100302,2018년 5월 7일 16시,월요일,서울특별시 성북구 정릉동,중상사고,0,1,0,0,차대사람 - 횡단중,과속,건조,맑음,단일로 - 기타,승용,남,30세,상해없음,보행자,여,65세,중상
2018050800100065,2018년 5월 8일 07시,화요일,서울특별시 동대문구 장안동,중상사고,0,1,0,0,차대사람 - 기타,보행자보호의무위반,건조,맑음,단일로 - 기타,승용,여,56세,기타불명,보행자,여,81세,중상
2018050800100130,2018년 5월 8일 09시,화요일,서울특별시 구로구 가리봉동,경상사고,0,0,1,0,차대사람 - 기타,안전운전불이행,건조,맑음,단일로 - 기타,승용,남,73세,상해없음,보행자,여,69세,경상
2018050800100194,2018년 5월 8일 11시,화요일,서울특별시 금천구 독산동,중상사고,0,1,0,0,차대사람 - 기타,안전운전불이행,건조,맑음,단일로 - 기타,승합,남,60세,상해없음,보행자,남,83세,중상
2018050800100198,2018년 5월 8일 11시,화요일,서울특별시 노원구 월계동,경상사고,0,0,1,0,차대사람 - 횡단중,신호위반,건조,맑음,교차로 - 교차로안,승합,남,68세,상해없음,보행자,여,70세,경상
2018050800100314,2018년 5월 8일 15시,화요일,서울특별시 강남구 청담동,경상사고,0,0,1,0,차대사람 - 기타,안전거리미확보,건조,흐림,단일로 - 기타,승용,여,71세,상해없음,보행자,남,70세,경상
2018050900100056,2018년 5월 9일 07시,수요일,서울특별시 양천구 신정동,중상사고,0,1,0,0,차대사람 - 기타,안전운전불이행,건조,맑음,교차로 - 교차로부근,승용,남,63세,상해없음,보행자,여,75세,중상
2018050900100196,2018년 5월 9일 11시,수요일,서울특별시 서초구 염곡동,중상사고,0,2,0,0,차대사람 - 횡단중,보행자보호의무위반,건조,맑음,교차로 - 교차로부근,승합,남,50세,상해없음,보행자,여,71세,중상
2018050900100262,2018년 5월 9일 13시,수요일,서울특별시 구로구 고척동,중상사고,0,1,0,0,차대사람 - 횡단중,안전운전불이행,건조,맑음,단일로 - 기타,승용,남,30세,상해없음,보행자,여,80세,중상
2018050900100298,2018년 5월 9일 14시,수요일,서울특별시 강서구 화곡동,경상사고,0,0,1,0,차대사람 - 횡단중,안전운전불이행,건조,맑음,단일로 - 기타,승용,남,32세,상해없음,보행자,남,70세,경상
2018050900100299,2018년 5월 9일 14시,수요일,서울특별시 강동구 암사동,경상사고,0,0,1,0,차대사람 - 기타,기타,건조,맑음,단일로 - 기타,승용,남,78세,상해없음,보행자,여,66세,경상
2018050900100333,2018년 5월 9일 15시,수요일,서울특별시 관악구 봉천동,중상사고,0,1,0,0,차대사람 - 횡단중,안전운전불이행,건조,맑음,교차로 - 교차로부근,승용,남,58세,상해없음,보행자,남,72세,중상
2018050900100409,2018년 5월 9일 17시,수요일,서울특별시 강북구 우이동,경상사고,0,0,1,0,차대사람 - 차도통행중,안전운전불이행,건조,맑음,단일로 - 기타,화물,남,52세,상해없음,보행자,남,67세,경상
2018050900100535,2018년 5월 9일 20시,수요일,서울특별시 송파구 잠실동,중상사고,0,1,0,0,차대사람 - 길가장자리구역통행중,안전운전불이행,건조,맑음,단일로 - 기타,이륜,남,22세,상해없음,보행자,여,76세,중상
2018050900100560,2018년 5월 9일 21시,수요일,서울특별시 노원구 상계동,중상사고,0,1,0,0,차대사람 - 기타,안전운전불이행,건조,맑음,교차로 - 교차로안,승용,남,60세,상해없음,보행자,여,76세,중상
2018051000100106,2018년 5월 10일 08시,목요일,서울특별시 강남구 수서동,경상사고,0,0,1,0,차대사람 - 횡단중,안전운전불이행,건조,맑음,교차로 - 교차로안,승용,여,26세,상해없음,보행자,여,76세,경상
2018051000100181,2018년 5월 10일 10시,목요일,서울특별시 중구 초동,경상사고,0,0,1,0,차대사람 - 길가장자리구역통행중,안전운전불이행,건조,맑음,단일로 - 기타,이륜,남,60세,상해없음,보행자,남,78세,경상
2018051000100249,2018년 5월 10일 12시,목요일,서울특별시 중랑구 신내동,중상사고,0,2,0,0,차대사람 - 횡단중,보행자보호의무위반,건조,맑음,교차로 - 교차로횡단보도내,화물,남,36세,상해없음,보행자,여,60세,중상
2018051000100346,2018년 5월 10일 15시,목요일,서울특별시 용산구 한남동,경상사고,0,0,1,0,차대사람 - 길가장자리구역통행중,안전운전불이행,건조,맑음,단일로 - 기타,승용,남,71세,상해없음,보행자,여,75세,경상
2018051000100350,2018년 5월 10일 15시,목요일,서울특별시 강남구 신사동,경상사고,0,0,1,0,차대사람 - 기타,보행자보호의무위반,건조,맑음,교차로 - 교차로횡단보도내,승용,여,67세,상해없음,보행자,남,69세,경상
2018051100100037,2018년 5월 11일 04시,금요일,서울특별시 마포구 공덕동,사망사고,1,0,0,0,차대사람 - 횡단중,과속,건조,맑음,단일로 - 기타,승용,남,54세,상해없음,보행자,남,74세,사망
2018051100100054,2018년 5월 11일 06시,금요일,서울특별시 구로구 구로동,경상사고,0,0,1,0,차대사람 - 기타,안전운전불이행,건조,맑음,단일로 - 기타,승용,남,62세,상해없음,보행자,여,73세,경상
2018051100100126,2018년 5월 11일 09시,금요일,서울특별시 동작구 대방동,중상사고,0,1,0,0,차대사람 - 횡단중,안전운전불이행,건조,맑음,교차로 - 교차로부근,승용,여,47세,상해없음,보행자,여,69세,중상
2018051100100203,2018년 5월 11일 11시,금요일,서울특별시 마포구 망원동,중상사고,0,1,0,0,차대사람 - 횡단중,안전운전불이행,건조,맑음,교차로 - 교차로부근,화물,여,57세,상해없음,보행자,여,84세,중상
2018051100100238,2018년 5월 11일 12시,금요일,서울특별시 동작구 신대방동,중상사고,0,1,0,0,차대사람 - 횡단중,안전운전불이행,건조,맑음,교차로 - 교차로부근,승용,남,52세,상해없음,보행자,여,75세,중상
2018051100100272,2018년 5월 11일 13시,금요일,서울특별시 강북구 미아동,중상사고,0,1,0,0,차대사람 - 차도통행중,안전운전불이행,건조,맑음,단일로 - 기타,이륜,남,63세,상해없음,보행자,여,68세,중상
2018051100100274,2018년 5월 11일 13시,금요일,서울특별시 광진구 자양동,경상사고,0,0,1,0,차대사람 - 길가장자리구역통행중,안전운전불이행,건조,맑음,단일로 - 기타,승용,여,39세,상해없음,보행자,여,90세 이상,경상
2018051100100309,2018년 5월 11일 14시,금요일,서울특별시 동작구 사당동,중상사고,0,1,0,0,차대사람 - 기타,안전운전불이행,건조,맑음,교차로 - 교차로부근,승용,여,38세,상해없음,보행자,남,70세,중상
2018051100100310,2018년 5월 11일 14시,금요일,서울특별시 송파구 송파동,경상사고,0,0,1,0,차대사람 - 차도통행중,불법유턴,건조,맑음,교차로 - 교차로부근,화물,남,57세,상해없음,보행자,남,75세,경상
2018051100100383,2018년 5월 11일 16시,금요일,서울특별시 노원구 상계동,경상사고,0,0,1,0,차대사람 - 기타,안전운전불이행,기타,기타,교차로 - 교차로부근,건설기계,남,59세,상해없음,보행자,여,79세,경상
2018051200100081,2018년 5월 12일 05시,토요일,서울특별시 중구 봉래동2가,부상신고사고,0,0,0,1,차대사람 - 길가장자리구역통행중,안전운전불이행,건조,맑음,교차로 - 교차로부근,승용,남,41세,상해없음,보행자,남,69세,부상신고
2018051200100172,2018년 5월 12일 10시,토요일,서울특별시 은평구 갈현동,중상사고,0,1,0,0,차대사람 - 기타,안전운전불이행,젖음/습기,비,교차로 - 교차로안,화물,남,44세,상해없음,보행자,남,73세,중상
2018051200100296,2018년 5월 12일 14시,토요일,서울특별시 서대문구 홍제동,경상사고,0,0,1,0,차대사람 - 차도통행중,안전운전불이행,건조,맑음,단일로 - 기타,승용,여,33세,상해없음,보행자,여,77세,경상
2018051200100336,2018년 5월 12일 15시,토요일,서울특별시 마포구 대흥동,중상사고,0,1,0,0,차대사람 - 차도통행중,안전운전불이행,젖음/습기,비,교차로 - 교차로횡단보도내,이륜,남,26세,상해없음,보행자,여,76세,중상
2018051200100494,2018년 5월 12일 19시,토요일,서울특별시 중랑구 상봉동,사망사고,1,0,0,0,차대사람 - 기타,안전운전불이행,젖음/습기,비,교차로 - 교차로안,승합,남,50세,상해없음,보행자,남,65세,사망
2018051300100303,2018년 5월 13일 16시,일요일,서울특별시 중랑구 중화동,중상사고,0,1,0,0,차대사람 - 횡단중,보행자보호의무위반,건조,맑음,교차로 - 교차로안,승용,여,43세,상해없음,보행자,여,68세,중상
2018051300100380,2018년 5월 13일 18시,일요일,서울특별시 강남구 수서동,중상사고,0,1,0,0,차대사람 - 횡단중,안전운전불이행,건조,맑음,단일로 - 기타,승용,여,70세,상해없음,보행자,여,80세,중상
2018051400100161,2018년 5월 14일 10시,월요일,서울특별시 강동구 둔촌동,중상사고,0,1,0,0,차대사람 - 기타,보행자보호의무위반,건조,맑음,교차로 - 교차로안,승용,남,58세,상해없음,보행자,여,84세,중상
2018051400100277,2018년 5월 14일 14시,월요일,서울특별시 동대문구 청량리동,경상사고,0,0,1,0,차대사람 - 보도통행중,기타,건조,맑음,기타 - 기타,승용,남,59세,상해없음,보행자,여,71세,경상
2018051400100487,2018년 5월 14일 20시,월요일,서울특별시 동대문구 답십리동,경상사고,0,0,1,0,차대사람 - 횡단중,보행자보호의무위반,건조,맑음,교차로 - 교차로횡단보도내,승용,여,59세,상해없음,보행자,남,68세,경상
2018051500100197,2018년 5월 15일 11시,화요일,서울특별시 양천구 신월동,중상사고,0,1,0,0,차대사람 - 기타,안전운전불이행,건조,맑음,교차로 - 교차로안,승합,남,45세,상해없음,보행자,남,87세,중상
2018051500100239,2018년 5월 15일 13시,화요일,서울특별시 성동구 마장동,중상사고,0,1,0,0,차대사람 - 기타,안전운전불이행,건조,맑음,단일로 - 기타,기타불명,기타불명,미분류,기타불명,보행자,여,88세,중상
2018051500100273,2018년 5월 15일 14시,화요일,서울특별시 송파구 송파동,경상사고,0,0,1,0,차대사람 - 기타,안전운전불이행,건조,맑음,교차로 - 교차로안,건설기계,남,45세,상해없음,보행자,남,77세,경상
2018051500100350,2018년 5월 15일 16시,화요일,서울특별시 관악구 봉천동,중상사고,0,1,0,0,차대사람 - 기타,안전운전불이행,기타,기타,단일로 - 기타,승용,남,74세,상해없음,보행자,여,90세 이상,중상
2018051500100490,2018년 5월 15일 20시,화요일,서울특별시 성동구 응봉동,중상사고,0,2,0,0,차대사람 - 횡단중,안전운전불이행,건조,맑음,교차로 - 교차로안,원동기,남,57세,중상,보행자,여,78세,중상
2018051500100516,2018년 5월 15일 21시,화요일,서울특별시 노원구 상계동,중상사고,0,1,0,0,차대사람 - 보도통행중,보행자보호의무위반,건조,맑음,교차로 - 교차로횡단보도내,승용,여,35세,상해없음,보행자,여,67세,중상
2018051600100042,2018년 5월 16일 06시,수요일,서울특별시 동대문구 이문동,중상사고,0,1,0,0,차대사람 - 기타,안전운전불이행,건조,맑음,단일로 - 기타,승합,남,51세,상해없음,보행자,여,66세,중상
2018051600100054,2018년 5월 16일 07시,수요일,서울특별시 영등포구 신길동,경상사고,0,0,1,0,차대사람 - 기타,안전운전불이행,건조,흐림,단일로 - 기타,승합,남,60세,상해없음,보행자,여,68세,경상
2018051600100055,2018년 5월 16일 07시,수요일,서울특별시 동작구 대방동,중상사고,0,1,0,0,차대사람 - 기타,안전운전불이행,젖음/습기,비,교차로 - 교차로부근,승용,여,42세,상해없음,보행자,여,77세,중상
2018051600100131,2018년 5월 16일 10시,수요일,서울특별시 은평구 신사동,경상사고,0,0,1,0,차대사람 - 길가장자리구역통행중,안전운전불이행,젖음/습기,비,단일로 - 기타,승용,남,47세,상해없음,보행자,여,68세,경상
2018051600100134,2018년 5월 16일 10시,수요일,서울특별시 관악구 신림동,경상사고,0,0,1,0,차대사람 - 횡단중,보행자보호의무위반,젖음/습기,비,교차로 - 교차로부근,화물,남,56세,상해없음,보행자,여,69세,경상
2018051600100388,2018년 5월 16일 19시,수요일,서울특별시 용산구 한남동,중상사고,0,1,0,0,차대사람 - 횡단중,보행자보호의무위반,젖음/습기,비,교차로 - 교차로횡단보도내,승용,남,29세,상해없음,보행자,남,78세,중상
2018051700100203,2018년 5월 17일 11시,목요일,서울특별시 금천구 시흥동,경상사고,0,0,1,0,차대사람 - 횡단중,안전운전불이행,젖음/습기,흐림,단일로 - 기타,승용,여,43세,상해없음,보행자,남,69세,경상
2018051700100377,2018년 5월 17일 17시,목요일,서울특별시 구로구 가리봉동,경상사고,0,0,1,0,차대사람 - 기타,안전운전불이행,젖음/습기,비,교차로 - 교차로부근,이륜,남,21세,상해없음,보행자,남,85세,경상
2018051700100412,2018년 5월 17일 18시,목요일,서울특별시 용산구 한강로2가,경상사고,0,0,1,0,차대사람 - 횡단중,신호위반,젖음/습기,비,교차로 - 교차로안,승용,여,36세,상해없음,보행자,남,80세,경상
2018051700100414,2018년 5월 17일 18시,목요일,서울특별시 강서구 염창동,부상신고사고,0,0,0,1,차대사람 - 기타,안전운전불이행,건조,맑음,단일로 - 기타,승합,남,45세,상해없음,보행자,남,65세,부상신고
2018051700100481,2018년 5월 17일 20시,목요일,서울특별시 동대문구 전농동,경상사고,0,0,1,0,차대사람 - 차도통행중,안전운전불이행,젖음/습기,비,교차로 - 교차로안,화물,남,59세,상해없음,보행자,남,66세,경상
2018051700100621,2018년 5월 17일 23시,목요일,서울특별시 서초구 서초동,중상사고,0,1,0,0,차대사람 - 횡단중,신호위반,건조,맑음,단일로 - 기타,기타불명,기타불명,미분류,기타불명,보행자,여,69세,중상
2018051800100057,2018년 5월 18일 03시,금요일,서울특별시 양천구 신월동,경상사고,0,0,2,0,차대사람 - 횡단중,신호위반,젖음/습기,비,교차로 - 교차로횡단보도내,이륜,남,37세,상해없음,보행자,남,65세,경상
2018051800100126,2018년 5월 18일 08시,금요일,서울특별시 용산구 신계동,경상사고,0,0,2,0,차대사람 - 차도통행중,안전운전불이행,건조,맑음,교차로 - 교차로부근,이륜,남,62세,경상,보행자,남,65세,경상
2018051800100202,2018년 5월 18일 10시,금요일,서울특별시 강북구 미아동,경상사고,0,0,1,0,차대사람 - 기타,보행자보호의무위반,건조,맑음,교차로 - 교차로부근,기타불명,기타불명,미분류,기타불명,보행자,여,79세,경상
2018051800100293,2018년 5월 18일 13시,금요일,서울특별시 노원구 상계동,경상사고,0,0,1,0,차대사람 - 기타,안전운전불이행,젖음/습기,비,단일로 - 기타,승용,여,60세,상해없음,보행자,여,76세,경상
2018051800100316,2018년 5월 18일 14시,금요일,서울특별시 은평구 응암동,중상사고,0,1,0,0,차대사람 - 횡단중,안전운전불이행,건조,맑음,단일로 - 기타,승합,남,52세,상해없음,보행자,남,79세,중상
2018051800100386,2018년 5월 18일 16시,금요일,서울특별시 중구 충무로2가,경상사고,0,0,1,0,차대사람 - 차도통행중,안전운전불이행,젖음/습기,흐림,단일로 - 기타,화물,남,28세,상해없음,보행자,여,76세,경상
2018051800100389,2018년 5월 18일 16시,금요일,서울특별시 강동구 명일동,중상사고,0,1,0,0,차대사람 - 기타,안전운전불이행,건조,맑음,교차로 - 교차로안,화물,남,44세,상해없음,보행자,여,82세,중상
2018051800100457,2018년 5월 18일 18시,금요일,서울특별시 강북구 미아동,경상사고,0,0,1,0,차대사람 - 횡단중,안전운전불이행,건조,맑음,단일로 - 기타,화물,남,58세,상해없음,보행자,여,67세,경상
2018051800100459,2018년 5월 18일 18시,금요일,서울특별시 동작구 상도동,중상사고,0,1,0,0,차대사람 - 횡단중,안전운전불이행,건조,맑음,교차로 - 교차로안,승용,여,30세,상해없음,보행자,남,70세,중상
2018051800100541,2018년 5월 18일 20시,금요일,서울특별시 영등포구 신길동,중상사고,0,1,1,0,차대사람 - 횡단중,보행자보호의무위반,건조,맑음,교차로 - 교차로부근,승용,여,25세,상해없음,보행자,여,51세,경상
2018051900100093,2018년 5월 19일 05시,토요일,서울특별시 구로구 개봉동,중상사고,0,1,0,0,차대사람 - 기타,신호위반,건조,맑음,교차로 - 교차로부근,승용,남,47세,기타불명,보행자,남,79세,중상
2018051900100094,2018년 5월 19일 05시,토요일,서울특별시 양천구 목동,중상사고,0,1,0,0,차대사람 - 횡단중,안전운전불이행,건조,맑음,단일로 - 기타,승합,남,47세,상해없음,보행자,남,65세,중상
2018051900100196,2018년 5월 19일 10시,토요일,서울특별시 금천구 시흥동,중상사고,0,1,0,0,차대사람 - 기타,안전운전불이행,건조,맑음,단일로 - 기타,건설기계,남,58세,상해없음,보행자,여,81세,중상
2018051900100198,2018년 5월 19일 10시,토요일,서울특별시 구로구 개봉동,중상사고,0,1,0,0,차대사람 - 보도통행중,보행자보호의무위반,건조,맑음,교차로 - 교차로안,승용,남,45세,상해없음,보행자,남,77세,중상
2018051900100378,2018년 5월 19일 14시,토요일,서울특별시 강북구 수유동,중상사고,0,1,0,0,차대사람 - 횡단중,안전운전불이행,건조,맑음,단일로 - 기타,승용,여,73세,상해없음,보행자,여,76세,중상
2018051900100457,2018년 5월 19일 16시,토요일,서울특별시 강서구 가양동,중상사고,0,1,0,0,차대사람 - 기타,안전운전불이행,건조,맑음,단일로 - 기타,승용,남,69세,상해없음,보행자,여,65세,중상
2018051900100544,2018년 5월 19일 18시,토요일,서울특별시 동대문구 이문동,중상사고,0,1,0,0,차대사람 - 기타,기타,건조,기타,기타 - 기타,승용,남,53세,상해없음,보행자,여,80세,중상
2018051900100589,2018년 5월 19일 19시,토요일,서울특별시 중랑구 면목동,경상사고,0,0,1,0,차대사람 - 기타,안전운전불이행,건조,맑음,단일로 - 기타,이륜,남,17세,상해없음,보행자,여,73세,경상
2018051900100654,2018년 5월 19일 21시,토요일,서울특별시 구로구 구로동,경상사고,0,0,1,0,차대사람 - 기타,안전운전불이행,건조,맑음,단일로 - 기타,승용,남,29세,상해없음,보행자,남,74세,경상
2018052000100112,2018년 5월 20일 08시,일요일,서울특별시 구로구 오류동,경상사고,0,0,1,0,차대사람 - 길가장자리구역통행중,안전운전불이행,건조,맑음,단일로 - 기타,화물,남,59세,상해없음,보행자,남,81세,경상
2018052000100247,2018년 5월 20일 14시,일요일,서울특별시 강남구 자곡동,경상사고,0,0,1,0,차대사람 - 기타,안전운전불이행,건조,맑음,기타 - 기타,승합,남,58세,상해없음,보행자,남,69세,경상
2018052000100355,2018년 5월 20일 18시,일요일,서울특별시 종로구 효제동,중상사고,0,1,0,0,차대사람 - 기타,기타,건조,맑음,단일로 - 기타,승합,남,54세,상해없음,보행자,여,84세,중상
2018052000100411,2018년 5월 20일 20시,일요일,서울특별시 구로구 가리봉동,중상사고,0,1,0,0,차대사람 - 횡단중,신호위반,건조,맑음,단일로 - 기타,승용,남,27세,상해없음,보행자,여,65세,중상
2018052000100413,2018년 5월 20일 20시,일요일,서울특별시 강남구 대치동,부상신고사고,0,0,0,1,차대사람 - 횡단중,보행자보호의무위반,건조,맑음,교차로 - 교차로부근,승용,여,45세,상해없음,보행자,남,65세,부상신고
2018052100100090,2018년 5월 21일 08시,월요일,서울특별시 구로구 개봉동,중상사고,0,1,0,0,차대사람 - 횡단중,보행자보호의무위반,건조,맑음,교차로 - 교차로안,화물,남,24세,상해없음,보행자,여,71세,중상
2018052100100154,2018년 5월 21일 10시,월요일,서울특별시 강동구 길동,중상사고,0,1,0,0,차대사람 - 기타,안전운전불이행,건조,맑음,기타 - 기타,승용,여,48세,상해없음,보행자,여,68세,중상
2018052100100233,2018년 5월 21일 12시,월요일,서울특별시 송파구 잠실동,경상사고,0,0,1,0,차대사람 - 횡단중,안전운전불이행,건조,맑음,교차로 - 교차로안,승용,남,63세,상해없음,보행자,여,66세,경상
2018052100100259,2018년 5월 21일 13시,월요일,서울특별시 동대문구 장안동,중상사고,0,1,0,0,차대사람 - 횡단중,안전운전불이행,건조,맑음,교차로 - 교차로안,승용,여,50세,상해없음,보행자,남,74세,중상
2018052100100270,2018년 5월 21일 13시,월요일,서울특별시 은평구 녹번동,경상사고,0,0,1,0,차대사람 - 횡단중,안전운전불이행,건조,맑음,단일로 - 기타,화물,남,46세,상해없음,보행자,여,73세,경상
2018052100100407,2018년 5월 21일 17시,월요일,서울특별시 노원구 상계동,경상사고,0,0,1,0,차대사람 - 차도통행중,안전운전불이행,건조,맑음,단일로 - 기타,승용,남,55세,상해없음,보행자,여,67세,경상
2018052100100444,2018년 5월 21일 18시,월요일,서울특별시 구로구 구로동,부상신고사고,0,0,0,1,차대사람 - 횡단중,보행자보호의무위반,건조,맑음,교차로 - 교차로횡단보도내,승용,남,42세,상해없음,보행자,여,75세,부상신고
2018052100100515,2018년 5월 21일 20시,월요일,서울특별시 강남구 수서동,중상사고,0,1,0,0,차대사람 - 기타,안전운전불이행,건조,맑음,단일로 - 기타,승용,여,38세,상해없음,보행자,남,75세,중상
2018052200100174,2018년 5월 22일 10시,화요일,서울특별시 서초구 우면동,중상사고,0,1,0,0,차대사람 - 기타,안전운전불이행,건조,맑음,단일로 - 기타,승합,남,49세,상해없음,보행자,남,78세,중상
2018052200100305,2018년 5월 22일 14시,화요일,서울특별시 성북구 돈암동,중상사고,0,1,0,0,차대사람 - 기타,안전운전불이행,건조,흐림,교차로 - 교차로부근,승합,남,74세,상해없음,보행자,여,77세,중상
2018052200100344,2018년 5월 22일 15시,화요일,서울특별시 동작구 상도동,경상사고,0,0,1,0,차대사람 - 기타,안전운전불이행,젖음/습기,비,단일로 - 기타,승용,남,59세,상해없음,보행자,여,78세,경상
2018052200100436,2018년 5월 22일 18시,화요일,서울특별시 도봉구 쌍문동,중상사고,0,1,0,0,차대사람 - 길가장자리구역통행중,안전운전불이행,젖음/습기,비,교차로 - 교차로부근,승용,남,49세,상해없음,보행자,여,90세 이상,중상
2018052300100146,2018년 5월 23일 09시,수요일,서울특별시 구로구 궁동,중상사고,0,1,0,0,차대사람 - 횡단중,안전운전불이행,건조,맑음,단일로 - 기타,화물,남,65세,상해없음,보행자,여,75세,중상
2018052300100188,2018년 5월 23일 10시,수요일,서울특별시 강북구 번동,중상사고,0,1,0,0,차대사람 - 기타,안전운전불이행,건조,맑음,단일로 - 기타,화물,남,31세,상해없음,보행자,여,72세,중상
2018052300100215,2018년 5월 23일 11시,수요일,서울특별시 은평구 신사동,중상사고,0,1,0,0,차대사람 - 횡단중,보행자보호의무위반,건조,맑음,단일로 - 기타,화물,남,68세,상해없음,보행자,남,73세,중상
2018052300100264,2018년 5월 23일 12시,수요일,서울특별시 노원구 상계동,경상사고,0,0,1,0,차대사람 - 횡단중,안전운전불이행,건조,맑음,단일로 - 기타,승용,여,58세,상해없음,보행자,남,71세,경상
2018052300100293,2018년 5월 23일 13시,수요일,서울특별시 종로구 창신동,경상사고,0,0,1,0,차대사람 - 길가장자리구역통행중,안전운전불이행,건조,맑음,단일로 - 기타,승용,남,66세,상해없음,보행자,여,72세,경상
2018052300100373,2018년 5월 23일 15시,수요일,서울특별시 강동구 길동,중상사고,0,1,0,0,차대사람 - 횡단중,보행자보호의무위반,건조,맑음,교차로 - 교차로횡단보도내,승용,여,66세,상해없음,보행자,남,66세,중상
2018052300100483,2018년 5월 23일 18시,수요일,서울특별시 중구 신당동,중상사고,0,1,0,0,차대사람 - 횡단중,보행자보호의무위반,건조,맑음,교차로 - 교차로횡단보도내,승용,남,49세,상해없음,보행자,여,65세,중상
2018052300100609,2018년 5월 23일 21시,수요일,서울특별시 구로구 궁동,경상사고,0,0,1,0,차대사람 - 기타,안전운전불이행,건조,맑음,기타 - 기타,승용,남,49세,상해없음,보행자,남,72세,경상
2018052400100004,2018년 5월 24일 00시,목요일,서울특별시 도봉구 방학동,경상사고,0,0,1,0,차대사람 - 기타,안전운전불이행,건조,맑음,교차로 - 교차로안,승용,남,27세,상해없음,보행자,남,67세,경상
2018052400100094,2018년 5월 24일 08시,목요일,서울특별시 용산구 원효로4가,중상사고,0,1,0,0,차대사람 - 기타,기타,건조,맑음,단일로 - 기타,승용,남,67세,상해없음,보행자,남,75세,중상