사고번호,사고일시,요일,시군구,사고내용,사망자수,중상자수,경상자수,부상신고자수,사고유형,법규위반,노면상태,기상상태,도로형태,가해운전자 차종,가해운전자 성별,가해운전자 연령,가해운전자 상해정도,피해운전자 차종,피해운전자 성별,피해운전자 연령,피해운전자 상해정도
2018052400100251,2018년 5월 24일 12시,목요일,서울특별시 마포구 신수동,중상사고,0,1,0,0,차대사람 - 기타,안전운전불이행,건조,맑음,교차로 - 교차로부근,승용,남,57세,상해없음,보행자,여,70세,중상
2018052400100502,2018년 5월 24일 19시,목요일,서울특별시 송파구 방이동,중상사고,0,1,0,0,차대사람 - 횡단중,안전운전불이행,건조,맑음,단일로 - 기타,자전거,남,14세,상해없음,보행자,여,76세,중상
2018052500100149,2018년 5월 25일 09시,금요일,서울특별시 동작구 신대방동,중상사고,0,1,0,0,차대사람 - 보도통행중,기타,건조,맑음,기타 - 기타,화물,남,44세,상해없음,보행자,여,83세,중상
2018052500100193,2018년 5월 25일 10시,금요일,서울특별시 송파구 마천동,경상사고,0,0,1,0,차대사람 - 기타,안전운전불이행,건조,맑음,단일로 - 기타,승합,여,66세,상해없음,보행자,여,80세,경상
2018052500100194,2018년 5월 25일 10시,금요일,서울특별시 도봉구 도봉동,중상사고,0,1,0,0,차대사람 - 길가장자리구역통행중,안전운전불이행,건조,맑음,교차로 - 교차로부근,화물,남,38세,상해없음,보행자,남,67세,중상
2018052500100318,2018년 5월 25일 14시,금요일,서울특별시 강북구 번동,중상사고,0,1,0,0,차대사람 - 횡단중,보행자보호의무위반,건조,맑음,교차로 - 교차로횡단보도내,승합,남,55세,상해없음,보행자,여,70세,중상
2018052500100326,2018년 5월 25일 14시,금요일,서울특별시 도봉구 창동,경상사고,0,0,1,0,차대사람 - 기타,안전운전불이행,건조,맑음,교차로 - 교차로부근,화물,남,51세,상해없음,보행자,여,76세,경상
2018052500100397,2018년 5월 25일 16시,금요일,서울특별시 동대문구 장안동,경상사고,0,0,1,0,차대사람 - 횡단중,안전운전불이행,건조,맑음,단일로 - 기타,화물,남,58세,상해없음,보행자,여,72세,경상
2018052500100566,2018년 5월 25일 20시,금요일,서울특별시 관악구 봉천동,중상사고,0,1,0,0,차대사람 - 기타,안전운전불이행,기타,기타,기타 - 기타,승합,여,64세,상해없음,보행자,남,67세,중상
2018052600100135,2018년 5월 26일 08시,토요일,서울특별시 강남구 청담동,경상사고,0,0,1,0,차대사람 - 길가장자리구역통행중,안전운전불이행,기타,맑음,단일로 - 기타,건설기계,남,58세,상해없음,보행자,남,66세,경상
2018052600100196,2018년 5월 26일 10시,토요일,서울특별시 송파구 마천동,경상사고,0,0,1,0,차대사람 - 보도통행중,기타,건조,맑음,단일로 - 기타,승용,남,74세,상해없음,보행자,여,70세,경상
2018052600100228,2018년 5월 26일 11시,토요일,서울특별시 은평구 수색동,중상사고,0,1,0,0,차대사람 - 기타,안전운전불이행,건조,맑음,단일로 - 기타,승용,남,45세,상해없음,보행자,여,85세,중상
2018052600100419,2018년 5월 26일 16시,토요일,서울특별시 강남구 개포동,경상사고,0,0,1,0,차대사람 - 기타,안전운전불이행,건조,맑음,기타 - 기타,승용,남,38세,상해없음,보행자,남,66세,경상
2018052600100459,2018년 5월 26일 17시,토요일,서울특별시 종로구 견지동,경상사고,0,0,1,0,차대사람 - 횡단중,안전운전불이행,건조,맑음,단일로 - 기타,승합,남,53세,상해없음,보행자,여,79세,경상
2018052600100463,2018년 5월 26일 17시,토요일,서울특별시 마포구 서교동,중상사고,0,1,0,0,차대사람 - 기타,안전운전불이행,건조,맑음,교차로 - 교차로부근,승용,남,36세,상해없음,보행자,여,68세,중상
2018052600100516,2018년 5월 26일 18시,토요일,서울특별시 은평구 갈현동,중상사고,0,1,0,0,차대사람 - 기타,안전운전불이행,건조,맑음,교차로 - 교차로안,승용,남,59세,상해없음,보행자,여,76세,중상
2018052700100128,2018년 5월 27일 10시,일요일,서울특별시 마포구 성산동,경상사고,0,0,1,0,차대사람 - 횡단중,안전운전불이행,건조,맑음,교차로 - 교차로안,승합,여,44세,상해없음,보행자,여,77세,경상
2018052700100187,2018년 5월 27일 13시,일요일,서울특별시 마포구 도화동,경상사고,0,0,1,0,차대사람 - 차도통행중,안전운전불이행,건조,맑음,단일로 - 기타,승용,남,69세,상해없음,보행자,남,76세,경상
2018052700100351,2018년 5월 27일 19시,일요일,서울특별시 강남구 도곡동,경상사고,0,0,1,0,차대사람 - 길가장자리구역통행중,안전운전불이행,건조,맑음,교차로 - 교차로안,승용,남,26세,상해없음,보행자,여,65세,경상
2018052700100392,2018년 5월 27일 21시,일요일,서울특별시 성북구 정릉동,중상사고,0,1,0,0,차대사람 - 횡단중,안전운전불이행,건조,맑음,단일로 - 기타,화물,남,66세,상해없음,보행자,남,71세,중상
2018052800100191,2018년 5월 28일 10시,월요일,서울특별시 용산구 한강로2가,사망사고,1,0,0,0,차대사람 - 횡단중,신호위반,건조,맑음,교차로 - 교차로횡단보도내,승용,남,40세,상해없음,보행자,여,83세,사망
2018052800100198,2018년 5월 28일 10시,월요일,서울특별시 송파구 가락동,중상사고,0,1,1,0,차대사람 - 차도통행중,안전운전불이행,건조,맑음,단일로 - 기타,승용,남,21세,경상,보행자,여,76세,중상
2018052800100254,2018년 5월 28일 12시,월요일,서울특별시 은평구 갈현동,부상신고사고,0,0,0,1,차대사람 - 횡단중,안전운전불이행,건조,맑음,단일로 - 기타,승용,여,51세,상해없음,보행자,여,79세,부상신고
2018052900100034,2018년 5월 29일 05시,화요일,서울특별시 서초구 방배동,중상사고,0,1,0,0,차대사람 - 횡단중,안전운전불이행,건조,맑음,교차로 - 교차로횡단보도내,승용,남,48세,상해없음,보행자,남,73세,중상
2018052900100075,2018년 5월 29일 08시,화요일,서울특별시 종로구 창신동,부상신고사고,0,0,0,1,차대사람 - 차도통행중,안전운전불이행,건조,맑음,단일로 - 기타,승용,남,76세,상해없음,보행자,남,87세,부상신고
2018052900100155,2018년 5월 29일 10시,화요일,서울특별시 강남구 역삼동,경상사고,0,0,1,0,차대사람 - 기타,안전운전불이행,기타,맑음,기타 - 기타,기타불명,기타불명,미분류,기타불명,보행자,남,88세,경상
2018052900100186,2018년 5월 29일 11시,화요일,서울특별시 노원구 월계동,중상사고,0,2,1,0,차대사람 - 보도통행중,신호위반,건조,맑음,교차로 - 교차로안,승용,여,69세,상해없음,보행자,여,71세,중상
2018052900100303,2018년 5월 29일 15시,화요일,서울특별시 동대문구 장안동,경상사고,0,0,1,0,차대사람 - 기타,안전운전불이행,건조,맑음,기타 - 기타,화물,남,31세,상해없음,보행자,여,76세,경상
2018052900100429,2018년 5월 29일 18시,화요일,서울특별시 중구 방산동,중상사고,0,2,0,0,차대사람 - 차도통행중,과속,건조,맑음,단일로 - 기타,이륜,남,25세,중상,보행자,남,73세,중상
2018053000100178,2018년 5월 30일 10시,수요일,서울특별시 강북구 미아동,중상사고,0,1,0,0,차대사람 - 기타,안전운전불이행,건조,맑음,단일로 - 기타,승합,남,59세,상해없음,보행자,여,71세,중상
2018053000100342,2018년 5월 30일 15시,수요일,서울특별시 송파구 마천동,중상사고,0,1,0,0,차대사람 - 차도통행중,안전운전불이행,건조,맑음,단일로 - 기타,승용,남,57세,상해없음,보행자,여,74세,중상
2018053000100546,2018년 5월 30일 20시,수요일,서울특별시 영등포구 문래동3가,경상사고,0,0,1,0,차대사람 - 보도통행중,안전운전불이행,건조,맑음,교차로 - 교차로횡단보도내,승용,여,54세,상해없음,보행자,남,70세,경상
2018053000100578,2018년 5월 30일 21시,수요일,서울특별시 강서구 염창동,경상사고,0,0,1,0,차대사람 - 기타,신호위반,건조,맑음,단일로 - 기타,이륜,남,45세,상해없음,보행자,여,68세,경상
2018053100100062,2018년 5월 31일 06시,목요일,서울특별시 용산구 이촌동,중상사고,0,1,0,0,차대사람 - 횡단중,신호위반,건조,맑음,교차로 - 교차로횡단보도내,승용,남,71세,상해없음,보행자,여,70세,중상
2018053100100177,2018년 5월 31일 09시,목요일,서울특별시 성북구 정릉동,중상사고,0,1,0,0,차대사람 - 횡단중,안전운전불이행,건조,맑음,기타 - 기타,승용,여,50세,상해없음,보행자,여,79세,중상
2018053100100180,2018년 5월 31일 09시,목요일,서울특별시 구로구 고척동,중상사고,0,1,0,0,차대사람 - 길가장자리구역통행중,안전운전불이행,건조,맑음,교차로 - 교차로부근,화물,남,51세,상해없음,보행자,여,76세,중상
2018053100100183,2018년 5월 31일 09시,목요일,서울특별시 도봉구 쌍문동,중상사고,0,1,0,0,차대사람 - 기타,안전운전불이행,기타,맑음,교차로 - 교차로안,승용,여,59세,상해없음,보행자,남,89세,중상
2018053100100306,2018년 5월 31일 13시,목요일,서울특별시 영등포구 신길동,중상사고,0,1,0,0,차대사람 - 횡단중,안전운전불이행,건조,맑음,교차로 - 교차로안,승용,여,45세,상해없음,보행자,여,84세,중상
2018053100100468,2018년 5월 31일 17시,목요일,서울특별시 강동구 천호동,중상사고,0,1,0,0,차대사람 - 횡단중,안전운전불이행,건조,맑음,기타 - 기타,승용,남,28세,상해없음,보행자,남,85세,중상
2018053100100631,2018년 5월 31일 21시,목요일,서울특별시 용산구 이촌동,사망사고,1,0,0,0,차대사람 - 차도통행중,안전운전불이행,건조,맑음,단일로 - 기타,이륜,남,32세,상해없음,보행자,여,79세,사망
2018053100100654,2018년 5월 31일 22시,목요일,서울특별시 중구 흥인동,경상사고,0,0,1,0,차대사람 - 횡단중,신호위반,건조,흐림,교차로 - 교차로횡단보도내,자전거,남,24세,상해없음,보행자,여,65세,경상
2018060100100064,2018년 6월 1일 05시,금요일,서울특별시 관악구 봉천동,중상사고,0,1,0,0,차대사람 - 횡단중,보행자보호의무위반,건조,맑음,단일로 - 기타,승용,남,60세,상해없음,보행자,남,77세,중상
2018060100100108,2018년 6월 1일 08시,금요일,서울특별시 성북구 하월곡동,경상사고,0,0,1,0,차대사람 - 횡단중,보행자보호의무위반,건조,맑음,단일로 - 기타,승용,여,44세,상해없음,보행자,여,77세,경상
2018060100100229,2018년 6월 1일 11시,금요일,서울특별시 동대문구 제기동,중상사고,0,1,0,0,차대사람 - 기타,안전운전불이행,건조,맑음,단일로 - 기타,건설기계,남,39세,상해없음,보행자,남,71세,중상
2018060100100407,2018년 6월 1일 16시,금요일,서울특별시 종로구 신교동,경상사고,0,0,1,0,차대사람 - 차도통행중,안전운전불이행,건조,맑음,단일로 - 기타,승용,남,50세,상해없음,보행자,남,65세,경상
2018060100100502,2018년 6월 1일 18시,금요일,서울특별시 강동구 천호동,중상사고,0,1,0,0,차대사람 - 기타,안전운전불이행,건조,맑음,단일로 - 기타,이륜,남,22세,상해없음,보행자,여,65세,중상
2018060100100594,2018년 6월 1일 20시,금요일,서울특별시 강서구 방화동,경상사고,0,0,1,0,차대사람 - 차도통행중,안전운전불이행,건조,맑음,단일로 - 기타,승용,여,61세,상해없음,보행자,여,77세,경상
2018060100100596,2018년 6월 1일 20시,금요일,서울특별시 성북구 장위동,중상사고,0,1,0,0,차대사람 - 횡단중,보행자보호의무위반,건조,맑음,교차로 - 교차로안,승용,여,35세,상해없음,보행자,여,77세,중상
2018060200100427,2018년 6월 2일 16시,토요일,서울특별시 노원구 중계동,경상사고,0,0,1,0,차대사람 - 횡단중,신호위반,건조,맑음,교차로 - 교차로횡단보도내,승용,여,36세,상해없음,보행자,여,73세,경상
2018060200100534,2018년 6월 2일 18시,토요일,서울특별시 광진구 중곡동,경상사고,0,0,1,0,차대사람 - 횡단중,안전운전불이행,건조,맑음,단일로 - 기타,승용,남,69세,상해없음,보행자,여,71세,경상
2018060200100541,2018년 6월 2일 18시,토요일,서울특별시 은평구 진관동,중상사고,0,1,0,0,차대사람 - 횡단중,신호위반,건조,맑음,교차로 - 교차로안,승용,여,49세,상해없음,보행자,여,65세,중상
2018060200100604,2018년 6월 2일 20시,토요일,서울특별시 광진구 자양동,경상사고,0,0,1,0,차대사람 - 기타,안전운전불이행,건조,맑음,단일로 - 기타,승용,남,59세,상해없음,보행자,남,67세,경상
2018060300100262,2018년 6월 3일 15시,일요일,서울특별시 성북구 성북동,중상사고,0,1,0,0,차대사람 - 기타,안전운전불이행,건조,맑음,단일로 - 기타,승용,여,56세,상해없음,보행자,남,71세,중상
2018060400100006,2018년 6월 4일 01시,월요일,서울특별시 동대문구 장안동,경상사고,0,0,1,0,차대사람 - 차도통행중,기타,건조,맑음,기타 - 기타,승용,남,60세,상해없음,보행자,남,65세,경상
2018060400100032,2018년 6월 4일 05시,월요일,서울특별시 은평구 갈현동,경상사고,0,0,1,0,차대사람 - 기타,안전운전불이행,건조,맑음,교차로 - 교차로안,승용,남,65세,상해없음,보행자,남,71세,경상
2018060400100157,2018년 6월 4일 09시,월요일,서울특별시 강북구 미아동,중상사고,0,1,0,0,차대사람 - 횡단중,보행자보호의무위반,건조,맑음,교차로 - 교차로횡단보도내,승용,남,49세,상해없음,보행자,여,70세,중상
2018060400100162,2018년 6월 4일 09시,월요일,서울특별시 성북구 상월곡동,사망사고,1,0,0,0,차대사람 - 횡단중,안전운전불이행,건조,맑음,교차로 - 교차로안,승합,남,65세,상해없음,보행자,여,71세,사망
2018060400100199,2018년 6월 4일 10시,월요일,서울특별시 강북구 미아동,경상사고,0,0,1,0,차대사람 - 횡단중,안전운전불이행,건조,맑음,단일로 - 기타,이륜,남,53세,상해없음,보행자,여,85세,경상
2018060400100200,2018년 6월 4일 10시,월요일,서울특별시 동작구 상도동,중상사고,0,1,0,0,차대사람 - 기타,기타,건조,맑음,교차로 - 교차로부근,승합,남,64세,상해없음,보행자,남,77세,중상
2018060400100201,2018년 6월 4일 10시,월요일,서울특별시 강서구 방화동,경상사고,0,0,1,0,차대사람 - 보도통행중,안전운전불이행,건조,맑음,단일로 - 기타,자전거,기타불명,미분류,기타불명,보행자,남,80세,경상
2018060400100229,2018년 6월 4일 11시,월요일,서울특별시 강동구 천호동,중상사고,0,1,0,0,차대사람 - 기타,안전운전불이행,건조,흐림,단일로 - 기타,승용,남,60세,상해없음,보행자,남,79세,중상
2018060400100290,2018년 6월 4일 13시,월요일,서울특별시 강북구 미아동,경상사고,0,0,1,0,차대사람 - 기타,안전운전불이행,건조,맑음,기타 - 기타,특수,남,20세,상해없음,보행자,여,77세,경상
2018060400100360,2018년 6월 4일 15시,월요일,서울특별시 도봉구 창동,중상사고,0,1,0,0,차대사람 - 기타,신호위반,기타,맑음,교차로 - 교차로안,승용,남,48세,상해없음,보행자,남,76세,중상
2018060400100434,2018년 6월 4일 17시,월요일,서울특별시 마포구 동교동,중상사고,0,1,0,0,차대사람 - 기타,안전운전불이행,건조,맑음,단일로 - 기타,화물,남,53세,상해없음,보행자,남,78세,중상
2018060400100437,2018년 6월 4일 17시,월요일,서울특별시 강서구 등촌동,경상사고,0,0,1,0,차대사람 - 보도통행중,안전운전불이행,건조,맑음,주차장 - 주차장,기타불명,기타불명,미분류,기타불명,보행자,여,68세,경상
2018060500100019,2018년 6월 5일 01시,화요일,서울특별시 중구 신당동,중상사고,0,1,0,0,차대사람 - 차도통행중,안전운전불이행,건조,맑음,단일로 - 기타,화물,남,58세,상해없음,보행자,여,69세,중상
2018060500100074,2018년 6월 5일 07시,화요일,서울특별시 서대문구 홍은동,중상사고,0,1,0,0,차대사람 - 횡단중,안전운전불이행,건조,맑음,단일로 - 기타,승용,남,66세,상해없음,보행자,여,72세,중상
2018060500100081,2018년 6월 5일 07시,화요일,서울특별시 노원구 월계동,중상사고,0,1,0,0,차대사람 - 횡단중,안전운전불이행,건조,맑음,단일로 - 기타,승용,남,59세,상해없음,보행자,남,70세,중상
2018060500100149,2018년 6월 5일 09시,화요일,서울특별시 동작구 신대방동,중상사고,0,1,0,0,차대사람 - 횡단중,신호위반,건조,맑음,단일로 - 기타,자전거,남,33세,상해없음,보행자,여,77세,중상
2018060500100297,2018년 6월 5일 14시,화요일,서울특별시 종로구 종로3가,중상사고,0,1,0,0,차대사람 - 횡단중,보행자보호의무위반,건조,맑음,교차로 - 교차로횡단보도내,이륜,남,64세,기타불명,보행자,여,74세,중상
2018060500100424,2018년 6월 5일 17시,화요일,서울특별시 중구 만리동2가,중상사고,0,1,0,0,차대사람 - 횡단중,안전운전불이행,건조,맑음,단일로 - 기타,승용,여,36세,상해없음,보행자,여,82세,중상
2018060500100425,2018년 6월 5일 17시,화요일,서울특별시 종로구 무악동,경상사고,0,0,1,0,차대사람 - 차도통행중,안전운전불이행,건조,맑음,단일로 - 지하차도(도로)내,승용,남,71세,상해없음,보행자,남,66세,경상
2018060500100560,2018년 6월 5일 20시,화요일,서울특별시 동대문구 제기동,부상신고사고,0,0,0,1,차대사람 - 길가장자리구역통행중,안전운전불이행,건조,맑음,단일로 - 기타,승용,여,56세,상해없음,보행자,남,65세,부상신고
2018060500100590,2018년 6월 5일 21시,화요일,서울특별시 동대문구 휘경동,중상사고,0,1,0,0,차대사람 - 기타,안전운전불이행,건조,맑음,단일로 - 기타,이륜,남,41세,상해없음,보행자,남,82세,중상
2018060600100329,2018년 6월 6일 15시,수요일,서울특별시 중구 신당동,경상사고,0,0,1,0,차대사람 - 길가장자리구역통행중,안전운전불이행,건조,맑음,단일로 - 기타,승용,남,73세,상해없음,보행자,여,73세,경상
2018060600100402,2018년 6월 6일 17시,수요일,서울특별시 동작구 사당동,중상사고,0,1,0,0,차대사람 - 차도통행중,안전운전불이행,건조,맑음,교차로 - 교차로부근,승용,여,51세,상해없음,보행자,여,82세,중상
2018060600100442,2018년 6월 6일 18시,수요일,서울특별시 양천구 신월동,경상사고,0,0,1,0,차대사람 - 기타,안전운전불이행,건조,맑음,단일로 - 기타,승합,남,52세,기타불명,보행자,여,65세,경상
2018060700100195,2018년 6월 7일 11시,목요일,서울특별시 금천구 시흥동,중상사고,0,1,0,0,차대사람 - 횡단중,보행자보호의무위반,건조,맑음,교차로 - 교차로횡단보도내,승용,남,24세,상해없음,보행자,여,80세,중상
2018060700100197,2018년 6월 7일 11시,목요일,서울특별시 강동구 성내동,경상사고,0,0,1,0,차대사람 - 기타,안전운전불이행,건조,맑음,단일로 - 기타,화물,남,38세,상해없음,보행자,여,89세,경상
2018060700100354,2018년 6월 7일 16시,목요일,서울특별시 강서구 염창동,중상사고,0,1,0,0,차대사람 - 기타,기타,건조,맑음,단일로 - 기타,승합,남,48세,상해없음,보행자,남,66세,중상
2018060700100357,2018년 6월 7일 16시,목요일,서울특별시 도봉구 도봉동,중상사고,0,1,0,0,차대사람 - 기타,안전운전불이행,기타,맑음,교차로 - 교차로안,건설기계,남,57세,상해없음,보행자,남,67세,중상
2018060700100534,2018년 6월 7일 21시,목요일,서울특별시 중구 남산동2가,중상사고,0,1,0,0,차대사람 - 횡단중,안전운전불이행,건조,맑음,단일로 - 기타,승용,남,61세,상해없음,보행자,남,68세,중상
2018060800100053,2018년 6월 8일 05시,금요일,서울특별시 중랑구 면목동,경상사고,0,0,1,0,차대사람 - 차도통행중,안전운전불이행,건조,맑음,단일로 - 기타,승용,남,78세,상해없음,보행자,남,67세,경상
2018060800100323,2018년 6월 8일 14시,금요일,서울특별시 강서구 내발산동,중상사고,0,1,0,0,차대사람 - 횡단중,신호위반,건조,맑음,교차로 - 교차로안,화물,남,37세,상해없음,보행자,남,78세,중상
2018060800100329,2018년 6월 8일 14시,금요일,서울특별시 강남구 역삼동,경상사고,0,0,1,0,차대사람 - 기타,안전운전불이행,건조,맑음,교차로 - 교차로부근,승용,남,35세,상해없음,보행자,여,65세,경상
2018060800100441,2018년 6월 8일 17시,금요일,서울특별시 성북구 길음동,중상사고,0,1,0,0,차대사람 - 기타,안전운전불이행,건조,맑음,단일로 - 기타,승합,남,48세,상해없음,보행자,여,82세,중상
2018060800100442,2018년 6월 8일 17시,금요일,서울특별시 성동구 행당동,경상사고,0,0,1,0,차대사람 - 기타,안전운전불이행,건조,맑음,기타 - 기타,승합,남,60세,기타불명,보행자,여,67세,경상
2018060800100557,2018년 6월 8일 19시,금요일,서울특별시 중랑구 묵동,경상사고,0,0,1,0,차대사람 - 횡단중,기타,건조,맑음,교차로 - 교차로안,기타불명,기타불명,미분류,기타불명,보행자,여,66세,경상
2018060900100075,2018년 6월 9일 05시,토요일,서울특별시 중랑구 중화동,중상사고,0,1,0,0,차대사람 - 횡단중,보행자보호의무위반,건조,맑음,교차로 - 교차로횡단보도내,화물,남,57세,상해없음,보행자,여,76세,중상
2018060900100112,2018년 6월 9일 08시,토요일,서울특별시 관악구 봉천동,중상사고,0,1,0,0,차대사람 - 횡단중,신호위반,건조,맑음,교차로 - 교차로횡단보도내,승용,남,49세,상해없음,보행자,여,67세,중상
2018060900100116,2018년 6월 9일 08시,토요일,서울특별시 도봉구 쌍문동,중상사고,0,2,1,0,차대사람 - 기타,중앙선침범,건조,맑음,교차로 - 교차로부근,승용,남,66세,상해없음,보행자,남,67세,중상
2018060900100161,2018년 6월 9일 10시,토요일,서울특별시 강서구 화곡동,중상사고,0,1,0,0,차대사람 - 차도통행중,안전운전불이행,건조,맑음,교차로 - 교차로부근,승용,여,46세,상해없음,보행자,남,75세,중상
2018060900100197,2018년 6월 9일 11시,토요일,서울특별시 서대문구 홍제동,중상사고,0,1,0,0,차대사람 - 기타,안전운전불이행,건조,맑음,교차로 - 교차로횡단보도내,승용,남,68세,상해없음,보행자,남,66세,중상
2018060900100270,2018년 6월 9일 13시,토요일,서울특별시 서대문구 홍제동,중상사고,0,1,0,0,차대사람 - 횡단중,신호위반,건조,맑음,교차로 - 교차로횡단보도내,화물,남,36세,상해없음,보행자,여,78세,중상
2018060900100308,2018년 6월 9일 14시,토요일,서울특별시 노원구 중계동,중상사고,0,1,0,0,차대사람 - 횡단중,보행자보호의무위반,건조,맑음,교차로 - 교차로부근,승합,남,53세,상해없음,보행자,남,67세,중상
2018060900100343,2018년 6월 9일 15시,토요일,서울특별시 성북구 석관동,경상사고,0,0,1,0,차대사람 - 기타,기타,건조,맑음,단일로 - 기타,이륜,남,56세,기타불명,보행자,남,76세,경상
2018060900100404,2018년 6월 9일 17시,토요일,서울특별시 강남구 청담동,경상사고,0,0,1,0,차대사람 - 기타,안전운전불이행,건조,흐림,단일로 - 기타,자전거,남,15세,상해없음,보행자,여,67세,경상
2018060900100528,2018년 6월 9일 20시,토요일,서울특별시 강동구 둔촌동,중상사고,0,1,0,0,차대사람 - 횡단중,안전운전불이행,건조,맑음,단일로 - 기타,승용,남,60세,상해없음,보행자,여,73세,중상
2018061000100043,2018년 6월 10일 02시,일요일,서울특별시 영등포구 영등포동3가,중상사고,0,1,0,0,차대사람 - 기타,안전운전불이행,젖음/습기,비,기타 - 기타,승용,남,62세,상해없음,보행자,남,65세,중상
2018061000100480,2018년 6월 10일 23시,일요일,서울특별시 구로구 구로동,경상사고,0,0,1,0,차대사람 - 보도통행중,보행자보호의무위반,건조,맑음,교차로 - 교차로횡단보도내,승합,남,65세,상해없음,보행자,남,65세,경상
2018061100100093,2018년 6월 11일 08시,월요일,서울특별시 도봉구 창동,중상사고,0,1,0,0,차대사람 - 횡단중,안전운전불이행,건조,맑음,교차로 - 교차로안,승용,여,50세,상해없음,보행자,여,72세,중상
2018061100100130,2018년 6월 11일 09시,월요일,서울특별시 중랑구 묵동,중상사고,0,1,0,0,차대사람 - 차도통행중,안전운전불이행,건조,맑음,교차로 - 교차로안,승용,여,44세,상해없음,보행자,남,90세 이상,중상
2018061100100192,2018년 6월 11일 11시,월요일,서울특별시 종로구 연건동,경상사고,0,0,1,0,차대사람 - 기타,안전운전불이행,건조,맑음,단일로 - 기타,승합,남,37세,상해없음,보행자,남,90세 이상,경상
2018061100100227,2018년 6월 11일 12시,월요일,서울특별시 노원구 월계동,중상사고,0,1,0,0,차대사람 - 횡단중,보행자보호의무위반,건조,맑음,기타 - 기타,승용,남,57세,상해없음,보행자,여,85세,중상
2018061100100291,2018년 6월 11일 14시,월요일,서울특별시 구로구 개봉동,중상사고,0,1,0,0,차대사람 - 횡단중,안전운전불이행,건조,맑음,교차로 - 교차로안,화물,남,59세,상해없음,보행자,여,77세,중상
2018061100100360,2018년 6월 11일 16시,월요일,서울특별시 중랑구 면목동,경상사고,0,0,1,0,차대사람 - 차도통행중,안전운전불이행,건조,맑음,교차로 - 교차로안,화물,남,53세,상해없음,보행자,여,85세,경상
2018061100100604,2018년 6월 11일 23시,월요일,서울특별시 성동구 마장동,중상사고,0,1,0,0,차대사람 - 기타,안전운전불이행,건조,맑음,교차로 - 교차로부근,승용,남,61세,상해없음,보행자,남,71세,중상
2018061200100169,2018년 6월 12일 10시,화요일,서울특별시 강북구 수유동,경상사고,0,0,1,0,차대사람 - 기타,신호위반,건조,맑음,교차로 - 교차로안,승용,남,57세,상해없음,보행자,여,76세,경상
2018061200100216,2018년 6월 12일 11시,화요일,서울특별시 노원구 공릉동,경상사고,0,0,1,0,차대사람 - 횡단중,안전운전불이행,건조,맑음,기타 - 기타,자전거,남,22세,상해없음,보행자,여,71세,경상
2018061200100239,2018년 6월 12일 12시,화요일,서울특별시 종로구 낙원동,중상사고,0,1,0,0,차대사람 - 횡단중,보행자보호의무위반,건조,맑음,교차로 - 교차로횡단보도내,화물,남,66세,상해없음,보행자,남,79세,중상
2018061200100337,2018년 6월 12일 15시,화요일,서울특별시 송파구 삼전동,중상사고,0,1,0,0,차대사람 - 보도통행중,기타,건조,맑음,기타 - 기타,화물,남,44세,상해없음,보행자,남,65세,중상
2018061200100340,2018년 6월 12일 15시,화요일,서울특별시 은평구 진관동,경상사고,0,0,1,0,차대사람 - 횡단중,보행자보호의무위반,건조,맑음,교차로 - 교차로부근,승용,남,24세,상해없음,보행자,남,67세,경상
2018061200100367,2018년 6월 12일 16시,화요일,서울특별시 금천구 시흥동,중상사고,0,1,0,0,차대사람 - 기타,안전운전불이행,건조,맑음,단일로 - 기타,승용,남,50세,상해없음,보행자,여,65세,중상
2018061200100508,2018년 6월 12일 19시,화요일,서울특별시 금천구 가산동,경상사고,0,0,1,0,차대사람 - 횡단중,안전운전불이행,건조,맑음,단일로 - 기타,승합,여,59세,상해없음,보행자,남,67세,경상
2018061200100510,2018년 6월 12일 19시,화요일,서울특별시 송파구 석촌동,경상사고,0,0,1,0,차대사람 - 횡단중,보행자보호의무위반,건조,맑음,교차로 - 교차로횡단보도내,화물,남,63세,상해없음,보행자,남,65세,경상
2018061200100558,2018년 6월 12일 20시,화요일,서울특별시 도봉구 쌍문동,중상사고,0,1,0,0,차대사람 - 차도통행중,안전운전불이행,건조,맑음,단일로 - 기타,승용,남,52세,상해없음,보행자,여,66세,중상
2018061300100104,2018년 6월 13일 07시,수요일,서울특별시 강남구 역삼동,중상사고,0,1,0,0,차대사람 - 기타,안전운전불이행,건조,맑음,단일로 - 기타,승용,남,27세,상해없음,보행자,여,70세,중상
2018061300100191,2018년 6월 13일 11시,수요일,서울특별시 서대문구 충정로3가,경상사고,0,0,1,0,차대사람 - 길가장자리구역통행중,안전운전불이행,건조,맑음,단일로 - 기타,승용,남,43세,상해없음,보행자,남,78세,경상
2018061300100224,2018년 6월 13일 12시,수요일,서울특별시 동대문구 답십리동,중상사고,0,1,0,0,차대사람 - 길가장자리구역통행중,안전운전불이행,건조,맑음,단일로 - 기타,승용,남,69세,상해없음,보행자,여,79세,중상
2018061300100227,2018년 6월 13일 12시,수요일,서울특별시 송파구 가락동,부상신고사고,0,0,0,1,차대사람 - 기타,기타,건조,맑음,단일로 - 기타,승합,남,54세,상해없음,보행자,여,78세,부상신고
2018061300100289,2018년 6월 13일 14시,수요일,서울특별시 영등포구 영등포동4가,중상사고,0,1,0,0,차대사람 - 횡단중,신호위반,건조,맑음,교차로 - 교차로부근,화물,남,67세,상해없음,보행자,남,81세,중상
2018061300100294,2018년 6월 13일 14시,수요일,서울특별시 노원구 상계동,중상사고,0,1,0,0,차대사람 - 길가장자리구역통행중,안전운전불이행,건조,맑음,교차로 - 교차로부근,승합,남,43세,상해없음,보행자,여,66세,중상