사고번호,사고일시,요일,시군구,사고내용,사망자수,중상자수,경상자수,부상신고자수,사고유형,법규위반,노면상태,기상상태,도로형태,가해운전자 차종,가해운전자 성별,가해운전자 연령,가해운전자 상해정도,피해운전자 차종,피해운전자 성별,피해운전자 연령,피해운전자 상해정도
2018061300100359,2018년 6월 13일 16시,수요일,서울특별시 관악구 봉천동,경상사고,0,0,1,0,차대사람 - 기타,안전운전불이행,건조,맑음,교차로 - 교차로부근,승용,여,21세,상해없음,보행자,여,69세,경상
2018061300100428,2018년 6월 13일 18시,수요일,서울특별시 구로구 가리봉동,중상사고,0,1,0,0,차대사람 - 횡단중,안전운전불이행,건조,맑음,단일로 - 기타,승용,남,28세,상해없음,보행자,남,68세,중상
2018061300100491,2018년 6월 13일 20시,수요일,서울특별시 강서구 화곡동,중상사고,0,1,0,0,차대사람 - 횡단중,신호위반,건조,맑음,교차로 - 교차로안,승용,남,63세,상해없음,보행자,남,65세,중상
2018061400100032,2018년 6월 14일 04시,목요일,서울특별시 강서구 화곡동,중상사고,0,1,0,0,차대사람 - 횡단중,안전운전불이행,젖음/습기,비,단일로 - 기타,이륜,남,24세,상해없음,보행자,여,71세,중상
2018061400100167,2018년 6월 14일 10시,목요일,서울특별시 영등포구 문래동6가,중상사고,0,1,0,0,차대사람 - 횡단중,보행자보호의무위반,건조,맑음,교차로 - 교차로안,화물,남,46세,상해없음,보행자,남,75세,중상
2018061400100191,2018년 6월 14일 11시,목요일,서울특별시 동작구 사당동,경상사고,0,0,1,0,차대사람 - 차도통행중,안전운전불이행,젖음/습기,흐림,교차로 - 교차로부근,화물,남,29세,상해없음,보행자,여,67세,경상
2018061400100193,2018년 6월 14일 11시,목요일,서울특별시 동작구 사당동,경상사고,0,0,1,0,차대사람 - 보도통행중,안전운전불이행,건조,맑음,기타 - 기타,원동기,남,16세,상해없음,보행자,남,71세,경상
2018061400100316,2018년 6월 14일 15시,목요일,서울특별시 서초구 방배동,경상사고,0,0,1,0,차대사람 - 보도통행중,안전운전불이행,건조,맑음,기타 - 기타,승용,여,46세,상해없음,보행자,남,75세,경상
2018061400100317,2018년 6월 14일 15시,목요일,서울특별시 서초구 반포동,경상사고,0,0,1,0,차대사람 - 기타,안전운전불이행,기타,맑음,단일로 - 기타,승합,남,60세,상해없음,보행자,남,73세,경상
2018061400100400,2018년 6월 14일 17시,목요일,서울특별시 송파구 송파동,중상사고,0,1,0,0,차대사람 - 기타,안전운전불이행,건조,맑음,단일로 - 기타,기타불명,기타불명,미분류,기타불명,보행자,여,79세,중상
2018061500100043,2018년 6월 15일 04시,금요일,서울특별시 양천구 신월동,경상사고,0,0,1,0,차대사람 - 횡단중,보행자보호의무위반,건조,맑음,교차로 - 교차로횡단보도내,기타불명,기타불명,미분류,기타불명,보행자,여,79세,경상
2018061500100087,2018년 6월 15일 08시,금요일,서울특별시 종로구 낙원동,중상사고,0,1,0,0,차대사람 - 차도통행중,안전운전불이행,건조,맑음,교차로 - 교차로안,승용,남,59세,상해없음,보행자,여,70세,중상
2018061500100093,2018년 6월 15일 08시,금요일,서울특별시 노원구 공릉동,경상사고,0,0,1,0,차대사람 - 횡단중,안전운전불이행,건조,맑음,교차로 - 교차로부근,승용,여,43세,상해없음,보행자,남,76세,경상
2018061500100244,2018년 6월 15일 13시,금요일,서울특별시 강남구 율현동,중상사고,0,1,0,0,차대사람 - 횡단중,안전운전불이행,건조,맑음,단일로 - 기타,승용,남,53세,상해없음,보행자,여,66세,중상
2018061500100321,2018년 6월 15일 15시,금요일,서울특별시 서초구 서초동,부상신고사고,0,0,0,1,차대사람 - 기타,안전운전불이행,건조,맑음,기타 - 기타,자전거,남,13세,기타불명,보행자,여,69세,부상신고
2018061500100466,2018년 6월 15일 18시,금요일,서울특별시 영등포구 문래동1가,경상사고,0,0,1,0,차대사람 - 길가장자리구역통행중,안전운전불이행,건조,맑음,단일로 - 기타,승용,남,63세,상해없음,보행자,남,67세,경상
2018061500100468,2018년 6월 15일 18시,금요일,서울특별시 강동구 암사동,경상사고,0,0,1,0,차대사람 - 기타,안전운전불이행,건조,맑음,단일로 - 기타,개인형이동수단(PM),남,25세,상해없음,보행자,남,77세,경상
2018061600100077,2018년 6월 16일 06시,토요일,서울특별시 은평구 수색동,중상사고,0,1,0,0,차대사람 - 횡단중,안전운전불이행,건조,맑음,단일로 - 기타,승합,남,49세,상해없음,보행자,남,71세,중상
2018061600100128,2018년 6월 16일 09시,토요일,서울특별시 강서구 등촌동,중상사고,0,1,0,0,차대사람 - 횡단중,보행자보호의무위반,건조,맑음,교차로 - 교차로부근,승용,남,56세,상해없음,보행자,여,83세,중상
2018061600100148,2018년 6월 16일 10시,토요일,서울특별시 중구 남대문로3가,중상사고,0,1,0,0,차대사람 - 횡단중,안전운전불이행,건조,맑음,교차로 - 교차로부근,승합,남,27세,상해없음,보행자,여,71세,중상
2018061600100170,2018년 6월 16일 11시,토요일,서울특별시 동작구 사당동,경상사고,0,0,1,0,차대사람 - 길가장자리구역통행중,안전운전불이행,건조,맑음,단일로 - 기타,승용,남,36세,상해없음,보행자,여,80세,경상
2018061600100442,2018년 6월 16일 18시,토요일,서울특별시 은평구 불광동,경상사고,0,0,1,0,차대사람 - 기타,안전운전불이행,건조,맑음,교차로 - 교차로부근,화물,남,57세,상해없음,보행자,여,71세,경상
2018061600100546,2018년 6월 16일 21시,토요일,서울특별시 금천구 시흥동,중상사고,0,1,0,0,차대사람 - 횡단중,안전운전불이행,건조,맑음,단일로 - 기타,승용,남,60세,상해없음,보행자,남,84세,중상
2018061700100082,2018년 6월 17일 06시,일요일,서울특별시 서대문구 남가좌동,중상사고,0,1,0,0,차대사람 - 기타,안전운전불이행,건조,흐림,단일로 - 기타,승용,남,37세,상해없음,보행자,여,82세,중상
2018061700100194,2018년 6월 17일 13시,일요일,서울특별시 관악구 신림동,경상사고,0,0,1,0,차대사람 - 보도통행중,기타,건조,맑음,단일로 - 기타,승용,남,28세,상해없음,보행자,남,73세,경상
2018061700100304,2018년 6월 17일 17시,일요일,서울특별시 동대문구 용두동,중상사고,0,1,0,0,차대사람 - 기타,안전운전불이행,건조,맑음,교차로 - 교차로부근,건설기계,남,45세,상해없음,보행자,남,74세,중상
2018061800100023,2018년 6월 18일 04시,월요일,서울특별시 강동구 천호동,중상사고,0,1,0,0,차대사람 - 횡단중,안전운전불이행,건조,맑음,기타 - 기타,승용,남,33세,상해없음,보행자,여,86세,중상
2018061800100145,2018년 6월 18일 09시,월요일,서울특별시 양천구 신정동,중상사고,0,1,0,0,차대사람 - 기타,보행자보호의무위반,건조,맑음,단일로 - 기타,특수,남,36세,상해없음,보행자,여,76세,중상
2018061800100426,2018년 6월 18일 17시,월요일,서울특별시 서대문구 북가좌동,중상사고,0,1,0,0,차대사람 - 횡단중,신호위반,건조,맑음,교차로 - 교차로횡단보도내,원동기,남,39세,상해없음,보행자,남,71세,중상
2018061800100616,2018년 6월 18일 21시,월요일,서울특별시 동작구 상도동,중상사고,0,1,0,0,차대사람 - 기타,안전운전불이행,건조,맑음,단일로 - 기타,승용,여,28세,상해없음,보행자,여,66세,중상
2018061900100129,2018년 6월 19일 09시,화요일,서울특별시 성북구 정릉동,중상사고,0,2,0,0,차대사람 - 보도통행중,안전운전불이행,건조,맑음,단일로 - 기타,이륜,남,41세,중상,보행자,여,71세,중상
2018061900100166,2018년 6월 19일 10시,화요일,서울특별시 강동구 천호동,부상신고사고,0,0,0,1,차대사람 - 길가장자리구역통행중,불법유턴,건조,맑음,단일로 - 지하차도(도로)내,승용,남,36세,상해없음,보행자,남,90세 이상,부상신고
2018061900100168,2018년 6월 19일 10시,화요일,서울특별시 도봉구 창동,중상사고,0,1,0,0,차대사람 - 횡단중,신호위반,건조,흐림,교차로 - 교차로횡단보도내,승용,남,66세,상해없음,보행자,남,86세,중상
2018061900100170,2018년 6월 19일 10시,화요일,서울특별시 은평구 불광동,중상사고,0,1,0,0,차대사람 - 기타,안전운전불이행,건조,맑음,단일로 - 기타,승용,남,40세,상해없음,보행자,여,74세,중상
2018061900100222,2018년 6월 19일 12시,화요일,서울특별시 동작구 신대방동,경상사고,0,0,1,0,차대사람 - 보도통행중,안전운전불이행,건조,맑음,교차로 - 교차로부근,자전거,남,50세,상해없음,보행자,여,80세,경상
2018061900100226,2018년 6월 19일 12시,화요일,서울특별시 강남구 역삼동,경상사고,0,0,1,0,차대사람 - 길가장자리구역통행중,안전운전불이행,건조,맑음,단일로 - 기타,승용,남,62세,상해없음,보행자,남,70세,경상
2018061900100270,2018년 6월 19일 13시,화요일,서울특별시 송파구 방이동,중상사고,0,1,0,0,차대사람 - 길가장자리구역통행중,안전운전불이행,건조,맑음,단일로 - 기타,승용,여,51세,상해없음,보행자,여,76세,중상
2018061900100320,2018년 6월 19일 15시,화요일,서울특별시 구로구 고척동,중상사고,0,1,0,0,차대사람 - 횡단중,안전운전불이행,건조,맑음,교차로 - 교차로부근,화물,남,58세,상해없음,보행자,여,71세,중상
2018061900100475,2018년 6월 19일 19시,화요일,서울특별시 금천구 독산동,중상사고,0,1,0,0,차대사람 - 기타,안전운전불이행,건조,맑음,단일로 - 기타,승용,여,24세,상해없음,보행자,여,76세,중상
2018061900100477,2018년 6월 19일 19시,화요일,서울특별시 강서구 화곡동,중상사고,0,1,0,0,차대사람 - 기타,안전운전불이행,건조,맑음,단일로 - 기타,승용,여,45세,상해없음,보행자,여,68세,중상
2018061900100478,2018년 6월 19일 19시,화요일,서울특별시 구로구 구로동,중상사고,0,1,0,0,차대사람 - 차도통행중,안전운전불이행,건조,맑음,단일로 - 기타,승용,여,55세,상해없음,보행자,여,81세,중상
2018061900100537,2018년 6월 19일 21시,화요일,서울특별시 노원구 상계동,경상사고,0,0,1,0,차대사람 - 횡단중,안전운전불이행,건조,맑음,기타 - 기타,승용,남,61세,상해없음,보행자,여,65세,경상
2018062000100258,2018년 6월 20일 14시,수요일,서울특별시 동작구 대방동,중상사고,0,1,0,0,차대사람 - 횡단중,신호위반,건조,맑음,교차로 - 교차로횡단보도내,원동기,남,19세,상해없음,보행자,여,88세,중상
2018062000100290,2018년 6월 20일 15시,수요일,서울특별시 금천구 독산동,중상사고,0,1,0,0,차대사람 - 기타,안전운전불이행,건조,맑음,교차로 - 교차로부근,승용,여,48세,상해없음,보행자,여,71세,중상
2018062000100334,2018년 6월 20일 16시,수요일,서울특별시 동대문구 전농동,중상사고,0,1,0,0,차대사람 - 횡단중,보행자보호의무위반,건조,맑음,교차로 - 교차로횡단보도내,원동기,남,61세,상해없음,보행자,남,85세,중상
2018062000100420,2018년 6월 20일 18시,수요일,서울특별시 양천구 신월동,경상사고,0,0,1,0,차대사람 - 기타,안전운전불이행,건조,맑음,교차로 - 교차로부근,승용,남,65세,상해없음,보행자,여,69세,경상
2018062100100097,2018년 6월 21일 08시,목요일,서울특별시 종로구 팔판동,부상신고사고,0,0,0,1,차대사람 - 횡단중,신호위반,건조,맑음,교차로 - 교차로부근,자전거,남,10세,상해없음,보행자,여,66세,부상신고
2018062100100103,2018년 6월 21일 08시,목요일,서울특별시 구로구 온수동,중상사고,0,1,0,0,차대사람 - 횡단중,보행자보호의무위반,건조,맑음,교차로 - 교차로횡단보도내,승용,남,56세,상해없음,보행자,여,75세,중상
2018062100100275,2018년 6월 21일 14시,목요일,서울특별시 구로구 구로동,경상사고,0,0,1,0,차대사람 - 차도통행중,안전운전불이행,건조,맑음,단일로 - 기타,승용,남,76세,상해없음,보행자,남,69세,경상
2018062100100311,2018년 6월 21일 15시,목요일,서울특별시 중랑구 묵동,중상사고,0,1,0,0,차대사람 - 횡단중,보행자보호의무위반,건조,맑음,단일로 - 기타,화물,남,28세,상해없음,보행자,여,66세,중상
2018062100100348,2018년 6월 21일 16시,목요일,서울특별시 양천구 신정동,중상사고,0,1,0,0,차대사람 - 기타,보행자보호의무위반,건조,맑음,단일로 - 기타,승용,여,38세,상해없음,보행자,여,74세,중상
2018062100100393,2018년 6월 21일 17시,목요일,서울특별시 서대문구 홍은동,중상사고,0,1,0,0,차대사람 - 기타,안전운전불이행,건조,맑음,단일로 - 기타,자전거,남,9세,상해없음,보행자,여,69세,중상
2018062100100576,2018년 6월 21일 21시,목요일,서울특별시 금천구 시흥동,경상사고,0,0,1,0,차대사람 - 횡단중,보행자보호의무위반,건조,맑음,교차로 - 교차로횡단보도내,승용,남,61세,상해없음,보행자,여,69세,경상
2018062200100170,2018년 6월 22일 09시,금요일,서울특별시 강북구 미아동,중상사고,0,1,0,0,차대사람 - 횡단중,안전운전불이행,건조,맑음,교차로 - 교차로안,승용,남,60세,상해없음,보행자,남,85세,중상
2018062200100253,2018년 6월 22일 12시,금요일,서울특별시 영등포구 여의도동,경상사고,0,0,1,0,차대사람 - 길가장자리구역통행중,안전운전불이행,건조,맑음,교차로 - 교차로안,승용,여,37세,상해없음,보행자,여,75세,경상
2018062200100418,2018년 6월 22일 16시,금요일,서울특별시 동대문구 청량리동,중상사고,0,1,0,0,차대사람 - 횡단중,안전운전불이행,건조,맑음,단일로 - 기타,승용,여,50세,상해없음,보행자,여,65세,중상
2018062200100476,2018년 6월 22일 17시,금요일,서울특별시 관악구 신림동,중상사고,0,1,0,0,차대사람 - 횡단중,안전운전불이행,건조,맑음,단일로 - 기타,승용,남,60세,상해없음,보행자,남,65세,중상
2018062200100531,2018년 6월 22일 18시,금요일,서울특별시 강동구 길동,경상사고,0,0,1,0,차대사람 - 기타,안전운전불이행,건조,맑음,교차로 - 교차로부근,승용,여,45세,상해없음,보행자,남,66세,경상
2018062200100586,2018년 6월 22일 19시,금요일,서울특별시 중랑구 면목동,중상사고,0,1,0,0,차대사람 - 횡단중,안전운전불이행,건조,맑음,기타 - 기타,승용,남,39세,상해없음,보행자,여,76세,중상
2018062200100673,2018년 6월 22일 21시,금요일,서울특별시 동작구 상도동,중상사고,0,1,0,0,차대사람 - 기타,안전운전불이행,건조,맑음,단일로 - 기타,승용,남,28세,상해없음,보행자,여,81세,중상
2018062300100088,2018년 6월 23일 06시,토요일,서울특별시 구로구 고척동,중상사고,0,1,0,0,차대사람 - 횡단중,보행자보호의무위반,건조,맑음,교차로 - 교차로안,화물,남,46세,상해없음,보행자,여,70세,중상
2018062300100134,2018년 6월 23일 09시,토요일,서울특별시 서대문구 홍제동,경상사고,0,0,1,0,차대사람 - 기타,안전운전불이행,건조,맑음,단일로 - 기타,승용,남,53세,상해없음,보행자,남,80세,경상
2018062300100242,2018년 6월 23일 12시,토요일,서울특별시 성북구 안암동1가,경상사고,0,0,1,0,차대사람 - 횡단중,신호위반,건조,맑음,교차로 - 교차로안,승용,남,57세,상해없음,보행자,여,66세,경상
2018062300100243,2018년 6월 23일 12시,토요일,서울특별시 동대문구 이문동,중상사고,0,1,0,0,차대사람 - 횡단중,안전운전불이행,건조,맑음,교차로 - 교차로안,승용,남,76세,상해없음,보행자,여,72세,중상
2018062300100285,2018년 6월 23일 13시,토요일,서울특별시 동대문구 답십리동,중상사고,0,1,0,0,차대사람 - 기타,안전운전불이행,건조,맑음,단일로 - 기타,화물,남,39세,상해없음,보행자,여,78세,중상
2018062300100286,2018년 6월 23일 13시,토요일,서울특별시 동대문구 회기동,경상사고,0,0,1,0,차대사람 - 횡단중,안전운전불이행,건조,맑음,단일로 - 기타,승용,남,32세,상해없음,보행자,여,68세,경상
2018062300100360,2018년 6월 23일 15시,토요일,서울특별시 양천구 신월동,경상사고,0,0,1,0,차대사람 - 기타,안전운전불이행,건조,맑음,단일로 - 기타,승용,남,45세,상해없음,보행자,여,72세,경상
2018062400100296,2018년 6월 24일 17시,일요일,서울특별시 강동구 암사동,중상사고,0,1,0,0,차대사람 - 기타,안전운전불이행,건조,맑음,단일로 - 기타,승용,남,37세,상해없음,보행자,여,86세,중상
2018062500100094,2018년 6월 25일 08시,월요일,서울특별시 동작구 대방동,부상신고사고,0,0,0,1,차대사람 - 기타,안전운전불이행,건조,맑음,교차로 - 교차로안,승용,남,66세,기타불명,보행자,여,68세,부상신고
2018062500100096,2018년 6월 25일 08시,월요일,서울특별시 강서구 화곡동,중상사고,0,1,0,0,차대사람 - 차도통행중,안전운전불이행,건조,맑음,단일로 - 기타,승용,남,22세,상해없음,보행자,남,76세,중상
2018062500100101,2018년 6월 25일 08시,월요일,서울특별시 노원구 중계동,사망사고,1,0,0,0,차대사람 - 차도통행중,안전운전불이행,건조,맑음,단일로 - 기타,승용,남,30세,상해없음,보행자,여,73세,사망
2018062500100217,2018년 6월 25일 11시,월요일,서울특별시 송파구 마천동,사망사고,1,0,1,0,차대사람 - 길가장자리구역통행중,기타,건조,흐림,교차로 - 교차로부근,승용,남,71세,상해없음,보행자,여,81세,사망
2018062500100343,2018년 6월 25일 14시,월요일,서울특별시 양천구 목동,경상사고,0,0,1,0,차대사람 - 기타,안전운전불이행,건조,맑음,단일로 - 기타,승용,여,66세,상해없음,보행자,여,65세,경상
2018062500100391,2018년 6월 25일 15시,월요일,서울특별시 양천구 목동,중상사고,0,1,0,0,차대사람 - 기타,안전운전불이행,건조,맑음,교차로 - 교차로안,승용,여,33세,상해없음,보행자,여,77세,중상
2018062500100440,2018년 6월 25일 16시,월요일,서울특별시 양천구 신정동,중상사고,0,1,0,0,차대사람 - 횡단중,보행자보호의무위반,건조,맑음,단일로 - 기타,승합,남,62세,상해없음,보행자,남,89세,중상
2018062500100563,2018년 6월 25일 19시,월요일,서울특별시 서대문구 북가좌동,중상사고,0,2,0,0,차대사람 - 횡단중,신호위반,건조,맑음,교차로 - 교차로횡단보도내,자전거,남,15세,상해없음,보행자,여,73세,중상
2018062500100602,2018년 6월 25일 20시,월요일,서울특별시 서대문구 대현동,부상신고사고,0,0,0,1,차대사람 - 횡단중,보행자보호의무위반,건조,맑음,단일로 - 기타,기타불명,기타불명,미분류,기타불명,보행자,여,67세,부상신고
2018062600100166,2018년 6월 26일 09시,화요일,서울특별시 서대문구 영천동,중상사고,0,1,0,0,차대사람 - 횡단중,보행자보호의무위반,젖음/습기,비,단일로 - 기타,승합,남,69세,상해없음,보행자,여,89세,중상
2018062600100291,2018년 6월 26일 13시,화요일,서울특별시 동대문구 장안동,중상사고,0,1,0,0,차대사람 - 기타,안전운전불이행,젖음/습기,비,단일로 - 기타,승합,남,42세,상해없음,보행자,남,66세,중상
2018062600100292,2018년 6월 26일 13시,화요일,서울특별시 관악구 신림동,중상사고,0,1,0,0,차대사람 - 보도통행중,안전운전불이행,젖음/습기,비,단일로 - 기타,승용,남,57세,상해없음,보행자,여,86세,중상
2018062600100319,2018년 6월 26일 14시,화요일,서울특별시 송파구 방이동,중상사고,0,1,0,0,차대사람 - 차도통행중,안전운전불이행,젖음/습기,비,교차로 - 교차로안,화물,남,51세,상해없음,보행자,여,72세,중상
2018062600100533,2018년 6월 26일 20시,화요일,서울특별시 도봉구 창동,경상사고,0,0,1,0,차대사람 - 횡단중,안전운전불이행,젖음/습기,비,교차로 - 교차로안,승용,여,57세,상해없음,보행자,남,67세,경상
2018062700100095,2018년 6월 27일 08시,수요일,서울특별시 중구 신당동,중상사고,0,1,0,0,차대사람 - 횡단중,안전운전불이행,건조,맑음,교차로 - 교차로안,승용,여,44세,상해없음,보행자,남,83세,중상
2018062700100184,2018년 6월 27일 11시,수요일,서울특별시 송파구 장지동,경상사고,0,0,1,0,차대사람 - 횡단중,신호위반,젖음/습기,흐림,교차로 - 교차로부근,화물,남,52세,상해없음,보행자,남,75세,경상
2018062700100206,2018년 6월 27일 12시,수요일,서울특별시 도봉구 쌍문동,경상사고,0,0,1,0,차대사람 - 차도통행중,기타,건조,맑음,단일로 - 기타,승용,남,62세,상해없음,보행자,남,68세,경상
2018062700100343,2018년 6월 27일 17시,수요일,서울특별시 영등포구 양평동5가,중상사고,0,1,0,0,차대사람 - 횡단중,안전운전불이행,건조,맑음,교차로 - 교차로안,승용,남,52세,상해없음,보행자,여,73세,중상
2018062700100408,2018년 6월 27일 18시,수요일,서울특별시 강남구 개포동,중상사고,0,1,1,0,차대사람 - 횡단중,보행자보호의무위반,건조,맑음,교차로 - 교차로횡단보도내,승용,남,41세,상해없음,보행자,남,47세,경상
2018062700100527,2018년 6월 27일 22시,수요일,서울특별시 은평구 대조동,중상사고,0,1,0,0,차대사람 - 횡단중,안전운전불이행,건조,맑음,단일로 - 기타,승용,남,61세,상해없음,보행자,여,66세,중상
2018062800100001,2018년 6월 28일 00시,목요일,서울특별시 중구 봉래동2가,중상사고,0,1,0,0,차대사람 - 횡단중,보행자보호의무위반,건조,맑음,단일로 - 기타,승용,남,76세,상해없음,보행자,여,69세,중상
2018062800100152,2018년 6월 28일 09시,목요일,서울특별시 마포구 성산동,중상사고,0,1,0,0,차대사람 - 횡단중,보행자보호의무위반,건조,맑음,교차로 - 교차로횡단보도내,자전거,남,86세,상해없음,보행자,여,72세,중상
2018062800100286,2018년 6월 28일 14시,목요일,서울특별시 동작구 대방동,경상사고,0,0,1,0,차대사람 - 기타,안전운전불이행,건조,맑음,교차로 - 교차로부근,승합,남,34세,상해없음,보행자,여,70세,경상
2018062800100330,2018년 6월 28일 16시,목요일,서울특별시 용산구 원효로1가,중상사고,0,1,0,0,차대사람 - 횡단중,안전운전불이행,건조,맑음,단일로 - 지하차도(도로)내,승용,남,30세,상해없음,보행자,여,83세,중상
2018062800100331,2018년 6월 28일 16시,목요일,서울특별시 영등포구 대림동,중상사고,0,1,1,0,차대사람 - 길가장자리구역통행중,안전운전불이행,건조,맑음,단일로 - 기타,화물,남,50세,기타불명,보행자,남,70세,경상
2018062900100021,2018년 6월 29일 01시,금요일,서울특별시 강동구 천호동,경상사고,0,0,1,0,차대사람 - 보도통행중,교차로운행방법위반,젖음/습기,비,교차로 - 교차로안,승용,여,40세,상해없음,보행자,남,66세,경상
2018062900100142,2018년 6월 29일 09시,금요일,서울특별시 마포구 망원동,중상사고,0,1,0,0,차대사람 - 차도통행중,안전운전불이행,건조,맑음,교차로 - 교차로안,화물,남,52세,상해없음,보행자,여,68세,중상
2018062900100255,2018년 6월 29일 13시,금요일,서울특별시 노원구 중계동,경상사고,0,0,1,0,차대사람 - 기타,안전운전불이행,건조,맑음,교차로 - 교차로안,승용,여,51세,상해없음,보행자,여,73세,경상
2018062900100321,2018년 6월 29일 15시,금요일,서울특별시 노원구 공릉동,중상사고,0,1,0,0,차대사람 - 기타,안전운전불이행,젖음/습기,흐림,교차로 - 교차로횡단보도내,승용,남,48세,상해없음,보행자,남,82세,중상
2018062900100534,2018년 6월 29일 20시,금요일,서울특별시 양천구 신월동,중상사고,0,1,0,0,차대사람 - 기타,안전운전불이행,건조,맑음,교차로 - 교차로안,승합,남,68세,상해없음,보행자,남,77세,중상
2018063000100125,2018년 6월 30일 09시,토요일,서울특별시 마포구 망원동,경상사고,0,0,1,0,차대사람 - 기타,안전운전불이행,건조,맑음,단일로 - 기타,승용,여,53세,상해없음,보행자,남,67세,경상
2018063000100273,2018년 6월 30일 14시,토요일,서울특별시 중랑구 면목동,경상사고,0,0,1,0,차대사람 - 기타,기타,건조,맑음,교차로 - 교차로부근,승용,남,66세,상해없음,보행자,남,79세,경상
2018063000100304,2018년 6월 30일 15시,토요일,서울특별시 동대문구 답십리동,중상사고,0,1,0,0,차대사람 - 보도통행중,기타,건조,맑음,기타 - 기타,기타불명,기타불명,미분류,기타불명,보행자,여,69세,중상
2018063000100332,2018년 6월 30일 16시,토요일,서울특별시 송파구 송파동,중상사고,0,1,0,0,차대사람 - 횡단중,안전운전불이행,건조,맑음,단일로 - 기타,승용,여,48세,상해없음,보행자,여,73세,중상
2018063000100360,2018년 6월 30일 17시,토요일,서울특별시 용산구 이촌동,중상사고,0,1,0,0,차대사람 - 기타,안전운전불이행,건조,맑음,단일로 - 기타,승용,남,32세,상해없음,보행자,남,85세,중상
2018063000100404,2018년 6월 30일 18시,토요일,서울특별시 동작구 사당동,중상사고,0,1,0,0,차대사람 - 기타,안전운전불이행,젖음/습기,비,기타 - 기타,화물,남,57세,상해없음,보행자,여,82세,중상
2018063000100464,2018년 6월 30일 20시,토요일,서울특별시 광진구 화양동,경상사고,0,0,1,0,차대사람 - 횡단중,안전운전불이행,건조,맑음,단일로 - 기타,승용,남,62세,상해없음,보행자,남,68세,경상
2018070100100082,2018년 7월 1일 06시,일요일,서울특별시 노원구 월계동,중상사고,0,1,0,0,차대사람 - 기타,안전운전불이행,젖음/습기,비,교차로 - 교차로부근,승용,남,42세,상해없음,보행자,여,67세,중상
2018070100100241,2018년 7월 1일 16시,일요일,서울특별시 서대문구 북가좌동,중상사고,0,1,0,0,차대사람 - 횡단중,안전운전불이행,젖음/습기,비,교차로 - 교차로안,화물,남,34세,상해없음,보행자,여,85세,중상
2018070100100295,2018년 7월 1일 18시,일요일,서울특별시 동대문구 휘경동,경상사고,0,0,1,0,차대사람 - 기타,안전운전불이행,젖음/습기,비,교차로 - 교차로안,승용,여,45세,상해없음,보행자,여,70세,경상
2018070100100404,2018년 7월 1일 21시,일요일,서울특별시 중랑구 중화동,중상사고,0,1,0,0,차대사람 - 횡단중,안전운전불이행,젖음/습기,비,교차로 - 교차로횡단보도내,승합,남,51세,상해없음,보행자,남,76세,중상
2018070200100202,2018년 7월 2일 11시,월요일,서울특별시 서초구 반포동,부상신고사고,0,0,0,1,차대사람 - 기타,안전운전불이행,건조,맑음,기타 - 기타,승용,남,63세,상해없음,보행자,남,71세,부상신고
2018070200100382,2018년 7월 2일 17시,월요일,서울특별시 동작구 신대방동,경상사고,0,0,1,0,차대사람 - 횡단중,안전운전불이행,건조,흐림,교차로 - 교차로부근,기타불명,기타불명,미분류,기타불명,보행자,여,70세,경상
2018070200100437,2018년 7월 2일 18시,월요일,서울특별시 영등포구 양평동1가,경상사고,0,0,1,0,차대사람 - 횡단중,안전운전불이행,젖음/습기,비,단일로 - 기타,자전거,남,16세,상해없음,보행자,여,76세,경상
2018070200100441,2018년 7월 2일 18시,월요일,서울특별시 강남구 역삼동,경상사고,0,0,1,0,차대사람 - 길가장자리구역통행중,안전운전불이행,건조,맑음,단일로 - 기타,승용,남,52세,기타불명,보행자,남,66세,경상
2018070200100464,2018년 7월 2일 19시,월요일,서울특별시 중구 신당동,중상사고,0,1,0,0,차대사람 - 횡단중,안전운전불이행,건조,맑음,교차로 - 교차로안,승용,남,63세,상해없음,보행자,남,66세,중상
2018070300100091,2018년 7월 3일 08시,화요일,서울특별시 은평구 응암동,중상사고,0,1,0,0,차대사람 - 기타,안전운전불이행,건조,맑음,단일로 - 기타,자전거,남,13세,상해없음,보행자,남,77세,중상
2018070300100096,2018년 7월 3일 08시,화요일,서울특별시 강남구 일원동,경상사고,0,0,1,0,차대사람 - 길가장자리구역통행중,안전운전불이행,건조,맑음,단일로 - 기타,승용,남,64세,상해없음,보행자,여,76세,경상
2018070300100132,2018년 7월 3일 09시,화요일,서울특별시 동대문구 전농동,중상사고,0,1,0,0,차대사람 - 기타,교차로운행방법위반,건조,맑음,교차로 - 교차로안,승용,남,39세,상해없음,보행자,남,80세,중상
2018070300100136,2018년 7월 3일 09시,화요일,서울특별시 강서구 내발산동,중상사고,0,1,0,0,차대사람 - 횡단중,보행자보호의무위반,건조,맑음,교차로 - 교차로횡단보도내,승용,남,74세,상해없음,보행자,여,65세,중상
2018070300100137,2018년 7월 3일 09시,화요일,서울특별시 구로구 오류동,경상사고,0,0,1,0,차대사람 - 횡단중,안전운전불이행,건조,맑음,교차로 - 교차로부근,승용,남,59세,상해없음,보행자,여,75세,경상
2018070300100139,2018년 7월 3일 09시,화요일,서울특별시 도봉구 창동,중상사고,0,1,0,0,차대사람 - 기타,안전운전불이행,건조,맑음,교차로 - 교차로안,화물,남,39세,상해없음,보행자,여,79세,중상