사고번호,사고일시,요일,시군구,사고내용,사망자수,중상자수,경상자수,부상신고자수,사고유형,법규위반,노면상태,기상상태,도로형태,가해운전자 차종,가해운전자 성별,가해운전자 연령,가해운전자 상해정도,피해운전자 차종,피해운전자 성별,피해운전자 연령,피해운전자 상해정도
2018070300100209,2018년 7월 3일 12시,화요일,서울특별시 동대문구 용두동,경상사고,0,0,1,0,차대사람 - 횡단중,보행자보호의무위반,건조,맑음,단일로 - 기타,화물,남,51세,상해없음,보행자,여,82세,경상
2018070300100238,2018년 7월 3일 13시,화요일,서울특별시 중구 황학동,경상사고,0,0,1,0,차대사람 - 길가장자리구역통행중,안전운전불이행,건조,맑음,단일로 - 기타,화물,남,46세,상해없음,보행자,여,71세,경상
2018070300100269,2018년 7월 3일 14시,화요일,서울특별시 금천구 독산동,사망사고,1,0,0,0,차대사람 - 차도통행중,안전운전불이행,건조,맑음,교차로 - 교차로안,건설기계,남,39세,상해없음,보행자,여,82세,사망
2018070300100331,2018년 7월 3일 16시,화요일,서울특별시 서대문구 북가좌동,경상사고,0,0,1,0,차대사람 - 기타,기타,건조,맑음,교차로 - 교차로부근,승용,남,60세,상해없음,보행자,여,70세,경상
2018070300100335,2018년 7월 3일 16시,화요일,서울특별시 관악구 신림동,중상사고,0,1,0,0,차대사람 - 기타,안전운전불이행,건조,맑음,단일로 - 기타,승용,남,37세,상해없음,보행자,여,79세,중상
2018070300100337,2018년 7월 3일 16시,화요일,서울특별시 강남구 역삼동,중상사고,0,1,0,0,차대사람 - 길가장자리구역통행중,안전운전불이행,건조,맑음,교차로 - 교차로안,승용,여,34세,상해없음,보행자,여,68세,중상
2018070400100031,2018년 7월 4일 05시,수요일,서울특별시 중랑구 면목동,중상사고,0,1,0,0,차대사람 - 횡단중,신호위반,건조,맑음,교차로 - 교차로안,승용,남,39세,상해없음,보행자,여,82세,중상
2018070400100169,2018년 7월 4일 10시,수요일,서울특별시 강북구 미아동,중상사고,0,1,0,0,차대사람 - 길가장자리구역통행중,안전운전불이행,건조,맑음,단일로 - 기타,승용,여,25세,상해없음,보행자,남,68세,중상
2018070400100272,2018년 7월 4일 14시,수요일,서울특별시 성동구 도선동,경상사고,0,0,1,0,차대사람 - 횡단중,안전운전불이행,건조,맑음,교차로 - 교차로부근,승합,남,55세,상해없음,보행자,여,75세,경상
2018070400100276,2018년 7월 4일 14시,수요일,서울특별시 도봉구 창동,경상사고,0,0,1,0,차대사람 - 기타,안전운전불이행,건조,맑음,단일로 - 기타,화물,남,55세,상해없음,보행자,여,86세,경상
2018070400100383,2018년 7월 4일 17시,수요일,서울특별시 영등포구 대림동,경상사고,0,0,1,0,차대사람 - 차도통행중,안전운전불이행,건조,맑음,교차로 - 교차로안,화물,남,35세,상해없음,보행자,여,66세,경상
2018070500100037,2018년 7월 5일 04시,목요일,서울특별시 강동구 천호동,중상사고,0,1,0,0,차대사람 - 횡단중,신호위반,건조,맑음,교차로 - 교차로부근,승용,남,33세,상해없음,보행자,여,68세,중상
2018070500100284,2018년 7월 5일 14시,목요일,서울특별시 송파구 오금동,중상사고,0,1,0,0,차대사람 - 횡단중,보행자보호의무위반,건조,맑음,교차로 - 교차로횡단보도내,특수,남,51세,상해없음,보행자,남,76세,중상
2018070500100314,2018년 7월 5일 15시,목요일,서울특별시 중구 을지로2가,중상사고,0,1,0,0,차대사람 - 차도통행중,안전운전불이행,건조,흐림,교차로 - 교차로부근,승용,여,34세,상해없음,보행자,남,66세,중상
2018070600100062,2018년 7월 6일 06시,금요일,서울특별시 강서구 화곡동,중상사고,0,1,0,0,차대사람 - 차도통행중,안전운전불이행,건조,맑음,단일로 - 기타,승용,남,69세,상해없음,보행자,여,77세,중상
2018070600100153,2018년 7월 6일 10시,금요일,서울특별시 강서구 내발산동,경상사고,0,0,2,0,차대사람 - 횡단중,직진우회전진행방해,건조,맑음,교차로 - 교차로안,승용,여,47세,상해없음,보행자,여,70세,경상
2018070600100156,2018년 7월 6일 10시,금요일,서울특별시 송파구 오금동,경상사고,0,0,1,0,차대사람 - 횡단중,안전운전불이행,건조,흐림,교차로 - 교차로안,승용,여,37세,상해없음,보행자,여,79세,경상
2018070600100212,2018년 7월 6일 12시,금요일,서울특별시 중랑구 상봉동,경상사고,0,0,1,0,차대사람 - 횡단중,안전운전불이행,건조,맑음,교차로 - 교차로안,승용,남,81세,상해없음,보행자,남,71세,경상
2018070600100215,2018년 7월 6일 12시,금요일,서울특별시 도봉구 창동,중상사고,0,1,1,0,차대사람 - 기타,신호위반,건조,맑음,교차로 - 교차로횡단보도내,승용,남,58세,상해없음,보행자,여,80세,경상
2018070600100266,2018년 7월 6일 14시,금요일,서울특별시 성동구 성수동1가,중상사고,0,1,0,0,차대사람 - 횡단중,안전운전불이행,건조,맑음,교차로 - 교차로부근,화물,남,58세,상해없음,보행자,남,80세,중상
2018070600100340,2018년 7월 6일 16시,금요일,서울특별시 동작구 상도동,경상사고,0,0,1,0,차대사람 - 길가장자리구역통행중,안전운전불이행,건조,맑음,교차로 - 교차로안,이륜,남,52세,상해없음,보행자,여,69세,경상
2018070600100428,2018년 7월 6일 18시,금요일,서울특별시 서대문구 남가좌동,경상사고,0,0,1,0,차대사람 - 기타,안전운전불이행,건조,맑음,단일로 - 기타,승용,남,51세,상해없음,보행자,남,65세,경상
2018070600100437,2018년 7월 6일 18시,금요일,서울특별시 구로구 개봉동,경상사고,0,0,1,0,차대사람 - 횡단중,안전운전불이행,건조,맑음,교차로 - 교차로안,화물,남,23세,상해없음,보행자,여,71세,경상
2018070700100129,2018년 7월 7일 08시,토요일,서울특별시 강동구 명일동,중상사고,0,1,0,0,차대사람 - 횡단중,안전운전불이행,건조,맑음,교차로 - 교차로부근,승합,여,64세,상해없음,보행자,남,66세,중상
2018070700100130,2018년 7월 7일 08시,토요일,서울특별시 송파구 오금동,부상신고사고,0,0,0,1,차대사람 - 기타,보행자보호의무위반,건조,맑음,교차로 - 교차로부근,승용,남,75세,상해없음,보행자,남,65세,부상신고
2018070700100147,2018년 7월 7일 09시,토요일,서울특별시 종로구 삼청동,경상사고,0,0,1,0,차대사람 - 기타,안전운전불이행,건조,맑음,교차로 - 교차로안,승용,여,56세,상해없음,보행자,남,70세,경상
2018070700100149,2018년 7월 7일 09시,토요일,서울특별시 서대문구 연희동,경상사고,0,0,1,0,차대사람 - 차도통행중,안전운전불이행,건조,맑음,단일로 - 기타,자전거,남,37세,상해없음,보행자,여,74세,경상
2018070700100152,2018년 7월 7일 09시,토요일,서울특별시 노원구 월계동,경상사고,0,0,1,0,차대사람 - 차도통행중,안전운전불이행,건조,맑음,단일로 - 기타,이륜,남,57세,상해없음,보행자,여,82세,경상
2018070700100317,2018년 7월 7일 14시,토요일,서울특별시 관악구 남현동,중상사고,0,3,0,0,차대사람 - 기타,기타,건조,맑음,기타 - 기타,승용,남,62세,상해없음,보행자,여,59세,중상
2018070700100399,2018년 7월 7일 16시,토요일,서울특별시 도봉구 창동,경상사고,0,0,1,0,차대사람 - 횡단중,보행자보호의무위반,건조,맑음,교차로 - 교차로횡단보도내,승용,남,41세,상해없음,보행자,남,65세,경상
2018070700100426,2018년 7월 7일 17시,토요일,서울특별시 송파구 송파동,경상사고,0,0,1,0,차대사람 - 기타,안전운전불이행,건조,맑음,단일로 - 기타,승용,여,31세,상해없음,보행자,여,68세,경상
2018070700100429,2018년 7월 7일 17시,토요일,서울특별시 노원구 상계동,중상사고,0,1,0,0,차대사람 - 횡단중,보행자보호의무위반,건조,맑음,교차로 - 교차로횡단보도내,승용,남,71세,상해없음,보행자,여,80세,중상
2018070700100463,2018년 7월 7일 18시,토요일,서울특별시 성북구 하월곡동,중상사고,0,1,0,0,차대사람 - 횡단중,보행자보호의무위반,건조,맑음,교차로 - 교차로횡단보도내,승용,남,71세,상해없음,보행자,여,70세,중상
2018070700100513,2018년 7월 7일 19시,토요일,서울특별시 용산구 원효로2가,중상사고,0,1,0,0,차대사람 - 기타,안전운전불이행,건조,맑음,단일로 - 지하차도(도로)내,승합,남,52세,상해없음,보행자,여,77세,중상
2018070700100549,2018년 7월 7일 20시,토요일,서울특별시 강남구 역삼동,중상사고,0,1,0,0,차대사람 - 횡단중,안전운전불이행,건조,맑음,교차로 - 교차로부근,승용,남,49세,상해없음,보행자,남,75세,중상
2018070900100015,2018년 7월 9일 01시,월요일,서울특별시 강북구 번동,사망사고,1,0,0,0,차대사람 - 횡단중,신호위반,건조,맑음,교차로 - 교차로안,승합,남,59세,상해없음,보행자,남,65세,사망
2018070900100178,2018년 7월 9일 12시,월요일,서울특별시 동대문구 청량리동,경상사고,0,0,1,0,차대사람 - 횡단중,안전운전불이행,건조,맑음,단일로 - 기타,이륜,남,37세,상해없음,보행자,남,79세,경상
2018070900100206,2018년 7월 9일 13시,월요일,서울특별시 강동구 길동,중상사고,0,1,0,0,차대사람 - 보도통행중,신호위반,젖음/습기,비,교차로 - 교차로횡단보도내,승용,남,55세,상해없음,보행자,남,74세,중상
2018070900100234,2018년 7월 9일 14시,월요일,서울특별시 구로구 고척동,중상사고,0,1,0,0,차대사람 - 횡단중,안전운전불이행,젖음/습기,비,교차로 - 교차로횡단보도내,화물,남,63세,상해없음,보행자,남,69세,중상
2018070900100257,2018년 7월 9일 15시,월요일,서울특별시 금천구 시흥동,사망사고,1,0,0,0,차대사람 - 횡단중,보행자보호의무위반,젖음/습기,비,교차로 - 교차로횡단보도내,화물,남,43세,상해없음,보행자,여,86세,사망
2018070900100258,2018년 7월 9일 15시,월요일,서울특별시 강남구 신사동,중상사고,0,1,0,0,차대사람 - 기타,보행자보호의무위반,건조,맑음,교차로 - 교차로안,승용,여,50세,상해없음,보행자,여,86세,중상
2018070900100287,2018년 7월 9일 16시,월요일,서울특별시 성북구 정릉동,중상사고,0,1,0,0,차대사람 - 횡단중,안전운전불이행,젖음/습기,비,교차로 - 교차로안,승합,남,68세,상해없음,보행자,여,86세,중상
2018070900100323,2018년 7월 9일 17시,월요일,서울특별시 서대문구 북아현동,중상사고,0,1,0,0,차대사람 - 기타,안전운전불이행,건조,맑음,교차로 - 교차로부근,승용,남,65세,상해없음,보행자,여,77세,중상
2018071000100109,2018년 7월 10일 08시,화요일,서울특별시 송파구 문정동,경상사고,0,0,1,0,차대사람 - 기타,안전운전불이행,건조,맑음,단일로 - 기타,승용,남,54세,상해없음,보행자,여,71세,경상
2018071000100136,2018년 7월 10일 09시,화요일,서울특별시 동대문구 장안동,경상사고,0,0,1,0,차대사람 - 기타,안전운전불이행,건조,흐림,단일로 - 기타,승용,남,56세,상해없음,보행자,남,70세,경상
2018071000100138,2018년 7월 10일 09시,화요일,서울특별시 영등포구 양평동3가,중상사고,0,1,0,0,차대사람 - 횡단중,안전운전불이행,젖음/습기,흐림,교차로 - 교차로부근,승합,남,58세,상해없음,보행자,여,75세,중상
2018071000100188,2018년 7월 10일 11시,화요일,서울특별시 강북구 미아동,중상사고,0,1,0,0,차대사람 - 기타,안전운전불이행,건조,맑음,단일로 - 기타,승용,여,72세,상해없음,보행자,여,75세,중상
2018071000100217,2018년 7월 10일 12시,화요일,서울특별시 송파구 거여동,부상신고사고,0,0,0,1,차대사람 - 차도통행중,안전운전불이행,건조,흐림,교차로 - 교차로안,승용,여,56세,상해없음,보행자,남,72세,부상신고
2018071000100459,2018년 7월 10일 19시,화요일,서울특별시 동작구 신대방동,중상사고,0,1,0,0,차대사람 - 횡단중,안전운전불이행,젖음/습기,비,교차로 - 교차로부근,승용,여,65세,상해없음,보행자,남,67세,중상
2018071000100516,2018년 7월 10일 21시,화요일,서울특별시 성북구 돈암동,중상사고,0,1,0,0,차대사람 - 기타,기타,젖음/습기,비,단일로 - 기타,승합,남,43세,상해없음,보행자,여,73세,중상
2018071100100017,2018년 7월 11일 01시,수요일,서울특별시 성북구 안암동5가,중상사고,0,1,0,0,차대사람 - 횡단중,안전운전불이행,젖음/습기,비,단일로 - 기타,승용,남,48세,상해없음,보행자,남,82세,중상
2018071100100059,2018년 7월 11일 06시,수요일,서울특별시 관악구 신림동,경상사고,0,0,1,0,차대사람 - 기타,안전운전불이행,건조,맑음,단일로 - 기타,승용,남,21세,상해없음,보행자,여,75세,경상
2018071100100263,2018년 7월 11일 13시,수요일,서울특별시 서초구 방배동,중상사고,0,1,0,0,차대사람 - 횡단중,신호위반,건조,맑음,단일로 - 기타,승용,남,82세,상해없음,보행자,여,73세,중상
2018071100100293,2018년 7월 11일 14시,수요일,서울특별시 성북구 하월곡동,경상사고,0,0,1,0,차대사람 - 기타,보행자보호의무위반,건조,맑음,기타 - 기타,승용,남,74세,상해없음,보행자,여,69세,경상
2018071100100295,2018년 7월 11일 14시,수요일,서울특별시 도봉구 도봉동,중상사고,0,1,0,0,차대사람 - 횡단중,보행자보호의무위반,건조,맑음,교차로 - 교차로안,승용,여,62세,상해없음,보행자,여,67세,중상
2018071100100401,2018년 7월 11일 17시,수요일,서울특별시 동대문구 장안동,경상사고,0,0,1,0,차대사람 - 기타,안전운전불이행,건조,맑음,단일로 - 기타,승합,여,55세,상해없음,보행자,여,85세,경상
2018071100100497,2018년 7월 11일 19시,수요일,서울특별시 도봉구 도봉동,중상사고,0,1,0,0,차대사람 - 기타,안전운전불이행,건조,맑음,단일로 - 기타,원동기,남,31세,상해없음,보행자,여,82세,중상
2018071200100053,2018년 7월 12일 04시,목요일,서울특별시 광진구 화양동,중상사고,0,1,0,0,차대사람 - 길가장자리구역통행중,안전운전불이행,건조,맑음,단일로 - 기타,승용,남,26세,상해없음,보행자,여,67세,중상
2018071200100100,2018년 7월 12일 08시,목요일,서울특별시 동대문구 이문동,중상사고,0,1,0,0,차대사람 - 기타,안전운전불이행,건조,맑음,단일로 - 기타,승합,남,74세,상해없음,보행자,여,73세,중상
2018071200100104,2018년 7월 12일 08시,목요일,서울특별시 동작구 흑석동,부상신고사고,0,0,0,1,차대사람 - 기타,안전운전불이행,건조,흐림,단일로 - 기타,기타불명,기타불명,미분류,기타불명,보행자,남,71세,부상신고
2018071200100144,2018년 7월 12일 09시,목요일,서울특별시 동작구 대방동,사망사고,1,0,0,0,차대사람 - 차도통행중,기타,건조,맑음,단일로 - 기타,화물,남,71세,상해없음,보행자,남,77세,사망
2018071200100173,2018년 7월 12일 10시,목요일,서울특별시 동대문구 전농동,중상사고,0,1,0,0,차대사람 - 기타,안전운전불이행,건조,맑음,단일로 - 기타,승용,여,52세,상해없음,보행자,여,77세,중상
2018071200100197,2018년 7월 12일 11시,목요일,서울특별시 마포구 망원동,경상사고,0,0,1,0,차대사람 - 기타,안전운전불이행,건조,맑음,단일로 - 기타,특수,남,36세,상해없음,보행자,여,80세,경상
2018071200100232,2018년 7월 12일 12시,목요일,서울특별시 강동구 천호동,중상사고,0,1,0,0,차대사람 - 기타,안전운전불이행,건조,맑음,단일로 - 기타,승용,남,33세,상해없음,보행자,여,77세,중상
2018071200100329,2018년 7월 12일 15시,목요일,서울특별시 성북구 정릉동,중상사고,0,1,0,0,차대사람 - 횡단중,안전운전불이행,건조,맑음,교차로 - 교차로부근,화물,남,52세,상해없음,보행자,여,72세,중상
2018071200100330,2018년 7월 12일 15시,목요일,서울특별시 동대문구 청량리동,중상사고,0,1,0,0,차대사람 - 기타,안전운전불이행,건조,맑음,단일로 - 기타,화물,남,44세,상해없음,보행자,여,83세,중상
2018071200100333,2018년 7월 12일 15시,목요일,서울특별시 구로구 개봉동,경상사고,0,0,1,0,차대사람 - 횡단중,보행자보호의무위반,건조,맑음,교차로 - 교차로횡단보도내,화물,남,48세,상해없음,보행자,여,72세,경상
2018071200100338,2018년 7월 12일 15시,목요일,서울특별시 노원구 월계동,경상사고,0,0,1,0,차대사람 - 기타,안전운전불이행,건조,맑음,단일로 - 기타,기타불명,기타불명,미분류,기타불명,보행자,여,75세,경상
2018071200100368,2018년 7월 12일 16시,목요일,서울특별시 구로구 고척동,경상사고,0,0,1,0,차대사람 - 차도통행중,안전운전불이행,건조,맑음,단일로 - 기타,승용,여,54세,상해없음,보행자,여,65세,경상
2018071200100439,2018년 7월 12일 18시,목요일,서울특별시 서초구 방배동,중상사고,0,1,0,0,차대사람 - 횡단중,안전운전불이행,건조,맑음,미분류 - 미분류,승용,여,30세,상해없음,보행자,남,70세,중상
2018071200100485,2018년 7월 12일 19시,목요일,서울특별시 동작구 사당동,중상사고,0,1,0,0,차대사람 - 기타,안전운전불이행,건조,맑음,단일로 - 기타,승용,여,55세,상해없음,보행자,남,74세,중상
2018071300100015,2018년 7월 13일 01시,금요일,서울특별시 동작구 흑석동,중상사고,0,1,0,0,차대사람 - 기타,안전운전불이행,건조,맑음,단일로 - 기타,승용,여,26세,상해없음,보행자,여,89세,중상
2018071300100216,2018년 7월 13일 11시,금요일,서울특별시 영등포구 양평동1가,경상사고,0,0,1,0,차대사람 - 차도통행중,안전운전불이행,건조,맑음,교차로 - 교차로안,승합,남,30세,상해없음,보행자,여,66세,경상
2018071300100239,2018년 7월 13일 12시,금요일,서울특별시 동작구 상도동,부상신고사고,0,0,0,1,차대사람 - 기타,안전운전불이행,건조,맑음,교차로 - 교차로부근,승용,남,25세,상해없음,보행자,여,68세,부상신고
2018071400100102,2018년 7월 14일 08시,토요일,서울특별시 성동구 행당동,중상사고,0,1,0,0,차대사람 - 횡단중,보행자보호의무위반,건조,맑음,단일로 - 기타,승용,남,38세,상해없음,보행자,여,82세,중상
2018071400100234,2018년 7월 14일 12시,토요일,서울특별시 동대문구 휘경동,중상사고,0,1,0,0,차대사람 - 기타,안전운전불이행,건조,맑음,단일로 - 기타,화물,남,48세,상해없음,보행자,여,66세,중상
2018071400100298,2018년 7월 14일 14시,토요일,서울특별시 종로구 청진동,중상사고,0,1,0,0,차대사람 - 횡단중,안전운전불이행,건조,맑음,단일로 - 지하차도(도로)내,이륜,남,50세,상해없음,보행자,남,80세,중상
2018071400100342,2018년 7월 14일 15시,토요일,서울특별시 용산구 한남동,중상사고,0,1,0,0,차대사람 - 횡단중,안전운전불이행,건조,맑음,교차로 - 교차로부근,승용,여,63세,상해없음,보행자,여,65세,중상
2018071400100430,2018년 7월 14일 17시,토요일,서울특별시 관악구 봉천동,경상사고,0,0,1,0,차대사람 - 기타,안전운전불이행,건조,맑음,단일로 - 기타,승용,남,67세,상해없음,보행자,남,72세,경상
2018071400100507,2018년 7월 14일 19시,토요일,서울특별시 종로구 원서동,중상사고,0,1,0,0,차대사람 - 보도통행중,안전운전불이행,건조,맑음,단일로 - 기타,승용,여,61세,상해없음,보행자,남,76세,중상
2018071500100005,2018년 7월 15일 00시,일요일,서울특별시 영등포구 신길동,중상사고,0,1,0,0,차대사람 - 횡단중,안전운전불이행,건조,맑음,단일로 - 기타,승용,남,61세,상해없음,보행자,남,80세,중상
2018071500100463,2018년 7월 15일 23시,일요일,서울특별시 은평구 증산동,중상사고,0,1,0,0,차대사람 - 기타,안전운전불이행,건조,맑음,단일로 - 기타,승용,남,47세,상해없음,보행자,남,68세,중상
2018071500100465,2018년 7월 15일 23시,일요일,서울특별시 강동구 암사동,중상사고,0,1,0,0,차대사람 - 기타,안전운전불이행,건조,맑음,단일로 - 기타,승용,남,38세,상해없음,보행자,남,73세,중상
2018071600100001,2018년 7월 16일 00시,월요일,서울특별시 강북구 미아동,사망사고,1,0,0,0,차대사람 - 기타,안전운전불이행,건조,흐림,교차로 - 교차로횡단보도내,화물,남,72세,상해없음,보행자,남,70세,사망
2018071600100176,2018년 7월 16일 10시,월요일,서울특별시 강북구 미아동,중상사고,0,1,0,0,차대사람 - 횡단중,안전운전불이행,건조,맑음,단일로 - 기타,승합,남,48세,상해없음,보행자,여,79세,중상
2018071600100250,2018년 7월 16일 12시,월요일,서울특별시 강동구 성내동,경상사고,0,0,1,0,차대사람 - 횡단중,안전운전불이행,건조,맑음,교차로 - 교차로부근,승용,남,35세,상해없음,보행자,여,73세,경상
2018071600100308,2018년 7월 16일 14시,월요일,서울특별시 성북구 상월곡동,중상사고,0,1,0,0,차대사람 - 횡단중,보행자보호의무위반,건조,맑음,교차로 - 교차로횡단보도내,승용,남,32세,상해없음,보행자,여,66세,중상
2018071600100341,2018년 7월 16일 15시,월요일,서울특별시 중랑구 중화동,중상사고,0,1,0,0,차대사람 - 횡단중,보행자보호의무위반,건조,맑음,교차로 - 교차로안,승용,남,40세,상해없음,보행자,여,78세,중상
2018071600100344,2018년 7월 16일 15시,월요일,서울특별시 강동구 성내동,부상신고사고,0,0,0,1,차대사람 - 길가장자리구역통행중,안전운전불이행,건조,맑음,단일로 - 기타,승합,남,71세,상해없음,보행자,여,80세,부상신고
2018071700100001,2018년 7월 17일 00시,화요일,서울특별시 관악구 봉천동,부상신고사고,0,0,0,1,차대사람 - 기타,안전운전불이행,건조,기타,단일로 - 기타,기타불명,기타불명,미분류,기타불명,보행자,여,80세,부상신고
2018071700100068,2018년 7월 17일 06시,화요일,서울특별시 관악구 신림동,중상사고,0,1,2,0,차대차 - 측면충돌,안전운전불이행,건조,맑음,교차로 - 교차로안,승용,남,75세,경상,승용,남,48세,경상
2018071700100107,2018년 7월 17일 08시,화요일,서울특별시 강남구 도곡동,중상사고,0,1,0,0,차대사람 - 횡단중,보행자보호의무위반,건조,맑음,교차로 - 교차로횡단보도내,승용,남,40세,상해없음,보행자,여,68세,중상
2018071700100191,2018년 7월 17일 10시,화요일,서울특별시 성동구 성수동2가,경상사고,0,0,1,0,차대사람 - 횡단중,안전운전불이행,건조,맑음,교차로 - 교차로안,승용,남,61세,상해없음,보행자,여,82세,경상
2018071700100265,2018년 7월 17일 12시,화요일,서울특별시 용산구 이촌동,중상사고,0,1,0,0,차대사람 - 차도통행중,안전운전불이행,건조,맑음,단일로 - 기타,승용,남,62세,상해없음,보행자,여,77세,중상
2018071700100302,2018년 7월 17일 13시,화요일,서울특별시 강북구 미아동,중상사고,0,1,0,0,차대사람 - 횡단중,보행자보호의무위반,건조,맑음,교차로 - 교차로부근,화물,남,36세,상해없음,보행자,여,75세,중상
2018071700100332,2018년 7월 17일 14시,화요일,서울특별시 은평구 응암동,중상사고,0,1,0,0,차대사람 - 횡단중,보행자보호의무위반,건조,맑음,교차로 - 교차로안,승용,여,39세,상해없음,보행자,남,74세,중상
2018071700100368,2018년 7월 17일 15시,화요일,서울특별시 동대문구 장안동,경상사고,0,0,1,0,차대사람 - 보도통행중,기타,건조,맑음,기타 - 기타,승용,여,28세,상해없음,보행자,여,75세,경상
2018071700100369,2018년 7월 17일 15시,화요일,서울특별시 동대문구 청량리동,경상사고,0,0,1,0,차대사람 - 길가장자리구역통행중,안전운전불이행,건조,맑음,기타 - 기타,기타불명,남,미분류,상해없음,보행자,남,79세,경상
2018071700100466,2018년 7월 17일 17시,화요일,서울특별시 양천구 목동,경상사고,0,0,1,0,차대사람 - 기타,안전운전불이행,건조,맑음,교차로 - 교차로부근,승용,남,51세,상해없음,보행자,여,66세,경상
2018071800100105,2018년 7월 18일 08시,수요일,서울특별시 성동구 옥수동,경상사고,0,0,1,0,차대사람 - 보도통행중,보행자보호의무위반,건조,맑음,교차로 - 교차로부근,승용,여,52세,상해없음,보행자,여,75세,경상
2018071800100185,2018년 7월 18일 10시,수요일,서울특별시 동작구 흑석동,경상사고,0,0,1,0,차대사람 - 횡단중,안전운전불이행,건조,맑음,교차로 - 교차로안,승합,남,39세,상해없음,보행자,여,74세,경상
2018071800100186,2018년 7월 18일 10시,수요일,서울특별시 동작구 상도동,경상사고,0,0,1,0,차대사람 - 차도통행중,안전운전불이행,건조,맑음,단일로 - 기타,승용,남,68세,상해없음,보행자,여,83세,경상
2018071800100362,2018년 7월 18일 16시,수요일,서울특별시 동대문구 용두동,경상사고,0,0,1,0,차대사람 - 기타,안전운전불이행,건조,맑음,단일로 - 기타,승용,남,55세,상해없음,보행자,여,72세,경상
2018071800100369,2018년 7월 18일 16시,수요일,서울특별시 노원구 월계동,사망사고,1,0,0,0,차대사람 - 차도통행중,안전운전불이행,건조,맑음,단일로 - 기타,승합,남,67세,상해없음,보행자,여,78세,사망
2018071800100410,2018년 7월 18일 17시,수요일,서울특별시 종로구 통인동,경상사고,0,0,1,0,차대사람 - 횡단중,보행자보호의무위반,건조,맑음,교차로 - 교차로안,승용,남,37세,상해없음,보행자,남,90세 이상,경상
2018071900100042,2018년 7월 19일 04시,목요일,서울특별시 중랑구 면목동,중상사고,0,1,0,0,차대사람 - 횡단중,안전운전불이행,건조,맑음,교차로 - 교차로안,승용,남,61세,상해없음,보행자,여,75세,중상
2018071900100202,2018년 7월 19일 10시,목요일,서울특별시 서대문구 남가좌동,경상사고,0,0,1,0,차대사람 - 기타,안전운전불이행,건조,맑음,단일로 - 기타,승용,남,65세,상해없음,보행자,여,71세,경상
2018071900100203,2018년 7월 19일 10시,목요일,서울특별시 마포구 공덕동,중상사고,0,1,0,0,차대사람 - 기타,안전운전불이행,건조,맑음,단일로 - 기타,승합,남,59세,상해없음,보행자,여,78세,중상
2018071900100241,2018년 7월 19일 11시,목요일,서울특별시 강북구 수유동,경상사고,0,0,1,0,차대사람 - 기타,안전운전불이행,건조,맑음,교차로 - 교차로안,화물,남,59세,상해없음,보행자,남,71세,경상
2018071900100312,2018년 7월 19일 13시,목요일,서울특별시 은평구 갈현동,경상사고,0,0,1,0,차대사람 - 길가장자리구역통행중,안전운전불이행,건조,맑음,단일로 - 기타,기타불명,기타불명,미분류,기타불명,보행자,남,65세,경상
2018072000100062,2018년 7월 20일 06시,금요일,서울특별시 영등포구 영등포동7가,중상사고,0,1,0,0,차대사람 - 기타,안전운전불이행,건조,맑음,단일로 - 기타,화물,남,61세,상해없음,보행자,여,87세,중상
2018072000100165,2018년 7월 20일 09시,금요일,서울특별시 구로구 개봉동,중상사고,0,1,0,0,차대사람 - 횡단중,안전운전불이행,건조,맑음,교차로 - 교차로안,화물,남,41세,상해없음,보행자,여,85세,중상
2018072000100168,2018년 7월 20일 09시,금요일,서울특별시 강남구 개포동,중상사고,0,1,0,0,차대사람 - 횡단중,보행자보호의무위반,건조,맑음,단일로 - 기타,승용,남,39세,상해없음,보행자,여,77세,중상
2018072000100199,2018년 7월 20일 10시,금요일,서울특별시 영등포구 영등포동5가,부상신고사고,0,0,0,1,차대사람 - 기타,안전운전불이행,건조,맑음,단일로 - 기타,승합,남,45세,상해없음,보행자,여,65세,부상신고
2018072000100272,2018년 7월 20일 12시,금요일,서울특별시 중랑구 면목동,경상사고,0,0,1,0,차대사람 - 길가장자리구역통행중,안전운전불이행,건조,맑음,단일로 - 기타,승용,남,70세,상해없음,보행자,여,66세,경상
2018072000100431,2018년 7월 20일 16시,금요일,서울특별시 광진구 구의동,경상사고,0,0,1,0,차대사람 - 기타,안전운전불이행,건조,맑음,단일로 - 기타,기타불명,기타불명,미분류,기타불명,보행자,남,70세,경상
2018072000100435,2018년 7월 20일 16시,금요일,서울특별시 송파구 마천동,사망사고,1,0,0,0,차대사람 - 횡단중,안전운전불이행,건조,맑음,단일로 - 기타,승용,여,63세,상해없음,보행자,여,66세,사망
2018072000100609,2018년 7월 20일 19시,금요일,서울특별시 중랑구 망우동,경상사고,0,0,1,0,차대사람 - 횡단중,안전운전불이행,건조,맑음,단일로 - 기타,승용,여,40세,상해없음,보행자,여,75세,경상
2018072000100689,2018년 7월 20일 21시,금요일,서울특별시 마포구 대흥동,중상사고,0,1,0,0,차대사람 - 차도통행중,안전운전불이행,건조,맑음,단일로 - 기타,화물,남,63세,상해없음,보행자,남,65세,중상
2018072100100064,2018년 7월 21일 04시,토요일,서울특별시 강서구 방화동,중상사고,0,1,1,0,차대사람 - 차도통행중,안전운전불이행,건조,맑음,교차로 - 교차로안,승합,남,61세,상해없음,보행자,여,61세,경상
2018072100100066,2018년 7월 21일 04시,토요일,서울특별시 노원구 중계동,중상사고,0,1,0,0,차대사람 - 횡단중,안전운전불이행,건조,맑음,교차로 - 교차로안,화물,남,37세,상해없음,보행자,여,75세,중상