사고번호,사고일시,요일,시군구,사고내용,사망자수,중상자수,경상자수,부상신고자수,사고유형,법규위반,노면상태,기상상태,도로형태,가해운전자 차종,가해운전자 성별,가해운전자 연령,가해운전자 상해정도,피해운전자 차종,피해운전자 성별,피해운전자 연령,피해운전자 상해정도
2018072100100082,2018년 7월 21일 05시,토요일,서울특별시 관악구 신림동,부상신고사고,0,0,0,1,차대사람 - 횡단중,안전운전불이행,건조,맑음,단일로 - 기타,승용,남,50세,상해없음,보행자,남,68세,부상신고
2018072100100414,2018년 7월 21일 17시,토요일,서울특별시 용산구 효창동,중상사고,0,1,0,0,차대사람 - 기타,안전운전불이행,건조,맑음,단일로 - 기타,승용,여,54세,상해없음,보행자,남,78세,중상
2018072100100419,2018년 7월 21일 17시,토요일,서울특별시 도봉구 창동,중상사고,0,1,0,0,차대사람 - 횡단중,안전운전불이행,기타,맑음,단일로 - 기타,승용,남,78세,상해없음,보행자,여,88세,중상
2018072200100111,2018년 7월 22일 09시,일요일,서울특별시 도봉구 창동,중상사고,0,1,0,0,차대사람 - 기타,안전운전불이행,건조,맑음,교차로 - 교차로안,승합,남,50세,상해없음,보행자,남,69세,중상
2018072200100237,2018년 7월 22일 14시,일요일,서울특별시 은평구 응암동,중상사고,0,1,0,0,차대사람 - 횡단중,보행자보호의무위반,건조,맑음,교차로 - 교차로부근,승합,남,58세,상해없음,보행자,여,71세,중상
2018072200100270,2018년 7월 22일 15시,일요일,서울특별시 금천구 독산동,경상사고,0,0,1,0,차대사람 - 횡단중,신호위반,건조,맑음,교차로 - 교차로횡단보도내,이륜,남,23세,상해없음,보행자,여,66세,경상
2018072200100394,2018년 7월 22일 19시,일요일,서울특별시 성북구 삼선동2가,경상사고,0,0,1,0,차대사람 - 차도통행중,안전운전불이행,건조,맑음,단일로 - 기타,승용,여,40세,상해없음,보행자,여,76세,경상
2018072200100487,2018년 7월 22일 22시,일요일,서울특별시 중랑구 면목동,중상사고,0,1,0,0,차대사람 - 기타,안전운전불이행,건조,맑음,기타 - 기타,승용,여,26세,상해없음,보행자,남,66세,중상
2018072200100502,2018년 7월 22일 23시,일요일,서울특별시 영등포구 영등포동6가,부상신고사고,0,0,0,1,차대사람 - 기타,안전운전불이행,건조,맑음,단일로 - 기타,승합,남,42세,상해없음,보행자,여,67세,부상신고
2018072300100165,2018년 7월 23일 10시,월요일,서울특별시 강서구 화곡동,경상사고,0,0,1,0,차대사람 - 횡단중,안전운전불이행,건조,맑음,단일로 - 기타,이륜,남,21세,상해없음,보행자,여,65세,경상
2018072300100166,2018년 7월 23일 10시,월요일,서울특별시 강서구 내발산동,중상사고,0,1,0,0,차대사람 - 기타,안전운전불이행,건조,맑음,단일로 - 기타,승용,남,65세,상해없음,보행자,남,71세,중상
2018072300100367,2018년 7월 23일 16시,월요일,서울특별시 성북구 삼선동1가,중상사고,0,2,0,0,차대차 - 정면충돌,중앙선침범,건조,맑음,교차로 - 교차로부근,승용,여,42세,상해없음,이륜,남,34세,중상
2018072300100413,2018년 7월 23일 17시,월요일,서울특별시 중랑구 중화동,경상사고,0,0,1,0,차대사람 - 기타,안전운전불이행,건조,맑음,교차로 - 교차로부근,화물,남,70세,상해없음,보행자,남,76세,경상
2018072300100597,2018년 7월 23일 22시,월요일,서울특별시 광진구 구의동,경상사고,0,0,1,0,차대사람 - 기타,안전운전불이행,건조,맑음,교차로 - 교차로안,승용,여,20세,상해없음,보행자,남,66세,경상
2018072300100622,2018년 7월 23일 23시,월요일,서울특별시 종로구 종로2가,중상사고,0,1,0,0,차대사람 - 차도통행중,안전운전불이행,건조,맑음,교차로 - 교차로안,승합,남,57세,상해없음,보행자,남,65세,중상
2018072400100549,2018년 7월 24일 19시,화요일,서울특별시 중랑구 면목동,경상사고,0,0,1,0,차대사람 - 기타,안전운전불이행,건조,맑음,기타 - 기타,승용,여,51세,상해없음,보행자,남,67세,경상
2018072400100634,2018년 7월 24일 22시,화요일,서울특별시 금천구 시흥동,경상사고,0,0,1,0,차대사람 - 기타,보행자보호의무위반,건조,맑음,교차로 - 교차로횡단보도내,화물,남,59세,상해없음,보행자,남,68세,경상
2018072500100043,2018년 7월 25일 04시,수요일,서울특별시 동대문구 장안동,중상사고,0,1,0,0,차대사람 - 횡단중,안전운전불이행,건조,맑음,단일로 - 기타,승용,남,70세,상해없음,보행자,여,69세,중상
2018072500100403,2018년 7월 25일 17시,수요일,서울특별시 성북구 정릉동,중상사고,0,1,0,0,차대사람 - 기타,안전운전불이행,건조,맑음,주차장 - 주차장,승용,남,55세,상해없음,보행자,남,65세,중상
2018072600100018,2018년 7월 26일 01시,목요일,서울특별시 강서구 화곡동,경상사고,0,0,1,0,차대사람 - 기타,안전운전불이행,건조,맑음,교차로 - 교차로안,승용,여,29세,상해없음,보행자,남,77세,경상
2018072600100218,2018년 7월 26일 11시,목요일,서울특별시 영등포구 당산동3가,경상사고,0,0,1,0,차대사람 - 차도통행중,안전운전불이행,건조,맑음,단일로 - 기타,화물,남,52세,상해없음,보행자,남,66세,경상
2018072600100222,2018년 7월 26일 11시,목요일,서울특별시 구로구 오류동,경상사고,0,0,1,0,차대사람 - 기타,안전운전불이행,건조,맑음,단일로 - 기타,화물,남,59세,상해없음,보행자,여,65세,경상
2018072600100243,2018년 7월 26일 12시,목요일,서울특별시 동작구 사당동,중상사고,0,1,0,0,차대사람 - 횡단중,안전운전불이행,건조,맑음,교차로 - 교차로부근,화물,남,58세,상해없음,보행자,여,73세,중상
2018072600100277,2018년 7월 26일 13시,목요일,서울특별시 송파구 송파동,중상사고,0,1,0,0,차대사람 - 횡단중,안전운전불이행,건조,맑음,단일로 - 기타,승용,남,54세,상해없음,보행자,여,75세,중상
2018072600100371,2018년 7월 26일 16시,목요일,서울특별시 성북구 장위동,경상사고,0,0,1,0,차대사람 - 길가장자리구역통행중,안전운전불이행,건조,맑음,단일로 - 기타,화물,남,60세,상해없음,보행자,여,77세,경상
2018072600100525,2018년 7월 26일 20시,목요일,서울특별시 강남구 도곡동,중상사고,0,1,0,0,차대사람 - 차도통행중,안전운전불이행,건조,맑음,단일로 - 기타,승용,여,37세,상해없음,보행자,남,88세,중상
2018072700100112,2018년 7월 27일 08시,금요일,서울특별시 노원구 월계동,중상사고,0,1,0,0,차대사람 - 횡단중,안전운전불이행,건조,맑음,교차로 - 교차로횡단보도내,승용,여,36세,상해없음,보행자,여,70세,중상
2018072700100150,2018년 7월 27일 09시,금요일,서울특별시 노원구 하계동,중상사고,0,1,0,0,차대사람 - 횡단중,보행자보호의무위반,건조,흐림,단일로 - 기타,승용,여,43세,기타불명,보행자,여,65세,중상
2018072700100283,2018년 7월 27일 13시,금요일,서울특별시 성북구 삼선동5가,중상사고,0,1,0,0,차대사람 - 차도통행중,안전운전불이행,건조,맑음,교차로 - 교차로부근,승합,남,50세,상해없음,보행자,여,71세,중상
2018072700100409,2018년 7월 27일 16시,금요일,서울특별시 강남구 논현동,경상사고,0,0,1,0,차대사람 - 차도통행중,안전운전불이행,건조,맑음,단일로 - 기타,승용,여,32세,상해없음,보행자,여,79세,경상
2018072700100412,2018년 7월 27일 16시,금요일,서울특별시 구로구 고척동,중상사고,0,1,0,0,차대사람 - 보도통행중,보행자보호의무위반,건조,맑음,교차로 - 교차로횡단보도내,승용,여,39세,상해없음,보행자,남,77세,중상
2018072700100414,2018년 7월 27일 16시,금요일,서울특별시 도봉구 창동,중상사고,0,1,0,0,차대사람 - 횡단중,안전운전불이행,건조,맑음,단일로 - 기타,승용,남,43세,상해없음,보행자,여,83세,중상
2018072700100495,2018년 7월 27일 18시,금요일,서울특별시 용산구 한남동,중상사고,0,1,0,0,차대사람 - 기타,안전운전불이행,건조,맑음,교차로 - 교차로부근,승용,여,57세,상해없음,보행자,여,65세,중상
2018072700100504,2018년 7월 27일 18시,금요일,서울특별시 구로구 오류동,경상사고,0,0,1,0,차대사람 - 기타,안전운전불이행,건조,맑음,단일로 - 기타,승용,남,33세,상해없음,보행자,남,85세,경상
2018072700100506,2018년 7월 27일 18시,금요일,서울특별시 양천구 신정동,경상사고,0,0,1,0,차대사람 - 기타,안전운전불이행,건조,맑음,교차로 - 교차로안,승용,남,48세,상해없음,보행자,여,78세,경상
2018072800100026,2018년 7월 28일 01시,토요일,서울특별시 영등포구 대림동,중상사고,0,1,0,0,차대사람 - 기타,안전운전불이행,건조,맑음,단일로 - 기타,승합,남,30세,상해없음,보행자,남,65세,중상
2018072800100290,2018년 7월 28일 13시,토요일,서울특별시 성북구 석관동,중상사고,0,1,0,0,차대사람 - 기타,안전운전불이행,건조,맑음,단일로 - 기타,승용,여,30세,상해없음,보행자,남,75세,중상
2018072800100381,2018년 7월 28일 16시,토요일,서울특별시 송파구 삼전동,중상사고,0,1,0,0,차대사람 - 기타,안전운전불이행,건조,맑음,기타 - 기타,화물,남,68세,상해없음,보행자,여,67세,중상
2018072900100193,2018년 7월 29일 13시,일요일,서울특별시 양천구 목동,경상사고,0,0,1,0,차대사람 - 기타,안전운전불이행,건조,맑음,교차로 - 교차로부근,승용,남,57세,상해없음,보행자,여,78세,경상
2018073000100050,2018년 7월 30일 06시,월요일,서울특별시 강남구 논현동,중상사고,0,1,0,0,차대사람 - 횡단중,안전운전불이행,건조,맑음,단일로 - 기타,승용,남,58세,기타불명,보행자,여,79세,중상
2018073000100093,2018년 7월 30일 08시,월요일,서울특별시 영등포구 신길동,중상사고,0,1,0,0,차대사람 - 기타,안전운전불이행,건조,맑음,교차로 - 교차로부근,승용,남,64세,상해없음,보행자,남,75세,중상
2018073000100252,2018년 7월 30일 12시,월요일,서울특별시 성북구 동소문동5가,경상사고,0,0,1,0,차대사람 - 기타,안전운전불이행,건조,맑음,단일로 - 기타,기타불명,여,65세,상해없음,보행자,여,76세,경상
2018073000100496,2018년 7월 30일 18시,월요일,서울특별시 도봉구 쌍문동,중상사고,0,1,0,0,차대사람 - 횡단중,안전운전불이행,건조,맑음,단일로 - 기타,승합,남,63세,상해없음,보행자,남,76세,중상
2018073000100574,2018년 7월 30일 20시,월요일,서울특별시 중랑구 면목동,경상사고,0,0,1,0,차대사람 - 차도통행중,안전운전불이행,건조,맑음,단일로 - 기타,승용,여,49세,상해없음,보행자,남,67세,경상
2018073000100601,2018년 7월 30일 21시,월요일,서울특별시 종로구 평창동,중상사고,0,1,0,0,차대사람 - 길가장자리구역통행중,안전운전불이행,건조,맑음,단일로 - 기타,승용,남,69세,상해없음,보행자,여,78세,중상
2018073000100640,2018년 7월 30일 22시,월요일,서울특별시 강서구 내발산동,중상사고,0,1,0,0,차대사람 - 기타,안전운전불이행,건조,맑음,단일로 - 기타,개인형이동수단(PM),남,43세,상해없음,보행자,여,83세,중상
2018073100100040,2018년 7월 31일 04시,화요일,서울특별시 구로구 궁동,중상사고,0,1,0,0,차대사람 - 횡단중,보행자보호의무위반,건조,맑음,교차로 - 교차로횡단보도내,화물,남,55세,상해없음,보행자,남,72세,중상
2018073100100129,2018년 7월 31일 09시,화요일,서울특별시 강북구 수유동,중상사고,0,1,0,0,차대사람 - 횡단중,안전운전불이행,건조,흐림,단일로 - 기타,승용,남,50세,상해없음,보행자,여,74세,중상
2018073100100130,2018년 7월 31일 09시,화요일,서울특별시 금천구 독산동,경상사고,0,0,1,0,차대사람 - 기타,안전운전불이행,건조,맑음,단일로 - 기타,승용,여,38세,상해없음,보행자,남,66세,경상
2018073100100202,2018년 7월 31일 11시,화요일,서울특별시 중구 신당동,중상사고,0,1,0,0,차대사람 - 차도통행중,안전운전불이행,건조,맑음,교차로 - 교차로안,승용,남,44세,상해없음,보행자,여,90세 이상,중상
2018073100100205,2018년 7월 31일 11시,화요일,서울특별시 도봉구 쌍문동,중상사고,0,1,0,0,차대사람 - 횡단중,보행자보호의무위반,건조,맑음,교차로 - 교차로횡단보도내,승합,남,64세,상해없음,보행자,여,77세,중상
2018073100100405,2018년 7월 31일 17시,화요일,서울특별시 중구 장충동1가,경상사고,0,0,1,0,차대사람 - 기타,안전운전불이행,건조,맑음,단일로 - 기타,승용,남,33세,상해없음,보행자,남,72세,경상
2018080100100003,2018년 8월 1일 00시,수요일,서울특별시 강동구 천호동,중상사고,0,1,0,0,차대사람 - 횡단중,신호위반,건조,맑음,교차로 - 교차로횡단보도내,승용,남,42세,상해없음,보행자,남,69세,중상
2018080100100394,2018년 8월 1일 16시,수요일,서울특별시 송파구 잠실동,경상사고,0,0,2,0,차대사람 - 횡단중,안전운전불이행,건조,맑음,단일로 - 기타,이륜,남,26세,경상,보행자,여,82세,경상
2018080100100484,2018년 8월 1일 18시,수요일,서울특별시 은평구 불광동,중상사고,0,1,0,0,차대사람 - 기타,안전운전불이행,건조,맑음,단일로 - 기타,승합,남,48세,상해없음,보행자,여,70세,중상
2018080100100657,2018년 8월 1일 23시,수요일,서울특별시 성북구 동소문동2가,사망사고,1,0,1,0,차대사람 - 횡단중,안전운전불이행,건조,맑음,단일로 - 기타,승용,남,67세,상해없음,보행자,남,71세,사망
2018080200100116,2018년 8월 2일 08시,목요일,서울특별시 동작구 상도동,중상사고,0,1,0,0,차대사람 - 기타,보행자보호의무위반,건조,맑음,교차로 - 교차로부근,승용,남,49세,상해없음,보행자,남,65세,중상
2018080200100196,2018년 8월 2일 10시,목요일,서울특별시 종로구 낙원동,중상사고,0,1,0,0,차대사람 - 횡단중,신호위반,건조,맑음,교차로 - 교차로횡단보도내,화물,남,41세,상해없음,보행자,여,66세,중상
2018080200100198,2018년 8월 2일 10시,목요일,서울특별시 동작구 사당동,중상사고,0,1,0,0,차대사람 - 횡단중,보행자보호의무위반,건조,맑음,교차로 - 교차로안,화물,남,50세,상해없음,보행자,여,69세,중상
2018080200100201,2018년 8월 2일 10시,목요일,서울특별시 노원구 상계동,경상사고,0,0,1,0,차대사람 - 횡단중,안전운전불이행,건조,맑음,교차로 - 교차로안,화물,남,46세,상해없음,보행자,여,70세,경상
2018080200100421,2018년 8월 2일 17시,목요일,서울특별시 강동구 천호동,중상사고,0,1,0,0,차대사람 - 횡단중,안전운전불이행,건조,맑음,교차로 - 교차로부근,이륜,남,30세,상해없음,보행자,여,69세,중상
2018080200100617,2018년 8월 2일 23시,목요일,서울특별시 중랑구 중화동,중상사고,0,1,0,0,차대사람 - 기타,안전운전불이행,건조,맑음,교차로 - 교차로부근,승용,남,56세,상해없음,보행자,남,73세,중상
2018080300100156,2018년 8월 3일 10시,금요일,서울특별시 광진구 중곡동,경상사고,0,0,1,0,차대사람 - 길가장자리구역통행중,안전운전불이행,건조,맑음,단일로 - 기타,승용,남,72세,상해없음,보행자,남,71세,경상
2018080300100161,2018년 8월 3일 10시,금요일,서울특별시 도봉구 창동,중상사고,0,1,0,0,차대사람 - 횡단중,안전운전불이행,건조,맑음,교차로 - 교차로안,승용,여,57세,상해없음,보행자,남,81세,중상
2018080300100327,2018년 8월 3일 15시,금요일,서울특별시 종로구 인사동,중상사고,0,1,0,0,차대사람 - 차도통행중,안전운전불이행,건조,맑음,단일로 - 기타,승용,남,70세,상해없음,보행자,여,72세,중상
2018080300100403,2018년 8월 3일 17시,금요일,서울특별시 성동구 옥수동,중상사고,0,1,0,0,차대사람 - 횡단중,보행자보호의무위반,건조,맑음,교차로 - 교차로횡단보도내,승용,여,38세,상해없음,보행자,여,73세,중상
2018080300100441,2018년 8월 3일 18시,금요일,서울특별시 구로구 개봉동,중상사고,0,1,0,0,차대사람 - 기타,안전운전불이행,건조,맑음,단일로 - 기타,이륜,남,32세,상해없음,보행자,여,65세,중상
2018080300100552,2018년 8월 3일 21시,금요일,서울특별시 마포구 공덕동,중상사고,0,1,0,0,차대사람 - 횡단중,중앙선침범,건조,맑음,단일로 - 기타,승용,남,28세,상해없음,보행자,여,71세,중상
2018080300100554,2018년 8월 3일 21시,금요일,서울특별시 서초구 서초동,중상사고,0,1,0,0,차대사람 - 보도통행중,기타,건조,맑음,교차로 - 교차로부근,승용,여,34세,상해없음,보행자,여,76세,중상
2018080300100581,2018년 8월 3일 22시,금요일,서울특별시 강동구 암사동,중상사고,0,1,0,0,차대사람 - 기타,안전운전불이행,건조,맑음,교차로 - 교차로안,이륜,남,25세,상해없음,보행자,남,72세,중상
2018080400100164,2018년 8월 4일 10시,토요일,서울특별시 동대문구 장안동,중상사고,0,1,0,0,차대사람 - 횡단중,신호위반,건조,맑음,교차로 - 교차로횡단보도내,원동기,남,45세,상해없음,보행자,남,71세,중상
2018080400100491,2018년 8월 4일 21시,토요일,서울특별시 중랑구 면목동,사망사고,1,0,0,0,차대사람 - 보도통행중,신호위반,건조,맑음,단일로 - 기타,자전거,남,25세,상해없음,보행자,여,73세,사망
2018080500100085,2018년 8월 5일 07시,일요일,서울특별시 구로구 고척동,중상사고,0,1,0,0,차대사람 - 기타,안전운전불이행,건조,맑음,단일로 - 기타,화물,남,53세,상해없음,보행자,여,74세,중상
2018080500100128,2018년 8월 5일 10시,일요일,서울특별시 은평구 응암동,경상사고,0,0,1,0,차대사람 - 횡단중,안전운전불이행,건조,맑음,교차로 - 교차로안,승용,남,46세,상해없음,보행자,여,70세,경상
2018080500100318,2018년 8월 5일 17시,일요일,서울특별시 강북구 미아동,중상사고,0,1,1,0,차대사람 - 횡단중,안전운전불이행,건조,맑음,교차로 - 교차로횡단보도내,이륜,남,26세,경상,보행자,남,72세,중상
2018080500100383,2018년 8월 5일 19시,일요일,서울특별시 용산구 이촌동,경상사고,0,0,1,0,차대사람 - 기타,안전운전불이행,건조,맑음,단일로 - 기타,자전거,남,46세,상해없음,보행자,여,80세,경상
2018080600100044,2018년 8월 6일 06시,월요일,서울특별시 동작구 대방동,중상사고,0,1,0,0,차대사람 - 횡단중,보행자보호의무위반,건조,맑음,교차로 - 교차로횡단보도내,승합,남,43세,상해없음,보행자,여,82세,중상
2018080600100132,2018년 8월 6일 10시,월요일,서울특별시 중구 저동2가,중상사고,0,1,0,0,차대사람 - 횡단중,안전운전불이행,건조,맑음,단일로 - 기타,승용,남,35세,상해없음,보행자,여,66세,중상
2018080600100164,2018년 8월 6일 11시,월요일,서울특별시 영등포구 영등포동,경상사고,0,0,1,0,차대사람 - 횡단중,보행자보호의무위반,건조,맑음,교차로 - 교차로횡단보도내,화물,남,45세,상해없음,보행자,남,75세,경상
2018080600100338,2018년 8월 6일 16시,월요일,서울특별시 중랑구 중화동,중상사고,0,1,0,0,차대사람 - 횡단중,안전운전불이행,건조,맑음,교차로 - 교차로부근,승용,남,44세,상해없음,보행자,여,70세,중상
2018080600100423,2018년 8월 6일 18시,월요일,서울특별시 광진구 자양동,중상사고,0,1,0,0,차대사람 - 기타,안전운전불이행,건조,맑음,단일로 - 기타,승용,남,37세,상해없음,보행자,여,65세,중상
2018080600100468,2018년 8월 6일 19시,월요일,서울특별시 관악구 봉천동,경상사고,0,0,1,0,차대사람 - 기타,안전운전불이행,건조,맑음,교차로 - 교차로안,승용,남,37세,상해없음,보행자,여,77세,경상
2018080700100043,2018년 8월 7일 04시,화요일,서울특별시 노원구 공릉동,사망사고,1,0,0,0,차대사람 - 횡단중,안전운전불이행,건조,맑음,기타 - 기타,승용,남,22세,상해없음,보행자,여,68세,사망
2018080700100081,2018년 8월 7일 08시,화요일,서울특별시 영등포구 여의도동,중상사고,0,1,0,0,차대사람 - 기타,기타,건조,맑음,교차로 - 교차로부근,승합,남,56세,상해없음,보행자,남,72세,중상
2018080700100120,2018년 8월 7일 09시,화요일,서울특별시 은평구 역촌동,중상사고,0,1,0,0,차대사람 - 차도통행중,안전운전불이행,건조,맑음,교차로 - 교차로안,화물,남,57세,상해없음,보행자,여,75세,중상
2018080700100246,2018년 8월 7일 13시,화요일,서울특별시 영등포구 신길동,중상사고,0,1,0,0,차대사람 - 횡단중,신호위반,건조,맑음,교차로 - 교차로부근,원동기,남,22세,상해없음,보행자,여,71세,중상
2018080700100347,2018년 8월 7일 16시,화요일,서울특별시 중랑구 망우동,경상사고,0,0,1,0,차대사람 - 기타,안전운전불이행,건조,맑음,교차로 - 교차로안,승용,남,50세,상해없음,보행자,여,78세,경상
2018080700100437,2018년 8월 7일 18시,화요일,서울특별시 송파구 방이동,경상사고,0,0,1,0,차대사람 - 기타,안전운전불이행,건조,맑음,단일로 - 기타,승용,남,54세,상해없음,보행자,남,76세,경상
2018080700100503,2018년 8월 7일 20시,화요일,서울특별시 광진구 군자동,중상사고,0,1,0,1,차대사람 - 횡단중,안전운전불이행,건조,맑음,단일로 - 기타,개인형이동수단(PM),남,36세,중상,보행자,여,65세,부상신고
2018080800100034,2018년 8월 8일 04시,수요일,서울특별시 광진구 화양동,사망사고,1,0,0,0,차대사람 - 기타,안전운전불이행,건조,맑음,단일로 - 기타,승용,남,49세,상해없음,보행자,남,71세,사망
2018080800100042,2018년 8월 8일 05시,수요일,서울특별시 성동구 금호동4가,중상사고,0,1,0,0,차대사람 - 보도통행중,기타,건조,맑음,단일로 - 기타,건설기계,남,39세,상해없음,보행자,남,71세,중상
2018080800100217,2018년 8월 8일 12시,수요일,서울특별시 중랑구 면목동,중상사고,0,1,0,0,차대사람 - 기타,안전운전불이행,건조,맑음,단일로 - 기타,화물,남,53세,상해없음,보행자,남,70세,중상
2018080800100306,2018년 8월 8일 15시,수요일,서울특별시 마포구 상암동,경상사고,0,0,1,0,차대사람 - 기타,보행자보호의무위반,건조,맑음,교차로 - 교차로부근,기타불명,기타불명,미분류,기타불명,보행자,여,67세,경상
2018080800100371,2018년 8월 8일 17시,수요일,서울특별시 송파구 오금동,경상사고,0,0,1,0,차대사람 - 기타,안전운전불이행,건조,맑음,단일로 - 기타,화물,남,34세,상해없음,보행자,여,81세,경상
2018080800100413,2018년 8월 8일 18시,수요일,서울특별시 종로구 장사동,부상신고사고,0,0,0,1,차대사람 - 기타,안전운전불이행,건조,맑음,단일로 - 기타,개인형이동수단(PM),남,20세,상해없음,보행자,여,71세,부상신고
2018080800100456,2018년 8월 8일 19시,수요일,서울특별시 구로구 고척동,중상사고,0,1,0,0,차대사람 - 횡단중,안전운전불이행,건조,맑음,교차로 - 교차로안,화물,여,53세,상해없음,보행자,여,71세,중상
2018080800100542,2018년 8월 8일 22시,수요일,서울특별시 양천구 목동,경상사고,0,0,1,0,차대사람 - 기타,안전운전불이행,건조,맑음,기타 - 기타,화물,남,62세,상해없음,보행자,남,75세,경상
2018080900100169,2018년 8월 9일 10시,목요일,서울특별시 관악구 신림동,사망사고,1,0,0,0,차대사람 - 차도통행중,안전운전불이행,건조,맑음,교차로 - 교차로안,화물,남,50세,상해없음,보행자,여,83세,사망
2018080900100172,2018년 8월 9일 10시,목요일,서울특별시 서초구 반포동,경상사고,0,0,1,0,차대사람 - 횡단중,안전운전불이행,건조,맑음,단일로 - 기타,승용,남,70세,상해없음,보행자,여,71세,경상
2018080900100299,2018년 8월 9일 14시,목요일,서울특별시 동작구 상도동,중상사고,0,1,0,0,차대사람 - 횡단중,안전운전불이행,젖음/습기,비,교차로 - 교차로안,승용,여,29세,상해없음,보행자,여,81세,중상
2018080900100301,2018년 8월 9일 14시,목요일,서울특별시 강남구 신사동,중상사고,0,1,0,0,차대사람 - 길가장자리구역통행중,안전운전불이행,기타,맑음,단일로 - 기타,화물,남,39세,상해없음,보행자,여,70세,중상
2018080900100415,2018년 8월 9일 17시,목요일,서울특별시 도봉구 방학동,중상사고,0,1,0,0,차대사람 - 횡단중,안전운전불이행,건조,맑음,교차로 - 교차로안,화물,남,28세,상해없음,보행자,남,82세,중상
2018081000100063,2018년 8월 10일 06시,금요일,서울특별시 동작구 신대방동,경상사고,0,0,1,0,차대사람 - 횡단중,안전운전불이행,건조,맑음,단일로 - 기타,승용,남,70세,상해없음,보행자,남,75세,경상
2018081000100137,2018년 8월 10일 09시,금요일,서울특별시 동대문구 장안동,중상사고,0,1,0,0,차대사람 - 기타,기타,건조,맑음,단일로 - 기타,승합,남,45세,상해없음,보행자,여,84세,중상
2018081000100165,2018년 8월 10일 10시,금요일,서울특별시 도봉구 방학동,경상사고,0,0,1,0,차대사람 - 차도통행중,안전운전불이행,건조,맑음,단일로 - 기타,승용,남,54세,상해없음,보행자,여,66세,경상
2018081000100337,2018년 8월 10일 15시,금요일,서울특별시 강북구 미아동,경상사고,0,0,1,0,차대사람 - 보도통행중,기타,건조,맑음,단일로 - 기타,승합,남,56세,상해없음,보행자,여,68세,경상
2018081000100558,2018년 8월 10일 20시,금요일,서울특별시 서초구 서초동,중상사고,0,1,0,0,차대사람 - 차도통행중,안전운전불이행,건조,맑음,단일로 - 기타,승용,남,36세,상해없음,보행자,여,76세,중상
2018081100100001,2018년 8월 11일 00시,토요일,서울특별시 용산구 한남동,사망사고,1,0,0,0,차대사람 - 횡단중,보행자보호의무위반,건조,맑음,단일로 - 기타,승용,남,25세,상해없음,보행자,남,77세,사망
2018081100100500,2018년 8월 11일 20시,토요일,서울특별시 강북구 미아동,경상사고,0,0,1,0,차대사람 - 기타,안전운전불이행,건조,맑음,단일로 - 기타,승용,남,41세,상해없음,보행자,여,90세 이상,경상
2018081200100028,2018년 8월 12일 02시,일요일,서울특별시 용산구 한남동,경상사고,0,0,1,0,차대사람 - 기타,안전운전불이행,건조,맑음,교차로 - 교차로부근,승용,남,53세,기타불명,보행자,남,65세,경상
2018081200100313,2018년 8월 12일 17시,일요일,서울특별시 강북구 수유동,경상사고,0,0,2,0,차대사람 - 기타,안전운전불이행,건조,맑음,단일로 - 기타,승용,남,45세,상해없음,보행자,남,57세,경상
2018081200100316,2018년 8월 12일 17시,일요일,서울특별시 서초구 반포동,경상사고,0,0,1,0,차대사람 - 차도통행중,안전운전불이행,건조,맑음,기타 - 기타,승용,여,38세,상해없음,보행자,여,71세,경상
2018081300100002,2018년 8월 13일 00시,월요일,서울특별시 강북구 번동,경상사고,0,0,1,0,차대사람 - 횡단중,신호위반,젖음/습기,비,교차로 - 교차로횡단보도내,이륜,남,66세,상해없음,보행자,여,69세,경상
2018081300100173,2018년 8월 13일 10시,월요일,서울특별시 영등포구 당산동4가,중상사고,0,1,0,0,차대사람 - 차도통행중,안전운전불이행,건조,맑음,단일로 - 기타,승용,여,34세,상해없음,보행자,여,79세,중상
2018081300100174,2018년 8월 13일 10시,월요일,서울특별시 동작구 상도동,중상사고,0,1,0,0,차대사람 - 횡단중,안전운전불이행,건조,맑음,단일로 - 기타,승용,남,52세,상해없음,보행자,여,72세,중상
2018081300100317,2018년 8월 13일 14시,월요일,서울특별시 성동구 금호동3가,중상사고,0,1,0,0,차대사람 - 횡단중,신호위반,건조,맑음,교차로 - 교차로부근,이륜,남,23세,상해없음,보행자,여,78세,중상
2018081300100358,2018년 8월 13일 15시,월요일,서울특별시 종로구 명륜3가,중상사고,0,1,0,0,차대사람 - 기타,안전운전불이행,건조,맑음,교차로 - 교차로안,승합,남,51세,상해없음,보행자,여,75세,중상
2018081300100362,2018년 8월 13일 15시,월요일,서울특별시 중랑구 망우동,사망사고,1,0,0,0,차대사람 - 횡단중,중앙선침범,건조,맑음,단일로 - 기타,화물,남,42세,상해없음,보행자,남,86세,사망
2018081300100397,2018년 8월 13일 16시,월요일,서울특별시 강북구 수유동,경상사고,0,0,1,0,차대사람 - 기타,안전운전불이행,건조,맑음,단일로 - 기타,승합,남,55세,상해없음,보행자,남,84세,경상
2018081300100399,2018년 8월 13일 16시,월요일,서울특별시 동대문구 용두동,경상사고,0,0,1,0,차대사람 - 기타,기타,건조,맑음,교차로 - 교차로부근,승합,남,56세,상해없음,보행자,여,79세,경상
2018081300100402,2018년 8월 13일 16시,월요일,서울특별시 강남구 개포동,사망사고,1,0,0,0,차대사람 - 보도통행중,기타,건조,맑음,단일로 - 기타,화물,남,64세,상해없음,보행자,여,78세,사망
2018081300100486,2018년 8월 13일 18시,월요일,서울특별시 강서구 방화동,사망사고,1,0,0,0,차대사람 - 횡단중,안전운전불이행,건조,맑음,교차로 - 교차로부근,화물,남,69세,상해없음,보행자,남,67세,사망