사고번호,사고일시,요일,시군구,사고내용,사망자수,중상자수,경상자수,부상신고자수,사고유형,법규위반,노면상태,기상상태,도로형태,가해운전자 차종,가해운전자 성별,가해운전자 연령,가해운전자 상해정도,피해운전자 차종,피해운전자 성별,피해운전자 연령,피해운전자 상해정도
2018081300100529,2018년 8월 13일 19시,월요일,서울특별시 종로구 종로2가,중상사고,0,1,0,0,차대사람 - 횡단중,안전운전불이행,건조,맑음,교차로 - 교차로횡단보도내,승용,남,54세,상해없음,보행자,남,70세,중상
2018081300100535,2018년 8월 13일 19시,월요일,서울특별시 도봉구 쌍문동,중상사고,0,1,0,0,차대사람 - 횡단중,안전운전불이행,건조,맑음,단일로 - 기타,승용,남,66세,상해없음,보행자,여,76세,중상
2018081300100536,2018년 8월 13일 19시,월요일,서울특별시 강남구 도곡동,경상사고,0,0,1,0,차대사람 - 횡단중,보행자보호의무위반,건조,맑음,교차로 - 교차로횡단보도내,승용,여,48세,상해없음,보행자,남,84세,경상
2018081300100578,2018년 8월 13일 20시,월요일,서울특별시 성북구 하월곡동,중상사고,0,1,0,0,차대사람 - 기타,보행자보호의무위반,건조,맑음,교차로 - 교차로횡단보도내,승용,남,33세,상해없음,보행자,남,67세,중상
2018081300100611,2018년 8월 13일 21시,월요일,서울특별시 양천구 신월동,경상사고,0,0,1,0,차대사람 - 기타,안전운전불이행,건조,맑음,단일로 - 기타,승용,남,63세,상해없음,보행자,남,65세,경상
2018081400100147,2018년 8월 14일 09시,화요일,서울특별시 금천구 독산동,경상사고,0,0,1,0,차대사람 - 기타,안전운전불이행,건조,맑음,단일로 - 기타,승합,남,50세,상해없음,보행자,여,70세,경상
2018081400100424,2018년 8월 14일 17시,화요일,서울특별시 성북구 장위동,부상신고사고,0,0,0,1,차대사람 - 횡단중,안전운전불이행,건조,맑음,교차로 - 교차로횡단보도내,화물,남,55세,상해없음,보행자,남,71세,부상신고
2018081500100080,2018년 8월 15일 06시,수요일,서울특별시 강동구 둔촌동,경상사고,0,0,1,0,차대사람 - 길가장자리구역통행중,안전운전불이행,건조,맑음,교차로 - 교차로부근,이륜,남,62세,상해없음,보행자,남,78세,경상
2018081500100140,2018년 8월 15일 09시,수요일,서울특별시 노원구 월계동,중상사고,0,1,0,0,차대사람 - 기타,안전운전불이행,건조,맑음,단일로 - 기타,화물,남,51세,상해없음,보행자,여,71세,중상
2018081500100200,2018년 8월 15일 12시,수요일,서울특별시 관악구 봉천동,중상사고,0,1,0,0,차대사람 - 길가장자리구역통행중,안전운전불이행,건조,맑음,단일로 - 기타,이륜,남,32세,상해없음,보행자,여,72세,중상
2018081500100264,2018년 8월 15일 14시,수요일,서울특별시 강동구 천호동,중상사고,0,1,0,0,차대사람 - 기타,안전운전불이행,건조,맑음,단일로 - 기타,승용,여,49세,상해없음,보행자,여,69세,중상
2018081500100296,2018년 8월 15일 15시,수요일,서울특별시 종로구 낙원동,중상사고,0,1,0,0,차대사람 - 횡단중,보행자보호의무위반,건조,맑음,교차로 - 교차로안,승용,남,63세,상해없음,보행자,남,79세,중상
2018081500100423,2018년 8월 15일 19시,수요일,서울특별시 성동구 성수동1가,경상사고,0,0,1,0,차대사람 - 횡단중,신호위반,건조,맑음,교차로 - 교차로횡단보도내,이륜,남,31세,상해없음,보행자,남,78세,경상
2018081500100510,2018년 8월 15일 22시,수요일,서울특별시 광진구 중곡동,중상사고,0,1,0,0,차대사람 - 차도통행중,안전운전불이행,건조,맑음,기타 - 기타,이륜,남,44세,상해없음,보행자,여,69세,중상
2018081600100217,2018년 8월 16일 11시,목요일,서울특별시 용산구 한강로3가,경상사고,0,0,1,0,차대사람 - 횡단중,보행자보호의무위반,건조,맑음,교차로 - 교차로부근,승용,남,63세,상해없음,보행자,남,71세,경상
2018081600100366,2018년 8월 16일 15시,목요일,서울특별시 송파구 가락동,부상신고사고,0,0,0,1,차대사람 - 횡단중,안전운전불이행,건조,맑음,교차로 - 교차로안,화물,남,48세,상해없음,보행자,여,76세,부상신고
2018081700100082,2018년 8월 17일 07시,금요일,서울특별시 금천구 시흥동,중상사고,0,1,0,0,차대사람 - 기타,안전운전불이행,건조,맑음,교차로 - 교차로안,승용,여,37세,상해없음,보행자,남,70세,중상
2018081700100113,2018년 8월 17일 08시,금요일,서울특별시 서대문구 홍제동,경상사고,0,0,1,0,차대사람 - 기타,기타,건조,맑음,단일로 - 기타,승합,남,42세,상해없음,보행자,여,74세,경상
2018081700100151,2018년 8월 17일 09시,금요일,서울특별시 동대문구 전농동,경상사고,0,0,1,0,차대사람 - 차도통행중,안전운전불이행,건조,맑음,단일로 - 기타,승용,남,40세,상해없음,보행자,남,71세,경상
2018081700100227,2018년 8월 17일 11시,금요일,서울특별시 서대문구 북아현동,경상사고,0,0,1,0,차대사람 - 횡단중,안전운전불이행,건조,맑음,교차로 - 교차로안,이륜,남,84세,상해없음,보행자,여,83세,경상
2018081700100259,2018년 8월 17일 12시,금요일,서울특별시 서대문구 홍은동,부상신고사고,0,0,0,1,차대사람 - 횡단중,안전운전불이행,건조,맑음,단일로 - 기타,승용,여,45세,상해없음,보행자,남,73세,부상신고
2018081700100324,2018년 8월 17일 14시,금요일,서울특별시 노원구 상계동,부상신고사고,0,0,0,1,차대사람 - 횡단중,신호위반,건조,맑음,기타 - 기타,이륜,남,16세,상해없음,보행자,여,82세,부상신고
2018081700100511,2018년 8월 17일 18시,금요일,서울특별시 강북구 미아동,중상사고,0,1,0,0,차대사람 - 횡단중,안전운전불이행,건조,맑음,단일로 - 기타,승합,남,76세,상해없음,보행자,여,73세,중상
2018081700100561,2018년 8월 17일 19시,금요일,서울특별시 용산구 용산동2가,중상사고,0,1,0,0,차대사람 - 기타,안전운전불이행,건조,맑음,교차로 - 교차로안,승용,남,65세,상해없음,보행자,여,76세,중상
2018081700100639,2018년 8월 17일 21시,금요일,서울특별시 양천구 신정동,중상사고,0,1,0,0,차대사람 - 차도통행중,안전운전불이행,건조,맑음,단일로 - 기타,승용,남,51세,상해없음,보행자,여,90세 이상,중상
2018081800100177,2018년 8월 18일 10시,토요일,서울특별시 성동구 응봉동,경상사고,0,0,1,0,차대사람 - 기타,기타,건조,맑음,단일로 - 기타,승합,남,59세,상해없음,보행자,여,65세,경상
2018081800100219,2018년 8월 18일 11시,토요일,서울특별시 강서구 화곡동,경상사고,0,0,1,0,차대사람 - 기타,안전운전불이행,건조,맑음,단일로 - 기타,승용,남,30세,상해없음,보행자,여,69세,경상
2018081800100284,2018년 8월 18일 13시,토요일,서울특별시 영등포구 영등포동,경상사고,0,0,1,0,차대사람 - 횡단중,보행자보호의무위반,건조,맑음,교차로 - 교차로횡단보도내,화물,남,39세,상해없음,보행자,남,77세,경상
2018081800100439,2018년 8월 18일 17시,토요일,서울특별시 중랑구 면목동,중상사고,0,1,0,0,차대사람 - 기타,신호위반,건조,맑음,교차로 - 교차로안,승용,남,66세,상해없음,보행자,남,84세,중상
2018081800100441,2018년 8월 18일 17시,토요일,서울특별시 구로구 신도림동,중상사고,0,1,0,0,차대사람 - 횡단중,안전운전불이행,건조,맑음,단일로 - 기타,이륜,남,16세,상해없음,보행자,여,71세,중상
2018081800100536,2018년 8월 18일 20시,토요일,서울특별시 종로구 종로2가,경상사고,0,0,1,0,차대사람 - 기타,안전운전불이행,건조,맑음,단일로 - 기타,화물,남,75세,상해없음,보행자,남,72세,경상
2018081900100345,2018년 8월 19일 17시,일요일,서울특별시 도봉구 도봉동,경상사고,0,0,1,0,차대사람 - 길가장자리구역통행중,안전운전불이행,건조,맑음,단일로 - 기타,승용,남,62세,상해없음,보행자,남,68세,경상
2018081900100400,2018년 8월 19일 19시,일요일,서울특별시 강북구 수유동,중상사고,0,1,0,0,차대사람 - 기타,안전운전불이행,건조,맑음,단일로 - 기타,승용,남,66세,상해없음,보행자,여,83세,중상
2018081900100408,2018년 8월 19일 19시,일요일,서울특별시 은평구 진관동,중상사고,0,1,0,0,차대사람 - 기타,안전운전불이행,건조,맑음,단일로 - 기타,승용,남,66세,상해없음,보행자,남,68세,중상
2018081900100461,2018년 8월 19일 21시,일요일,서울특별시 영등포구 영등포동3가,경상사고,0,0,1,0,차대사람 - 기타,안전운전불이행,건조,맑음,단일로 - 기타,승용,남,40세,상해없음,보행자,남,70세,경상
2018082000100026,2018년 8월 20일 04시,월요일,서울특별시 종로구 창신동,중상사고,0,1,0,0,차대사람 - 기타,보행자보호의무위반,건조,맑음,단일로 - 기타,화물,남,56세,상해없음,보행자,여,68세,중상
2018082000100155,2018년 8월 20일 10시,월요일,서울특별시 동작구 대방동,경상사고,0,0,1,0,차대사람 - 횡단중,보행자보호의무위반,건조,맑음,단일로 - 기타,승합,남,61세,상해없음,보행자,남,69세,경상
2018082000100242,2018년 8월 20일 12시,월요일,서울특별시 강남구 대치동,경상사고,0,0,1,0,차대사람 - 기타,신호위반,건조,맑음,교차로 - 교차로횡단보도내,승용,여,53세,상해없음,보행자,여,77세,경상
2018082000100446,2018년 8월 20일 18시,월요일,서울특별시 서대문구 연희동,경상사고,0,0,1,0,차대사람 - 기타,안전운전불이행,건조,맑음,단일로 - 기타,화물,남,43세,상해없음,보행자,여,70세,경상
2018082000100449,2018년 8월 20일 18시,월요일,서울특별시 송파구 마천동,경상사고,0,0,1,0,차대사람 - 기타,신호위반,건조,맑음,교차로 - 교차로부근,승용,남,52세,상해없음,보행자,여,79세,경상
2018082000100486,2018년 8월 20일 19시,월요일,서울특별시 관악구 봉천동,부상신고사고,0,0,0,1,차대사람 - 기타,안전운전불이행,건조,맑음,기타 - 기타,승합,남,59세,상해없음,보행자,여,83세,부상신고
2018082100100048,2018년 8월 21일 05시,화요일,서울특별시 송파구 가락동,중상사고,0,1,0,0,차대사람 - 횡단중,신호위반,젖음/습기,비,교차로 - 교차로안,승용,남,48세,상해없음,보행자,여,70세,중상
2018082100100182,2018년 8월 21일 10시,화요일,서울특별시 강서구 외발산동,경상사고,0,0,1,0,차대사람 - 보도통행중,신호위반,젖음/습기,비,교차로 - 교차로안,화물,남,51세,상해없음,보행자,여,69세,경상
2018082100100217,2018년 8월 21일 11시,화요일,서울특별시 관악구 봉천동,중상사고,0,1,0,0,차대사람 - 보도통행중,기타,건조,맑음,기타 - 기타,화물,남,33세,상해없음,보행자,여,67세,중상
2018082100100245,2018년 8월 21일 12시,화요일,서울특별시 종로구 창신동,경상사고,0,0,1,0,차대사람 - 길가장자리구역통행중,안전운전불이행,건조,맑음,단일로 - 기타,승용,남,58세,상해없음,보행자,여,66세,경상
2018082100100341,2018년 8월 21일 15시,화요일,서울특별시 강북구 수유동,경상사고,0,0,1,0,차대사람 - 차도통행중,안전운전불이행,건조,맑음,교차로 - 교차로부근,승용,여,48세,상해없음,보행자,여,70세,경상
2018082100100389,2018년 8월 21일 16시,화요일,서울특별시 동대문구 장안동,중상사고,0,1,0,0,차대사람 - 차도통행중,안전운전불이행,건조,맑음,기타 - 기타,승용,여,27세,상해없음,보행자,여,73세,중상
2018082100100397,2018년 8월 21일 16시,화요일,서울특별시 강남구 일원동,경상사고,0,0,1,0,차대사람 - 횡단중,보행자보호의무위반,건조,맑음,교차로 - 교차로횡단보도내,승용,여,64세,상해없음,보행자,남,69세,경상
2018082100100497,2018년 8월 21일 18시,화요일,서울특별시 광진구 군자동,중상사고,0,1,0,0,차대사람 - 횡단중,안전운전불이행,건조,맑음,단일로 - 기타,승용,남,63세,상해없음,보행자,여,75세,중상
2018082100100537,2018년 8월 21일 19시,화요일,서울특별시 관악구 봉천동,중상사고,0,1,0,0,차대사람 - 길가장자리구역통행중,안전운전불이행,건조,맑음,교차로 - 교차로안,승용,남,50세,상해없음,보행자,여,65세,중상
2018082100100568,2018년 8월 21일 20시,화요일,서울특별시 구로구 구로동,중상사고,0,1,0,0,차대사람 - 횡단중,안전운전불이행,건조,맑음,교차로 - 교차로부근,승용,남,63세,상해없음,보행자,여,65세,중상
2018082200100075,2018년 8월 22일 07시,수요일,서울특별시 종로구 창신동,중상사고,0,1,0,1,차대사람 - 기타,안전운전불이행,건조,맑음,단일로 - 기타,이륜,남,34세,부상신고,보행자,남,76세,중상
2018082200100215,2018년 8월 22일 11시,수요일,서울특별시 은평구 녹번동,사망사고,1,0,0,0,차대사람 - 횡단중,안전운전불이행,건조,맑음,단일로 - 기타,화물,남,62세,상해없음,보행자,여,77세,사망
2018082200100277,2018년 8월 22일 13시,수요일,서울특별시 강서구 화곡동,중상사고,0,1,0,0,차대사람 - 기타,안전운전불이행,건조,맑음,기타 - 기타,화물,남,44세,상해없음,보행자,남,65세,중상
2018082200100315,2018년 8월 22일 14시,수요일,서울특별시 동작구 대방동,중상사고,0,1,0,0,차대사람 - 횡단중,안전운전불이행,건조,맑음,단일로 - 기타,승용,남,65세,상해없음,보행자,여,67세,중상
2018082200100346,2018년 8월 22일 15시,수요일,서울특별시 동대문구 회기동,경상사고,0,0,1,0,차대사람 - 기타,안전운전불이행,건조,맑음,단일로 - 기타,승용,남,37세,상해없음,보행자,남,71세,경상
2018082200100647,2018년 8월 22일 23시,수요일,서울특별시 종로구 낙원동,부상신고사고,0,0,0,1,차대사람 - 길가장자리구역통행중,안전운전불이행,건조,맑음,단일로 - 기타,승용,남,32세,상해없음,보행자,남,77세,부상신고
2018082300100164,2018년 8월 23일 11시,목요일,서울특별시 관악구 신림동,경상사고,0,0,1,0,차대사람 - 횡단중,안전운전불이행,건조,맑음,교차로 - 교차로부근,기타불명,기타불명,미분류,기타불명,보행자,여,69세,경상
2018082300100185,2018년 8월 23일 12시,목요일,서울특별시 동작구 사당동,경상사고,0,0,1,0,차대사람 - 기타,안전운전불이행,건조,맑음,기타 - 기타,승용,남,54세,상해없음,보행자,남,65세,경상
2018082300100218,2018년 8월 23일 14시,목요일,서울특별시 종로구 숭인동,중상사고,0,1,0,0,차대사람 - 횡단중,안전운전불이행,건조,맑음,단일로 - 기타,승합,남,50세,상해없음,보행자,여,77세,중상
2018082400100112,2018년 8월 24일 09시,금요일,서울특별시 중구 신당동,중상사고,0,1,0,0,차대사람 - 보도통행중,보행자보호의무위반,건조,맑음,단일로 - 기타,승용,남,38세,상해없음,보행자,여,75세,중상
2018082400100264,2018년 8월 24일 14시,금요일,서울특별시 관악구 신림동,중상사고,0,1,0,0,차대사람 - 횡단중,신호위반,젖음/습기,비,단일로 - 기타,이륜,남,26세,상해없음,보행자,여,65세,중상
2018082500100282,2018년 8월 25일 13시,토요일,서울특별시 강남구 논현동,경상사고,0,0,1,0,차대사람 - 횡단중,안전운전불이행,건조,맑음,기타 - 기타,승용,여,63세,기타불명,보행자,남,76세,경상
2018082500100504,2018년 8월 25일 20시,토요일,서울특별시 강서구 방화동,경상사고,0,0,1,0,차대사람 - 횡단중,안전운전불이행,건조,맑음,단일로 - 기타,승용,남,28세,상해없음,보행자,남,67세,경상
2018082500100579,2018년 8월 25일 23시,토요일,서울특별시 강서구 화곡동,부상신고사고,0,0,0,1,차대사람 - 기타,안전운전불이행,건조,맑음,단일로 - 기타,승용,남,36세,상해없음,보행자,남,68세,부상신고
2018082500100582,2018년 8월 25일 23시,토요일,서울특별시 서초구 방배동,경상사고,0,0,1,0,차대사람 - 기타,안전운전불이행,건조,맑음,기타 - 기타,승용,남,53세,상해없음,보행자,남,69세,경상
2018082600100125,2018년 8월 26일 08시,일요일,서울특별시 강서구 가양동,경상사고,0,0,1,0,차대사람 - 횡단중,신호위반,건조,맑음,교차로 - 교차로안,승용,남,69세,상해없음,보행자,남,80세,경상
2018082600100144,2018년 8월 26일 09시,일요일,서울특별시 은평구 불광동,경상사고,0,0,1,0,차대사람 - 기타,안전운전불이행,건조,맑음,단일로 - 기타,화물,남,25세,상해없음,보행자,여,74세,경상
2018082600100214,2018년 8월 26일 13시,일요일,서울특별시 강동구 길동,중상사고,0,1,0,0,차대사람 - 횡단중,안전운전불이행,건조,맑음,교차로 - 교차로부근,승용,여,60세,상해없음,보행자,여,87세,중상
2018082600100446,2018년 8월 26일 21시,일요일,서울특별시 중랑구 면목동,중상사고,0,1,0,0,차대사람 - 기타,불법유턴,건조,맑음,교차로 - 교차로부근,승용,여,47세,상해없음,보행자,여,75세,중상
2018082600100447,2018년 8월 26일 21시,일요일,서울특별시 노원구 상계동,중상사고,0,1,0,0,차대사람 - 횡단중,안전운전불이행,젖음/습기,비,교차로 - 교차로안,화물,남,39세,상해없음,보행자,여,79세,중상
2018082700100072,2018년 8월 27일 06시,월요일,서울특별시 중랑구 면목동,경상사고,0,0,1,0,차대사람 - 차도통행중,안전운전불이행,젖음/습기,비,교차로 - 교차로안,화물,남,68세,상해없음,보행자,남,73세,경상
2018082700100254,2018년 8월 27일 11시,월요일,서울특별시 구로구 구로동,경상사고,0,0,1,0,차대사람 - 횡단중,신호위반,젖음/습기,비,교차로 - 교차로횡단보도내,화물,남,47세,상해없음,보행자,여,71세,경상
2018082700100362,2018년 8월 27일 15시,월요일,서울특별시 중랑구 상봉동,경상사고,0,0,1,0,차대사람 - 횡단중,안전운전불이행,건조,맑음,단일로 - 기타,자전거,남,78세,상해없음,보행자,남,84세,경상
2018082800100091,2018년 8월 28일 08시,화요일,서울특별시 강남구 대치동,중상사고,0,1,0,0,차대사람 - 기타,안전운전불이행,젖음/습기,맑음,교차로 - 교차로부근,승용,여,42세,기타불명,보행자,남,80세,중상
2018082800100235,2018년 8월 28일 13시,화요일,서울특별시 강남구 논현동,중상사고,0,1,0,0,차대사람 - 기타,안전운전불이행,젖음/습기,비,단일로 - 기타,승용,여,52세,상해없음,보행자,남,75세,중상
2018082800100238,2018년 8월 28일 13시,화요일,서울특별시 양천구 신정동,경상사고,0,0,1,0,차대사람 - 길가장자리구역통행중,안전운전불이행,젖음/습기,비,단일로 - 기타,승용,남,70세,상해없음,보행자,여,66세,경상
2018082800100335,2018년 8월 28일 16시,화요일,서울특별시 광진구 중곡동,중상사고,0,1,0,0,차대사람 - 길가장자리구역통행중,안전운전불이행,젖음/습기,비,교차로 - 교차로안,승용,남,48세,상해없음,보행자,남,70세,중상
2018082800100592,2018년 8월 28일 22시,화요일,서울특별시 송파구 방이동,중상사고,0,1,0,0,차대사람 - 횡단중,안전운전불이행,젖음/습기,비,기타 - 기타,승용,남,68세,상해없음,보행자,여,71세,중상
2018082900100138,2018년 8월 29일 09시,수요일,서울특별시 영등포구 여의도동,사망사고,1,0,0,0,차대사람 - 횡단중,신호위반,건조,맑음,교차로 - 교차로부근,화물,남,54세,상해없음,보행자,여,75세,사망
2018082900100192,2018년 8월 29일 11시,수요일,서울특별시 종로구 숭인동,부상신고사고,0,0,0,1,차대사람 - 기타,기타,건조,맑음,단일로 - 기타,개인형이동수단(PM),남,47세,상해없음,보행자,여,74세,부상신고
2018082900100222,2018년 8월 29일 12시,수요일,서울특별시 광진구 화양동,중상사고,0,1,0,0,차대사람 - 보도통행중,기타,젖음/습기,흐림,기타 - 기타,승용,여,43세,상해없음,보행자,여,77세,중상
2018082900100223,2018년 8월 29일 12시,수요일,서울특별시 동작구 신대방동,중상사고,0,1,0,0,차대사람 - 횡단중,안전운전불이행,건조,맑음,단일로 - 기타,화물,남,60세,상해없음,보행자,여,75세,중상
2018082900100253,2018년 8월 29일 13시,수요일,서울특별시 강남구 도곡동,중상사고,0,1,0,0,차대사람 - 횡단중,보행자보호의무위반,건조,맑음,단일로 - 기타,승용,남,48세,상해없음,보행자,남,69세,중상
2018082900100279,2018년 8월 29일 14시,수요일,서울특별시 서초구 서초동,중상사고,0,1,0,0,차대사람 - 기타,안전운전불이행,건조,맑음,단일로 - 기타,화물,남,44세,상해없음,보행자,남,86세,중상
2018082900100453,2018년 8월 29일 19시,수요일,서울특별시 용산구 한남동,중상사고,0,1,0,0,차대사람 - 횡단중,신호위반,젖음/습기,비,단일로 - 기타,이륜,남,20세,상해없음,보행자,남,77세,중상
2018082900100454,2018년 8월 29일 19시,수요일,서울특별시 동대문구 휘경동,중상사고,0,1,0,0,차대사람 - 횡단중,안전운전불이행,건조,맑음,교차로 - 교차로횡단보도내,승용,남,56세,상해없음,보행자,여,78세,중상
2018082900100455,2018년 8월 29일 19시,수요일,서울특별시 마포구 공덕동,중상사고,0,1,0,0,차대사람 - 횡단중,안전운전불이행,젖음/습기,비,교차로 - 교차로안,화물,남,46세,상해없음,보행자,여,67세,중상
2018083000100220,2018년 8월 30일 12시,목요일,서울특별시 중랑구 면목동,중상사고,0,1,0,0,차대사람 - 길가장자리구역통행중,안전운전불이행,건조,맑음,교차로 - 교차로안,승용,여,76세,상해없음,보행자,여,70세,중상
2018083000100221,2018년 8월 30일 12시,목요일,서울특별시 강서구 가양동,중상사고,0,1,0,0,차대사람 - 기타,안전운전불이행,건조,맑음,교차로 - 교차로안,승합,남,36세,상해없음,보행자,남,67세,중상
2018083100100067,2018년 8월 31일 05시,금요일,서울특별시 용산구 한남동,부상신고사고,0,0,0,1,차대사람 - 기타,안전운전불이행,건조,맑음,단일로 - 기타,기타불명,기타불명,미분류,기타불명,보행자,남,79세,부상신고
2018083100100209,2018년 8월 31일 11시,금요일,서울특별시 구로구 구로동,경상사고,0,0,1,0,차대사람 - 횡단중,보행자보호의무위반,건조,맑음,단일로 - 기타,승용,남,55세,상해없음,보행자,남,74세,경상
2018083100100261,2018년 8월 31일 13시,금요일,서울특별시 강동구 성내동,중상사고,0,1,0,0,차대사람 - 차도통행중,안전운전불이행,건조,맑음,교차로 - 교차로안,승용,여,60세,상해없음,보행자,여,69세,중상
2018083100100294,2018년 8월 31일 14시,금요일,서울특별시 강북구 미아동,중상사고,0,1,0,0,차대사람 - 기타,안전운전불이행,건조,맑음,단일로 - 기타,승합,남,55세,상해없음,보행자,여,73세,중상
2018083100100298,2018년 8월 31일 14시,금요일,서울특별시 영등포구 문래동4가,경상사고,0,0,1,0,차대사람 - 횡단중,보행자보호의무위반,건조,맑음,교차로 - 교차로안,화물,남,59세,상해없음,보행자,남,76세,경상
2018083100100361,2018년 8월 31일 16시,금요일,서울특별시 서대문구 홍은동,경상사고,0,0,1,0,차대사람 - 기타,기타,건조,맑음,단일로 - 기타,승합,남,59세,상해없음,보행자,남,68세,경상
2018083100100368,2018년 8월 31일 16시,금요일,서울특별시 강서구 화곡동,경상사고,0,0,1,0,차대사람 - 길가장자리구역통행중,안전운전불이행,건조,맑음,단일로 - 기타,승용,남,63세,상해없음,보행자,남,70세,경상
2018083100100372,2018년 8월 31일 16시,금요일,서울특별시 도봉구 창동,중상사고,0,1,0,0,차대사람 - 기타,안전운전불이행,건조,맑음,교차로 - 교차로안,승용,남,42세,상해없음,보행자,여,77세,중상
2018090100100058,2018년 9월 1일 03시,토요일,서울특별시 구로구 구로동,경상사고,0,0,1,0,차대사람 - 차도통행중,신호위반,건조,맑음,교차로 - 교차로안,승용,남,58세,상해없음,보행자,여,80세,경상
2018090100100083,2018년 9월 1일 05시,토요일,서울특별시 은평구 신사동,경상사고,0,0,1,0,차대사람 - 횡단중,안전운전불이행,건조,맑음,교차로 - 교차로부근,승용,남,59세,상해없음,보행자,여,69세,경상
2018090100100200,2018년 9월 1일 11시,토요일,서울특별시 은평구 신사동,중상사고,0,1,0,0,차대사람 - 횡단중,안전운전불이행,건조,맑음,단일로 - 기타,승용,남,54세,상해없음,보행자,여,66세,중상
2018090100100457,2018년 9월 1일 18시,토요일,서울특별시 용산구 한남동,경상사고,0,0,1,0,차대사람 - 기타,안전운전불이행,건조,맑음,교차로 - 교차로부근,화물,남,50세,상해없음,보행자,여,77세,경상
2018090100100464,2018년 9월 1일 18시,토요일,서울특별시 강동구 길동,중상사고,0,1,1,0,차대차 - 기타,안전운전불이행,건조,맑음,단일로 - 기타,특수,남,48세,상해없음,승용,여,50세,중상
2018090100100491,2018년 9월 1일 19시,토요일,서울특별시 종로구 행촌동,중상사고,0,1,0,0,차대사람 - 기타,안전운전불이행,건조,맑음,교차로 - 교차로부근,승용,여,45세,상해없음,보행자,남,67세,중상
2018090100100553,2018년 9월 1일 21시,토요일,서울특별시 동대문구 전농동,중상사고,0,1,0,0,차대사람 - 기타,안전운전불이행,건조,맑음,교차로 - 교차로부근,승합,남,50세,상해없음,보행자,남,70세,중상
2018090200100078,2018년 9월 2일 07시,일요일,서울특별시 강북구 수유동,경상사고,0,0,1,0,차대사람 - 기타,안전운전불이행,건조,맑음,단일로 - 기타,승용,남,53세,상해없음,보행자,여,71세,경상
2018090200100080,2018년 9월 2일 07시,일요일,서울특별시 금천구 독산동,중상사고,0,1,0,0,차대사람 - 횡단중,신호위반,건조,맑음,기타 - 기타,승용,남,75세,상해없음,보행자,남,74세,중상
2018090200100097,2018년 9월 2일 08시,일요일,서울특별시 은평구 대조동,중상사고,0,1,0,0,차대사람 - 기타,안전운전불이행,건조,맑음,단일로 - 기타,승용,여,32세,상해없음,보행자,여,77세,중상
2018090200100191,2018년 9월 2일 13시,일요일,서울특별시 서대문구 연희동,경상사고,0,0,1,0,차대사람 - 횡단중,안전운전불이행,건조,맑음,단일로 - 기타,승합,남,45세,상해없음,보행자,여,71세,경상
2018090200100254,2018년 9월 2일 15시,일요일,서울특별시 강서구 화곡동,경상사고,0,0,1,0,차대사람 - 횡단중,신호위반,건조,맑음,단일로 - 기타,승용,여,43세,상해없음,보행자,여,67세,경상
2018090200100306,2018년 9월 2일 17시,일요일,서울특별시 송파구 삼전동,중상사고,0,1,0,0,차대사람 - 차도통행중,안전운전불이행,건조,맑음,단일로 - 기타,승용,남,31세,상해없음,보행자,여,76세,중상
2018090200100399,2018년 9월 2일 20시,일요일,서울특별시 관악구 봉천동,경상사고,0,0,1,0,차대사람 - 차도통행중,안전운전불이행,건조,맑음,교차로 - 교차로안,승용,남,26세,상해없음,보행자,남,71세,경상
2018090200100442,2018년 9월 2일 22시,일요일,서울특별시 중랑구 망우동,중상사고,0,1,0,0,차대사람 - 기타,안전운전불이행,건조,맑음,교차로 - 교차로부근,화물,남,45세,상해없음,보행자,여,68세,중상
2018090300100042,2018년 9월 3일 06시,월요일,서울특별시 영등포구 영등포동5가,사망사고,1,2,0,0,차대사람 - 보도통행중,기타,건조,맑음,단일로 - 기타,승용,남,60세,상해없음,보행자,남,63세,중상
2018090300100044,2018년 9월 3일 06시,월요일,서울특별시 서초구 방배동,중상사고,0,1,0,0,차대사람 - 횡단중,안전운전불이행,건조,맑음,단일로 - 기타,이륜,남,51세,상해없음,보행자,남,68세,중상
2018090300100081,2018년 9월 3일 08시,월요일,서울특별시 중구 황학동,중상사고,0,1,0,0,차대사람 - 횡단중,안전운전불이행,건조,맑음,단일로 - 기타,화물,남,66세,상해없음,보행자,여,76세,중상
2018090300100084,2018년 9월 3일 08시,월요일,서울특별시 금천구 시흥동,경상사고,0,0,1,0,차대사람 - 횡단중,신호위반,건조,맑음,교차로 - 교차로횡단보도내,기타불명,기타불명,미분류,기타불명,보행자,여,81세,경상
2018090300100131,2018년 9월 3일 09시,월요일,서울특별시 동대문구 전농동,중상사고,0,1,0,0,차대사람 - 기타,안전운전불이행,젖음/습기,비,교차로 - 교차로안,승용,남,54세,상해없음,보행자,여,79세,중상
2018090300100136,2018년 9월 3일 09시,월요일,서울특별시 송파구 거여동,경상사고,0,0,1,0,차대사람 - 횡단중,신호위반,건조,맑음,교차로 - 교차로횡단보도내,승용,남,57세,상해없음,보행자,여,67세,경상
2018090300100203,2018년 9월 3일 11시,월요일,서울특별시 동대문구 전농동,중상사고,0,1,0,0,차대사람 - 횡단중,신호위반,젖음/습기,비,교차로 - 교차로횡단보도내,자전거,남,51세,상해없음,보행자,여,86세,중상
2018090300100236,2018년 9월 3일 12시,월요일,서울특별시 동작구 대방동,중상사고,0,1,0,0,차대사람 - 횡단중,안전운전불이행,건조,맑음,교차로 - 교차로부근,화물,남,66세,상해없음,보행자,여,72세,중상