사고번호,사고일시,요일,시군구,사고내용,사망자수,중상자수,경상자수,부상신고자수,사고유형,법규위반,노면상태,기상상태,도로형태,가해운전자 차종,가해운전자 성별,가해운전자 연령,가해운전자 상해정도,피해운전자 차종,피해운전자 성별,피해운전자 연령,피해운전자 상해정도
2018090300100364,2018년 9월 3일 16시,월요일,서울특별시 서대문구 북가좌동,부상신고사고,0,0,0,2,차대사람 - 횡단중,안전운전불이행,젖음/습기,비,단일로 - 기타,승용,남,33세,상해없음,보행자,남,79세,부상신고
2018090300100403,2018년 9월 3일 17시,월요일,서울특별시 강서구 화곡동,중상사고,0,1,0,0,차대사람 - 기타,보행자보호의무위반,젖음/습기,비,단일로 - 기타,승용,여,55세,상해없음,보행자,여,66세,중상
2018090300100501,2018년 9월 3일 19시,월요일,서울특별시 관악구 봉천동,경상사고,0,0,1,0,차대사람 - 횡단중,보행자보호의무위반,젖음/습기,비,교차로 - 교차로안,승용,남,72세,상해없음,보행자,여,81세,경상
2018090300100556,2018년 9월 3일 20시,월요일,서울특별시 동작구 신대방동,중상사고,0,1,0,0,차대사람 - 차도통행중,안전운전불이행,젖음/습기,비,단일로 - 기타,승합,남,50세,상해없음,보행자,남,83세,중상
2018090300100615,2018년 9월 3일 22시,월요일,서울특별시 성동구 마장동,경상사고,0,0,1,0,차대사람 - 횡단중,안전운전불이행,건조,맑음,교차로 - 교차로부근,승용,남,71세,상해없음,보행자,여,76세,경상
2018090400100057,2018년 9월 4일 05시,화요일,서울특별시 도봉구 방학동,경상사고,0,0,1,0,차대사람 - 횡단중,보행자보호의무위반,건조,맑음,교차로 - 교차로횡단보도내,승용,남,60세,상해없음,보행자,남,69세,경상
2018090400100068,2018년 9월 4일 07시,화요일,서울특별시 성북구 종암동,중상사고,0,1,0,0,차대사람 - 횡단중,보행자보호의무위반,건조,맑음,단일로 - 기타,승용,여,49세,상해없음,보행자,여,70세,중상
2018090400100135,2018년 9월 4일 09시,화요일,서울특별시 은평구 대조동,경상사고,0,0,1,0,차대사람 - 횡단중,안전운전불이행,건조,맑음,단일로 - 기타,승용,남,49세,상해없음,보행자,남,76세,경상
2018090400100260,2018년 9월 4일 13시,화요일,서울특별시 관악구 신림동,중상사고,0,1,0,0,차대차 - 기타,기타,기타,맑음,단일로 - 기타,화물,남,65세,상해없음,승합,남,53세,상해없음
2018090400100345,2018년 9월 4일 16시,화요일,서울특별시 성북구 장위동,중상사고,0,1,0,0,차대사람 - 기타,안전운전불이행,건조,맑음,단일로 - 기타,승용,남,76세,상해없음,보행자,남,74세,중상
2018090400100440,2018년 9월 4일 18시,화요일,서울특별시 영등포구 여의도동,경상사고,0,0,2,0,차대사람 - 횡단중,안전운전불이행,건조,맑음,단일로 - 기타,자전거,남,54세,경상,보행자,남,71세,경상
2018090400100442,2018년 9월 4일 18시,화요일,서울특별시 관악구 신림동,중상사고,0,1,0,0,차대사람 - 차도통행중,안전운전불이행,건조,맑음,단일로 - 기타,승용,남,71세,상해없음,보행자,여,72세,중상
2018090400100486,2018년 9월 4일 19시,화요일,서울특별시 강북구 수유동,경상사고,0,0,1,0,차대사람 - 기타,기타,건조,맑음,단일로 - 기타,승합,남,51세,기타불명,보행자,여,79세,경상
2018090400100523,2018년 9월 4일 20시,화요일,서울특별시 동작구 상도동,중상사고,0,1,0,0,차대사람 - 길가장자리구역통행중,안전운전불이행,건조,맑음,교차로 - 교차로부근,승용,남,67세,상해없음,보행자,여,67세,중상
2018090400100526,2018년 9월 4일 20시,화요일,서울특별시 노원구 월계동,경상사고,0,0,1,0,차대사람 - 차도통행중,안전운전불이행,건조,맑음,단일로 - 기타,승합,남,62세,상해없음,보행자,남,69세,경상
2018090500100065,2018년 9월 5일 06시,수요일,서울특별시 구로구 구로동,경상사고,0,0,1,0,차대사람 - 기타,안전운전불이행,건조,맑음,단일로 - 기타,승용,남,47세,상해없음,보행자,남,71세,경상
2018090500100113,2018년 9월 5일 08시,수요일,서울특별시 구로구 고척동,중상사고,0,1,0,0,차대사람 - 차도통행중,안전운전불이행,건조,맑음,단일로 - 기타,승용,남,54세,상해없음,보행자,여,68세,중상
2018090500100235,2018년 9월 5일 11시,수요일,서울특별시 중랑구 상봉동,중상사고,0,1,0,0,차대사람 - 기타,안전운전불이행,건조,맑음,단일로 - 기타,승용,남,37세,상해없음,보행자,여,70세,중상
2018090500100263,2018년 9월 5일 12시,수요일,서울특별시 양천구 신정동,경상사고,0,0,1,0,차대사람 - 기타,안전운전불이행,건조,맑음,단일로 - 기타,승용,남,49세,상해없음,보행자,여,71세,경상
2018090500100350,2018년 9월 5일 15시,수요일,서울특별시 은평구 불광동,중상사고,0,1,0,0,차대사람 - 차도통행중,안전운전불이행,건조,맑음,단일로 - 기타,승용,남,59세,상해없음,보행자,여,86세,중상
2018090500100496,2018년 9월 5일 18시,수요일,서울특별시 구로구 신도림동,중상사고,0,1,0,0,차대사람 - 횡단중,안전운전불이행,건조,맑음,단일로 - 기타,자전거,남,29세,상해없음,보행자,여,66세,중상
2018090500100500,2018년 9월 5일 18시,수요일,서울특별시 강남구 개포동,경상사고,0,0,2,0,차대사람 - 횡단중,안전운전불이행,건조,맑음,단일로 - 기타,자전거,남,34세,경상,보행자,여,68세,경상
2018090600100309,2018년 9월 6일 16시,목요일,서울특별시 용산구 문배동,중상사고,0,1,0,0,차대사람 - 차도통행중,안전운전불이행,건조,맑음,기타 - 기타,승합,남,62세,상해없음,보행자,여,84세,중상
2018090600100475,2018년 9월 6일 20시,목요일,서울특별시 광진구 중곡동,중상사고,0,1,0,0,차대사람 - 횡단중,안전운전불이행,건조,맑음,단일로 - 기타,이륜,남,18세,상해없음,보행자,남,65세,중상
2018090600100505,2018년 9월 6일 21시,목요일,서울특별시 서초구 잠원동,경상사고,0,0,1,0,차대사람 - 기타,안전운전불이행,건조,맑음,단일로 - 기타,자전거,여,27세,상해없음,보행자,남,77세,경상
2018090700100048,2018년 9월 7일 04시,금요일,서울특별시 마포구 노고산동,부상신고사고,0,0,0,1,차대사람 - 횡단중,안전운전불이행,건조,맑음,단일로 - 기타,승용,남,55세,상해없음,보행자,여,78세,부상신고
2018090700100092,2018년 9월 7일 07시,금요일,서울특별시 구로구 구로동,부상신고사고,0,0,0,1,차대사람 - 횡단중,신호위반,건조,맑음,교차로 - 교차로횡단보도내,승합,남,54세,상해없음,보행자,여,67세,부상신고
2018090700100131,2018년 9월 7일 08시,금요일,서울특별시 강서구 화곡동,중상사고,0,1,0,0,차대사람 - 기타,안전운전불이행,건조,맑음,단일로 - 기타,승용,여,66세,상해없음,보행자,여,87세,중상
2018090700100177,2018년 9월 7일 09시,금요일,서울특별시 동작구 대방동,중상사고,0,1,0,0,차대사람 - 기타,안전운전불이행,건조,맑음,단일로 - 기타,승합,남,60세,상해없음,보행자,여,73세,중상
2018090700100348,2018년 9월 7일 14시,금요일,서울특별시 양천구 신월동,중상사고,0,1,0,0,차대사람 - 기타,안전운전불이행,건조,맑음,교차로 - 교차로부근,화물,남,63세,상해없음,보행자,여,72세,중상
2018090800100159,2018년 9월 8일 09시,토요일,서울특별시 동대문구 휘경동,중상사고,0,1,0,0,차대사람 - 기타,기타,건조,맑음,교차로 - 교차로부근,승용,남,77세,상해없음,보행자,여,66세,중상
2018090800100162,2018년 9월 8일 09시,토요일,서울특별시 송파구 방이동,중상사고,0,1,0,0,차대사람 - 기타,안전운전불이행,건조,맑음,단일로 - 기타,승용,여,46세,상해없음,보행자,여,81세,중상
2018090800100220,2018년 9월 8일 11시,토요일,서울특별시 동작구 흑석동,중상사고,0,1,0,0,차대사람 - 횡단중,보행자보호의무위반,건조,맑음,단일로 - 기타,승용,남,59세,상해없음,보행자,남,69세,중상
2018090800100316,2018년 9월 8일 13시,토요일,서울특별시 구로구 구로동,중상사고,0,1,0,0,차대사람 - 차도통행중,안전운전불이행,건조,맑음,단일로 - 기타,승용,여,53세,상해없음,보행자,남,65세,중상
2018090800100345,2018년 9월 8일 14시,토요일,서울특별시 서대문구 북가좌동,경상사고,0,0,1,0,차대사람 - 기타,안전운전불이행,건조,맑음,단일로 - 기타,승용,남,43세,상해없음,보행자,남,82세,경상
2018090800100603,2018년 9월 8일 21시,토요일,서울특별시 서초구 양재동,부상신고사고,0,0,0,1,차대사람 - 기타,안전운전불이행,건조,맑음,단일로 - 기타,승합,남,67세,상해없음,보행자,여,75세,부상신고
2018090800100655,2018년 9월 8일 23시,토요일,서울특별시 영등포구 영등포동4가,경상사고,0,0,1,0,차대사람 - 기타,기타,건조,맑음,단일로 - 기타,승합,남,46세,상해없음,보행자,남,77세,경상
2018090900100254,2018년 9월 9일 14시,일요일,서울특별시 송파구 마천동,경상사고,0,0,1,0,차대사람 - 기타,안전운전불이행,건조,맑음,단일로 - 기타,승합,남,51세,상해없음,보행자,여,71세,경상
2018090900100293,2018년 9월 9일 15시,일요일,서울특별시 성북구 장위동,중상사고,0,1,0,0,차대사람 - 횡단중,안전운전불이행,건조,맑음,기타 - 기타,이륜,남,50세,상해없음,보행자,여,75세,중상
2018090900100480,2018년 9월 9일 21시,일요일,서울특별시 강북구 미아동,중상사고,0,1,0,0,차대사람 - 기타,안전운전불이행,건조,흐림,단일로 - 기타,승용,남,52세,상해없음,보행자,여,83세,중상
2018091000100179,2018년 9월 10일 09시,월요일,서울특별시 강동구 천호동,경상사고,0,0,1,0,차대사람 - 길가장자리구역통행중,안전운전불이행,건조,맑음,기타 - 기타,승용,여,59세,상해없음,보행자,여,65세,경상
2018091000100225,2018년 9월 10일 10시,월요일,서울특별시 서초구 서초동,경상사고,0,0,1,0,차대사람 - 보도통행중,기타,건조,맑음,단일로 - 기타,승용,여,56세,상해없음,보행자,남,79세,경상
2018091000100261,2018년 9월 10일 11시,월요일,서울특별시 노원구 중계동,중상사고,0,1,0,0,차대사람 - 기타,안전운전불이행,건조,맑음,기타 - 기타,승용,남,48세,상해없음,보행자,여,85세,중상
2018091000100284,2018년 9월 10일 12시,월요일,서울특별시 동대문구 전농동,경상사고,0,0,1,0,차대사람 - 기타,안전운전불이행,건조,맑음,기타 - 기타,승합,남,46세,상해없음,보행자,여,76세,경상
2018091000100292,2018년 9월 10일 12시,월요일,서울특별시 은평구 불광동,사망사고,1,0,0,0,차대사람 - 기타,안전운전불이행,건조,맑음,단일로 - 기타,화물,남,23세,상해없음,보행자,여,84세,사망
2018091000100353,2018년 9월 10일 14시,월요일,서울특별시 동대문구 휘경동,중상사고,0,1,0,0,차대사람 - 횡단중,안전운전불이행,건조,맑음,단일로 - 기타,이륜,남,33세,상해없음,보행자,남,81세,중상
2018091000100393,2018년 9월 10일 15시,월요일,서울특별시 동대문구 용두동,경상사고,0,0,1,0,차대사람 - 기타,안전운전불이행,건조,맑음,기타 - 기타,화물,남,60세,상해없음,보행자,여,81세,경상
2018091000100436,2018년 9월 10일 16시,월요일,서울특별시 서대문구 남가좌동,중상사고,0,1,0,0,차대사람 - 기타,안전운전불이행,건조,맑음,기타 - 기타,승용,여,53세,상해없음,보행자,여,86세,중상
2018091000100539,2018년 9월 10일 18시,월요일,서울특별시 중구 황학동,중상사고,0,1,0,0,차대사람 - 길가장자리구역통행중,안전운전불이행,건조,맑음,단일로 - 기타,승용,남,73세,상해없음,보행자,여,75세,중상
2018091000100589,2018년 9월 10일 19시,월요일,서울특별시 동대문구 장안동,중상사고,0,1,0,0,차대사람 - 횡단중,안전운전불이행,건조,맑음,단일로 - 기타,승용,남,56세,상해없음,보행자,여,71세,중상
2018091000100674,2018년 9월 10일 21시,월요일,서울특별시 성동구 옥수동,경상사고,0,0,1,0,차대사람 - 기타,안전운전불이행,건조,맑음,단일로 - 기타,승용,남,63세,상해없음,보행자,여,84세,경상
2018091100100047,2018년 9월 11일 05시,화요일,서울특별시 은평구 응암동,중상사고,0,1,0,0,차대사람 - 횡단중,신호위반,건조,맑음,교차로 - 교차로횡단보도내,이륜,남,26세,상해없음,보행자,남,74세,중상
2018091100100057,2018년 9월 11일 06시,화요일,서울특별시 은평구 갈현동,경상사고,0,0,1,0,차대사람 - 횡단중,신호위반,건조,맑음,교차로 - 교차로횡단보도내,승용,남,58세,상해없음,보행자,여,72세,경상
2018091100100207,2018년 9월 11일 11시,화요일,서울특별시 강동구 천호동,경상사고,0,0,1,0,차대사람 - 길가장자리구역통행중,신호위반,건조,맑음,단일로 - 기타,승용,남,52세,상해없음,보행자,남,69세,경상
2018091100100238,2018년 9월 11일 12시,화요일,서울특별시 마포구 아현동,중상사고,0,1,0,0,차대사람 - 기타,안전운전불이행,건조,맑음,기타 - 기타,승용,남,47세,상해없음,보행자,여,86세,중상
2018091100100294,2018년 9월 11일 14시,화요일,서울특별시 종로구 숭인동,중상사고,0,1,1,0,차대차 - 측면충돌,안전운전불이행,건조,맑음,단일로 - 기타,승용,남,71세,상해없음,승용,남,74세,경상
2018091100100427,2018년 9월 11일 18시,화요일,서울특별시 종로구 종로6가,경상사고,0,0,1,0,차대사람 - 횡단중,보행자보호의무위반,건조,맑음,단일로 - 기타,승용,남,71세,상해없음,보행자,여,67세,경상
2018091100100431,2018년 9월 11일 18시,화요일,서울특별시 중랑구 망우동,중상사고,0,1,0,0,차대사람 - 보도통행중,기타,건조,맑음,기타 - 기타,자전거,여,9세,상해없음,보행자,남,86세,중상
2018091100100470,2018년 9월 11일 19시,화요일,서울특별시 강동구 암사동,경상사고,0,0,1,0,차대사람 - 횡단중,신호위반,건조,맑음,교차로 - 교차로안,승용,남,37세,상해없음,보행자,남,66세,경상
2018091100100514,2018년 9월 11일 20시,화요일,서울특별시 강동구 길동,중상사고,0,1,0,0,차대차 - 기타,교차로운행방법위반,건조,맑음,교차로 - 교차로안,원동기,남,18세,상해없음,승용,여,56세,상해없음
2018091200100118,2018년 9월 12일 08시,수요일,서울특별시 양천구 신정동,중상사고,0,1,0,0,차대사람 - 횡단중,안전운전불이행,건조,맑음,교차로 - 교차로횡단보도내,승합,남,62세,상해없음,보행자,여,84세,중상
2018091200100254,2018년 9월 12일 11시,수요일,서울특별시 은평구 역촌동,중상사고,0,1,0,0,차대사람 - 횡단중,안전운전불이행,건조,맑음,교차로 - 교차로안,승용,여,64세,상해없음,보행자,남,77세,중상
2018091200100452,2018년 9월 12일 16시,수요일,서울특별시 양천구 신정동,중상사고,0,1,0,0,차대사람 - 기타,안전운전불이행,건조,맑음,교차로 - 교차로부근,승용,여,51세,상해없음,보행자,여,72세,중상
2018091200100602,2018년 9월 12일 19시,수요일,서울특별시 도봉구 창동,경상사고,0,0,1,0,차대사람 - 차도통행중,안전운전불이행,건조,맑음,단일로 - 기타,승용,여,57세,상해없음,보행자,남,74세,경상
2018091300100056,2018년 9월 13일 05시,목요일,서울특별시 동대문구 이문동,중상사고,0,1,0,0,차대사람 - 기타,안전운전불이행,건조,맑음,단일로 - 기타,자전거,남,43세,상해없음,보행자,남,72세,중상
2018091300100068,2018년 9월 13일 06시,목요일,서울특별시 광진구 구의동,중상사고,0,1,0,0,차대사람 - 기타,안전운전불이행,건조,맑음,교차로 - 교차로안,승용,남,60세,상해없음,보행자,남,80세,중상
2018091300100105,2018년 9월 13일 08시,목요일,서울특별시 성동구 성수동2가,사망사고,1,0,0,0,차대사람 - 횡단중,보행자보호의무위반,건조,맑음,교차로 - 교차로안,화물,남,62세,기타불명,보행자,여,73세,사망
2018091300100375,2018년 9월 13일 16시,목요일,서울특별시 종로구 신영동,경상사고,0,0,1,0,차대사람 - 보도통행중,기타,건조,맑음,기타 - 기타,자전거,남,61세,상해없음,보행자,여,77세,경상
2018091300100422,2018년 9월 13일 17시,목요일,서울특별시 종로구 부암동,중상사고,0,1,0,0,차대사람 - 차도통행중,안전운전불이행,건조,맑음,교차로 - 교차로부근,승용,남,62세,상해없음,보행자,남,74세,중상
2018091300100423,2018년 9월 13일 17시,목요일,서울특별시 동대문구 전농동,경상사고,0,0,1,0,차대사람 - 기타,안전운전불이행,건조,맑음,단일로 - 기타,승용,남,60세,상해없음,보행자,여,71세,경상
2018091400100068,2018년 9월 14일 04시,금요일,서울특별시 동작구 상도동,중상사고,0,1,0,0,차대사람 - 횡단중,안전운전불이행,건조,맑음,교차로 - 교차로횡단보도내,이륜,남,33세,상해없음,보행자,여,65세,중상
2018091400100087,2018년 9월 14일 06시,금요일,서울특별시 영등포구 신길동,중상사고,0,1,1,0,차대사람 - 보도통행중,기타,건조,맑음,단일로 - 기타,승용,남,22세,중상,보행자,남,68세,경상
2018091400100181,2018년 9월 14일 09시,금요일,서울특별시 구로구 구로동,경상사고,0,0,1,0,차대사람 - 기타,안전운전불이행,건조,맑음,단일로 - 기타,승용,남,69세,상해없음,보행자,남,65세,경상
2018091400100182,2018년 9월 14일 09시,금요일,서울특별시 은평구 불광동,중상사고,0,1,0,0,차대사람 - 길가장자리구역통행중,안전운전불이행,건조,맑음,단일로 - 기타,승합,남,63세,상해없음,보행자,남,80세,중상
2018091400100214,2018년 9월 14일 10시,금요일,서울특별시 서대문구 북가좌동,중상사고,0,1,0,0,차대사람 - 횡단중,중앙선침범,건조,맑음,단일로 - 기타,이륜,남,22세,상해없음,보행자,여,68세,중상
2018091400100341,2018년 9월 14일 14시,금요일,서울특별시 강남구 대치동,경상사고,0,0,1,0,차대사람 - 길가장자리구역통행중,안전운전불이행,건조,맑음,단일로 - 기타,승용,남,70세,상해없음,보행자,여,71세,경상
2018091400100376,2018년 9월 14일 15시,금요일,서울특별시 동대문구 답십리동,경상사고,0,0,1,0,차대사람 - 기타,안전운전불이행,건조,맑음,단일로 - 기타,승용,여,56세,상해없음,보행자,여,73세,경상
2018091400100450,2018년 9월 14일 17시,금요일,서울특별시 중랑구 면목동,중상사고,0,1,0,0,차대사람 - 기타,기타,건조,맑음,단일로 - 기타,승용,남,52세,상해없음,보행자,여,75세,중상
2018091400100455,2018년 9월 14일 17시,금요일,서울특별시 양천구 목동,경상사고,0,0,1,0,차대사람 - 기타,안전운전불이행,건조,맑음,단일로 - 기타,기타불명,기타불명,미분류,기타불명,보행자,남,76세,경상
2018091400100492,2018년 9월 14일 18시,금요일,서울특별시 관악구 봉천동,중상사고,0,1,0,0,차대사람 - 횡단중,안전운전불이행,건조,맑음,단일로 - 기타,승용,남,29세,상해없음,보행자,여,74세,중상
2018091400100603,2018년 9월 14일 20시,금요일,서울특별시 강서구 내발산동,중상사고,0,1,0,0,차대사람 - 횡단중,안전운전불이행,건조,맑음,교차로 - 교차로횡단보도내,승합,남,50세,상해없음,보행자,남,70세,중상
2018091500100082,2018년 9월 15일 05시,토요일,서울특별시 서초구 방배동,중상사고,0,1,0,0,차대사람 - 횡단중,안전운전불이행,건조,맑음,단일로 - 기타,화물,남,59세,상해없음,보행자,여,75세,중상
2018091500100192,2018년 9월 15일 10시,토요일,서울특별시 관악구 신림동,경상사고,0,0,1,0,차대사람 - 보도통행중,기타,건조,맑음,기타 - 기타,이륜,남,55세,기타불명,보행자,남,69세,경상
2018091500100369,2018년 9월 15일 15시,토요일,서울특별시 광진구 구의동,중상사고,0,1,0,0,차대사람 - 기타,안전운전불이행,건조,맑음,교차로 - 교차로부근,승용,남,50세,상해없음,보행자,남,74세,중상
2018091500100450,2018년 9월 15일 17시,토요일,서울특별시 강동구 성내동,경상사고,0,0,1,1,차대사람 - 횡단중,안전운전불이행,건조,맑음,단일로 - 기타,이륜,남,53세,부상신고,보행자,남,68세,경상
2018091500100521,2018년 9월 15일 19시,토요일,서울특별시 도봉구 방학동,중상사고,0,1,0,0,차대사람 - 횡단중,안전운전불이행,건조,맑음,단일로 - 기타,승용,남,35세,상해없음,보행자,여,76세,중상
2018091600100086,2018년 9월 16일 06시,일요일,서울특별시 송파구 잠실동,경상사고,0,0,1,0,차대사람 - 기타,기타,건조,맑음,기타 - 기타,승합,남,68세,상해없음,보행자,남,66세,경상
2018091600100152,2018년 9월 16일 10시,일요일,서울특별시 성북구 동선동2가,경상사고,0,0,1,0,차대사람 - 횡단중,안전운전불이행,건조,맑음,교차로 - 교차로횡단보도내,승용,남,66세,상해없음,보행자,여,75세,경상
2018091600100365,2018년 9월 16일 17시,일요일,서울특별시 중구 광희동2가,경상사고,0,0,1,0,차대사람 - 기타,안전운전불이행,젖음/습기,비,교차로 - 교차로안,승용,여,45세,상해없음,보행자,여,75세,경상
2018091700100033,2018년 9월 17일 05시,월요일,서울특별시 강서구 화곡동,경상사고,0,0,1,0,차대사람 - 길가장자리구역통행중,안전운전불이행,건조,맑음,교차로 - 교차로안,승용,남,59세,상해없음,보행자,여,70세,경상
2018091700100151,2018년 9월 17일 09시,월요일,서울특별시 금천구 독산동,중상사고,0,1,0,0,차대사람 - 횡단중,안전운전불이행,건조,맑음,단일로 - 기타,승용,남,37세,상해없음,보행자,여,71세,중상
2018091700100212,2018년 9월 17일 11시,월요일,서울특별시 광진구 중곡동,중상사고,0,1,0,0,차대사람 - 길가장자리구역통행중,안전운전불이행,건조,맑음,단일로 - 기타,승용,여,72세,상해없음,보행자,남,73세,중상
2018091700100330,2018년 9월 17일 15시,월요일,서울특별시 중구 신당동,중상사고,0,1,0,0,차대사람 - 기타,안전운전불이행,건조,맑음,단일로 - 기타,승용,남,44세,상해없음,보행자,남,69세,중상
2018091700100332,2018년 9월 17일 15시,월요일,서울특별시 관악구 봉천동,경상사고,0,0,1,0,차대차 - 추돌,안전운전불이행,건조,맑음,단일로 - 기타,승용,남,71세,상해없음,승용,남,33세,기타불명
2018091700100333,2018년 9월 17일 15시,월요일,서울특별시 구로구 구로동,사망사고,1,0,0,0,차대사람 - 횡단중,안전운전불이행,건조,맑음,교차로 - 교차로횡단보도내,승합,남,70세,상해없음,보행자,여,72세,사망
2018091700100518,2018년 9월 17일 19시,월요일,서울특별시 강서구 공항동,부상신고사고,0,0,0,1,차대사람 - 기타,안전운전불이행,건조,맑음,단일로 - 기타,승용,남,48세,상해없음,보행자,남,83세,부상신고
2018091700100522,2018년 9월 17일 19시,월요일,서울특별시 노원구 중계동,경상사고,0,0,1,0,차대사람 - 차도통행중,안전운전불이행,건조,흐림,교차로 - 교차로안,승용,남,25세,상해없음,보행자,여,82세,경상
2018091700100600,2018년 9월 17일 21시,월요일,서울특별시 중구 주교동,경상사고,0,0,1,0,차대사람 - 횡단중,안전운전불이행,건조,맑음,단일로 - 지하차도(도로)내,기타불명,기타불명,미분류,기타불명,보행자,남,82세,경상
2018091800100162,2018년 9월 18일 09시,화요일,서울특별시 서대문구 영천동,경상사고,0,0,1,0,차대사람 - 기타,안전운전불이행,건조,맑음,기타 - 기타,승합,남,65세,상해없음,보행자,남,75세,경상
2018091800100165,2018년 9월 18일 09시,화요일,서울특별시 관악구 봉천동,중상사고,0,1,0,0,차대사람 - 차도통행중,안전운전불이행,건조,맑음,단일로 - 기타,승용,남,60세,상해없음,보행자,남,73세,중상
2018091800100302,2018년 9월 18일 13시,화요일,서울특별시 성북구 정릉동,경상사고,0,0,1,0,차대사람 - 기타,안전운전불이행,건조,맑음,단일로 - 기타,승용,여,51세,상해없음,보행자,남,80세,경상
2018091800100371,2018년 9월 18일 15시,화요일,서울특별시 중구 신당동,중상사고,0,1,0,0,차대사람 - 길가장자리구역통행중,안전운전불이행,건조,맑음,단일로 - 기타,승합,남,52세,상해없음,보행자,여,70세,중상
2018091800100375,2018년 9월 18일 15시,화요일,서울특별시 송파구 방이동,중상사고,0,1,0,0,차대사람 - 기타,안전운전불이행,건조,맑음,기타 - 기타,승용,남,32세,상해없음,보행자,여,77세,중상
2018091800100468,2018년 9월 18일 17시,화요일,서울특별시 강북구 미아동,경상사고,0,0,1,0,차대사람 - 횡단중,안전운전불이행,건조,맑음,단일로 - 기타,승합,남,57세,상해없음,보행자,여,83세,경상
2018091800100471,2018년 9월 18일 17시,화요일,서울특별시 금천구 독산동,중상사고,0,1,0,0,차대사람 - 기타,안전운전불이행,건조,맑음,단일로 - 기타,승용,여,50세,상해없음,보행자,여,76세,중상
2018091800100473,2018년 9월 18일 17시,화요일,서울특별시 강남구 삼성동,경상사고,0,0,1,0,차대사람 - 보도통행중,보행자보호의무위반,젖음/습기,비,교차로 - 교차로안,승용,여,65세,상해없음,보행자,남,71세,경상
2018091800100555,2018년 9월 18일 19시,화요일,서울특별시 강북구 수유동,경상사고,0,0,1,0,차대사람 - 횡단중,보행자보호의무위반,건조,맑음,단일로 - 기타,승용,남,69세,상해없음,보행자,남,75세,경상
2018091800100558,2018년 9월 18일 19시,화요일,서울특별시 강서구 염창동,사망사고,1,0,0,0,차대사람 - 횡단중,신호위반,건조,맑음,교차로 - 교차로안,승합,남,57세,상해없음,보행자,남,68세,사망
2018091900100107,2018년 9월 19일 08시,수요일,서울특별시 광진구 자양동,중상사고,0,1,0,0,차대사람 - 차도통행중,안전운전불이행,건조,맑음,교차로 - 교차로부근,자전거,여,65세,상해없음,보행자,여,72세,중상
2018091900100239,2018년 9월 19일 12시,수요일,서울특별시 중구 서소문동,중상사고,0,1,0,0,차대사람 - 횡단중,신호위반,건조,맑음,단일로 - 기타,승용,남,70세,상해없음,보행자,여,68세,중상
2018091900100240,2018년 9월 19일 12시,수요일,서울특별시 서대문구 홍제동,경상사고,0,0,1,0,차대사람 - 차도통행중,안전운전불이행,건조,맑음,단일로 - 기타,승용,여,72세,상해없음,보행자,여,72세,경상
2018091900100248,2018년 9월 19일 12시,수요일,서울특별시 서초구 서초동,중상사고,0,1,0,0,차대사람 - 기타,안전운전불이행,건조,맑음,주차장 - 주차장,승용,남,50세,상해없음,보행자,남,77세,중상
2018091900100279,2018년 9월 19일 13시,수요일,서울특별시 동대문구 전농동,경상사고,0,0,1,0,차대사람 - 기타,안전운전불이행,건조,맑음,단일로 - 기타,승합,남,58세,상해없음,보행자,남,69세,경상
2018091900100281,2018년 9월 19일 13시,수요일,서울특별시 동작구 노량진동,경상사고,0,0,1,0,차대사람 - 기타,기타,건조,맑음,단일로 - 기타,화물,남,72세,상해없음,보행자,여,66세,경상
2018091900100314,2018년 9월 19일 14시,수요일,서울특별시 광진구 구의동,경상사고,0,0,1,0,차대사람 - 횡단중,안전운전불이행,건조,맑음,미분류 - 미분류,승합,남,44세,상해없음,보행자,여,76세,경상
2018091900100419,2018년 9월 19일 17시,수요일,서울특별시 강남구 역삼동,경상사고,0,0,2,0,차대사람 - 길가장자리구역통행중,안전운전불이행,기타,맑음,교차로 - 교차로부근,승용,남,29세,상해없음,보행자,남,67세,경상
2018091900100460,2018년 9월 19일 18시,수요일,서울특별시 동작구 사당동,중상사고,0,1,0,0,차대사람 - 길가장자리구역통행중,안전운전불이행,건조,맑음,교차로 - 교차로안,자전거,남,49세,상해없음,보행자,남,69세,중상
2018091900100603,2018년 9월 19일 21시,수요일,서울특별시 동작구 상도동,경상사고,0,0,1,0,차대사람 - 차도통행중,안전운전불이행,젖음/습기,비,교차로 - 교차로부근,승용,남,38세,상해없음,보행자,남,83세,경상
2018092000100045,2018년 9월 20일 03시,목요일,서울특별시 양천구 신정동,중상사고,0,1,0,0,차대사람 - 기타,안전운전불이행,건조,맑음,단일로 - 기타,승용,남,45세,상해없음,보행자,여,85세,중상
2018092000100175,2018년 9월 20일 09시,목요일,서울특별시 노원구 하계동,중상사고,0,1,0,0,차대사람 - 횡단중,안전운전불이행,젖음/습기,비,교차로 - 교차로안,승용,여,53세,상해없음,보행자,남,68세,중상
2018092000100204,2018년 9월 20일 10시,목요일,서울특별시 성북구 장위동,중상사고,0,1,0,0,차대사람 - 횡단중,안전운전불이행,젖음/습기,비,단일로 - 기타,승용,남,44세,상해없음,보행자,여,81세,중상
2018092000100229,2018년 9월 20일 11시,목요일,서울특별시 영등포구 여의도동,중상사고,0,1,0,0,차대사람 - 횡단중,신호위반,젖음/습기,비,단일로 - 기타,승용,여,35세,상해없음,보행자,여,65세,중상