사고번호,사고일시,요일,시군구,사고내용,사망자수,중상자수,경상자수,부상신고자수,사고유형,법규위반,노면상태,기상상태,도로형태,가해운전자 차종,가해운전자 성별,가해운전자 연령,가해운전자 상해정도,피해운전자 차종,피해운전자 성별,피해운전자 연령,피해운전자 상해정도
2018101100100388,2018년 10월 11일 17시,목요일,서울특별시 용산구 용문동,경상사고,0,0,1,0,차대사람 - 기타,안전운전불이행,건조,맑음,단일로 - 기타,승용,남,33세,기타불명,보행자,남,69세,경상
2018101100100522,2018년 10월 11일 20시,목요일,서울특별시 용산구 이태원동,중상사고,0,1,0,0,차대사람 - 기타,안전운전불이행,건조,맑음,단일로 - 기타,승용,남,44세,상해없음,보행자,여,78세,중상
2018101100100524,2018년 10월 11일 20시,목요일,서울특별시 동대문구 용두동,중상사고,0,1,0,0,차대사람 - 횡단중,보행자보호의무위반,건조,맑음,단일로 - 기타,승용,남,55세,기타불명,보행자,남,79세,중상
2018101100100527,2018년 10월 11일 20시,목요일,서울특별시 송파구 마천동,중상사고,0,1,0,0,차대사람 - 기타,안전운전불이행,건조,흐림,단일로 - 기타,승용,여,48세,상해없음,보행자,여,78세,중상
2018101200100074,2018년 10월 12일 07시,금요일,서울특별시 도봉구 도봉동,중상사고,0,1,0,0,차대사람 - 기타,안전운전불이행,건조,맑음,교차로 - 교차로안,승용,남,42세,상해없음,보행자,여,70세,중상
2018101200100100,2018년 10월 12일 08시,금요일,서울특별시 광진구 군자동,경상사고,0,0,1,0,차대사람 - 길가장자리구역통행중,중앙선침범,건조,맑음,단일로 - 기타,자전거,남,15세,상해없음,보행자,여,76세,경상
2018101200100153,2018년 10월 12일 09시,금요일,서울특별시 중랑구 면목동,경상사고,0,0,1,0,차대사람 - 길가장자리구역통행중,안전운전불이행,건조,맑음,교차로 - 교차로안,이륜,남,61세,상해없음,보행자,여,77세,경상
2018101200100155,2018년 10월 12일 09시,금요일,서울특별시 서초구 서초동,중상사고,0,1,0,0,차대사람 - 기타,보행자보호의무위반,건조,맑음,단일로 - 기타,화물,남,39세,상해없음,보행자,여,69세,중상
2018101200100184,2018년 10월 12일 10시,금요일,서울특별시 양천구 목동,경상사고,0,0,1,0,차대사람 - 기타,안전운전불이행,건조,맑음,교차로 - 교차로부근,승용,남,46세,상해없음,보행자,여,66세,경상
2018101200100293,2018년 10월 12일 13시,금요일,서울특별시 도봉구 쌍문동,경상사고,0,0,1,0,차대사람 - 횡단중,안전운전불이행,건조,맑음,단일로 - 기타,승용,남,34세,상해없음,보행자,남,77세,경상
2018101200100359,2018년 10월 12일 15시,금요일,서울특별시 중랑구 면목동,경상사고,0,0,1,0,차대사람 - 기타,안전운전불이행,건조,맑음,기타 - 기타,승용,여,53세,상해없음,보행자,여,70세,경상
2018101200100362,2018년 10월 12일 15시,금요일,서울특별시 노원구 하계동,중상사고,0,1,0,0,차대사람 - 보도통행중,안전운전불이행,건조,맑음,단일로 - 기타,기타불명,기타불명,미분류,기타불명,보행자,여,70세,중상
2018101200100558,2018년 10월 12일 19시,금요일,서울특별시 용산구 서빙고동,중상사고,0,1,0,0,차대사람 - 횡단중,안전운전불이행,건조,맑음,단일로 - 기타,승용,남,65세,상해없음,보행자,여,75세,중상
2018101300100174,2018년 10월 13일 10시,토요일,서울특별시 강북구 미아동,중상사고,0,1,0,0,차대사람 - 횡단중,안전운전불이행,건조,맑음,교차로 - 교차로부근,화물,남,37세,상해없음,보행자,여,73세,중상
2018101300100465,2018년 10월 13일 18시,토요일,서울특별시 서대문구 냉천동,부상신고사고,0,0,0,1,차대사람 - 횡단중,보행자보호의무위반,건조,맑음,교차로 - 교차로횡단보도내,이륜,남,17세,상해없음,보행자,남,74세,부상신고
2018101300100467,2018년 10월 13일 18시,토요일,서울특별시 송파구 잠실동,경상사고,0,0,1,0,차대사람 - 횡단중,신호위반,건조,맑음,교차로 - 교차로횡단보도내,승용,여,35세,상해없음,보행자,남,68세,경상
2018101300100503,2018년 10월 13일 19시,토요일,서울특별시 은평구 응암동,경상사고,0,0,1,0,차대사람 - 차도통행중,안전운전불이행,건조,맑음,교차로 - 교차로안,승용,여,40세,상해없음,보행자,여,72세,경상
2018101400100058,2018년 10월 14일 05시,일요일,서울특별시 강북구 미아동,중상사고,0,1,0,0,차대사람 - 차도통행중,안전운전불이행,건조,맑음,교차로 - 교차로안,이륜,남,25세,상해없음,보행자,남,71세,중상
2018101400100103,2018년 10월 14일 09시,일요일,서울특별시 강북구 번동,중상사고,0,1,0,0,차대사람 - 횡단중,보행자보호의무위반,건조,맑음,교차로 - 교차로부근,승용,남,53세,상해없음,보행자,남,69세,중상
2018101400100271,2018년 10월 14일 16시,일요일,서울특별시 서초구 신원동,중상사고,0,1,1,0,차대차 - 측면충돌,신호위반,건조,맑음,교차로 - 교차로안,승용,여,47세,상해없음,승합,남,60세,중상
2018101500100180,2018년 10월 15일 11시,월요일,서울특별시 강동구 성내동,경상사고,0,0,1,0,차대사람 - 횡단중,안전운전불이행,건조,맑음,단일로 - 기타,승용,여,66세,상해없음,보행자,남,82세,경상
2018101500100208,2018년 10월 15일 12시,월요일,서울특별시 노원구 상계동,사망사고,1,0,0,0,차대사람 - 보도통행중,기타,건조,맑음,단일로 - 기타,승용,여,42세,상해없음,보행자,여,73세,사망
2018101500100262,2018년 10월 15일 14시,월요일,서울특별시 영등포구 영등포동4가,경상사고,0,0,1,0,차대사람 - 기타,안전운전불이행,건조,맑음,기타 - 기타,승용,여,59세,기타불명,보행자,남,71세,경상
2018101500100409,2018년 10월 15일 18시,월요일,서울특별시 금천구 시흥동,중상사고,0,1,0,0,차대사람 - 기타,안전운전불이행,건조,맑음,단일로 - 기타,화물,남,39세,상해없음,보행자,여,76세,중상
2018101600100048,2018년 10월 16일 05시,화요일,서울특별시 노원구 하계동,중상사고,0,1,0,0,차대사람 - 횡단중,안전운전불이행,건조,맑음,교차로 - 교차로부근,화물,남,37세,상해없음,보행자,여,67세,중상
2018101600100120,2018년 10월 16일 09시,화요일,서울특별시 관악구 신림동,경상사고,0,0,1,0,차대사람 - 차도통행중,중앙선침범,건조,맑음,단일로 - 기타,기타불명,기타불명,미분류,기타불명,보행자,여,68세,경상
2018101600100175,2018년 10월 16일 11시,화요일,서울특별시 서대문구 창천동,경상사고,0,0,1,0,차대사람 - 횡단중,신호위반,건조,맑음,단일로 - 기타,이륜,남,24세,상해없음,보행자,남,77세,경상
2018101600100207,2018년 10월 16일 12시,화요일,서울특별시 강남구 삼성동,경상사고,0,0,1,0,차대사람 - 기타,보행자보호의무위반,건조,맑음,교차로 - 교차로횡단보도내,승용,여,62세,상해없음,보행자,여,70세,경상
2018101600100274,2018년 10월 16일 14시,화요일,서울특별시 동작구 사당동,중상사고,0,1,0,0,차대사람 - 차도통행중,안전운전불이행,건조,맑음,단일로 - 기타,승용,여,29세,상해없음,보행자,여,76세,중상
2018101600100497,2018년 10월 16일 19시,화요일,서울특별시 양천구 목동,중상사고,0,1,0,0,차대사람 - 차도통행중,안전운전불이행,건조,맑음,단일로 - 기타,이륜,남,21세,상해없음,보행자,여,71세,중상
2018101700100041,2018년 10월 17일 05시,수요일,서울특별시 동대문구 답십리동,중상사고,0,1,0,0,차대사람 - 기타,안전운전불이행,건조,맑음,단일로 - 기타,이륜,남,37세,상해없음,보행자,여,74세,중상
2018101700100083,2018년 10월 17일 08시,수요일,서울특별시 구로구 오류동,부상신고사고,0,0,0,1,차대사람 - 기타,기타,건조,맑음,단일로 - 기타,승용,남,52세,상해없음,보행자,여,65세,부상신고
2018101700100127,2018년 10월 17일 09시,수요일,서울특별시 강남구 역삼동,경상사고,0,0,1,0,차대사람 - 기타,보행자보호의무위반,건조,맑음,교차로 - 교차로부근,승용,여,51세,상해없음,보행자,여,75세,경상
2018101700100231,2018년 10월 17일 12시,수요일,서울특별시 동작구 사당동,경상사고,0,0,1,0,차대사람 - 보도통행중,기타,건조,맑음,단일로 - 기타,승용,남,29세,상해없음,보행자,여,67세,경상
2018101700100233,2018년 10월 17일 12시,수요일,서울특별시 송파구 풍납동,중상사고,0,1,0,0,차대사람 - 기타,안전운전불이행,건조,맑음,단일로 - 기타,화물,남,47세,상해없음,보행자,여,80세,중상
2018101700100259,2018년 10월 17일 13시,수요일,서울특별시 도봉구 쌍문동,중상사고,0,1,0,0,차대사람 - 횡단중,안전운전불이행,건조,맑음,단일로 - 기타,승용,여,57세,상해없음,보행자,여,68세,중상
2018101700100353,2018년 10월 17일 15시,수요일,서울특별시 금천구 독산동,중상사고,0,1,0,0,차대사람 - 기타,안전운전불이행,건조,맑음,교차로 - 교차로안,화물,남,47세,상해없음,보행자,여,73세,중상
2018101700100357,2018년 10월 17일 15시,수요일,서울특별시 노원구 하계동,경상사고,0,0,1,0,차대사람 - 차도통행중,안전운전불이행,건조,맑음,교차로 - 교차로부근,승용,남,57세,상해없음,보행자,여,66세,경상
2018101700100358,2018년 10월 17일 15시,수요일,서울특별시 은평구 대조동,중상사고,0,1,0,0,차대사람 - 기타,안전운전불이행,건조,맑음,단일로 - 기타,건설기계,남,57세,상해없음,보행자,여,79세,중상
2018101700100389,2018년 10월 17일 16시,수요일,서울특별시 동대문구 청량리동,중상사고,0,1,0,0,차대사람 - 기타,안전운전불이행,건조,맑음,단일로 - 기타,승용,여,60세,상해없음,보행자,여,83세,중상
2018101700100392,2018년 10월 17일 16시,수요일,서울특별시 성북구 장위동,중상사고,0,1,0,0,차대사람 - 차도통행중,안전운전불이행,건조,맑음,단일로 - 기타,화물,남,64세,상해없음,보행자,남,79세,중상
2018101700100543,2018년 10월 17일 19시,수요일,서울특별시 송파구 가락동,경상사고,0,0,1,0,차대사람 - 횡단중,안전운전불이행,건조,맑음,단일로 - 기타,승용,남,56세,상해없음,보행자,여,69세,경상
2018101700100576,2018년 10월 17일 20시,수요일,서울특별시 성북구 정릉동,사망사고,1,0,0,0,차대사람 - 횡단중,신호위반,건조,맑음,교차로 - 교차로안,화물,남,60세,상해없음,보행자,여,78세,사망
2018101800100134,2018년 10월 18일 09시,목요일,서울특별시 종로구 평창동,중상사고,0,1,0,0,차대사람 - 횡단중,안전운전불이행,건조,맑음,단일로 - 기타,승용,남,79세,상해없음,보행자,여,90세 이상,중상
2018101800100419,2018년 10월 18일 17시,목요일,서울특별시 서대문구 홍제동,경상사고,0,0,1,0,차대사람 - 횡단중,교차로운행방법위반,건조,맑음,교차로 - 교차로부근,이륜,남,50세,상해없음,보행자,여,72세,경상
2018101800100426,2018년 10월 18일 17시,목요일,서울특별시 서초구 서초동,중상사고,0,1,0,0,차대사람 - 차도통행중,안전운전불이행,건조,맑음,교차로 - 교차로안,승용,남,38세,상해없음,보행자,남,75세,중상
2018101800100586,2018년 10월 18일 20시,목요일,서울특별시 영등포구 영등포동7가,부상신고사고,0,0,0,1,차대사람 - 길가장자리구역통행중,안전운전불이행,건조,맑음,교차로 - 교차로안,승용,여,41세,상해없음,보행자,남,67세,부상신고
2018101900100156,2018년 10월 19일 09시,금요일,서울특별시 성북구 길음동,경상사고,0,0,1,0,차대사람 - 횡단중,안전운전불이행,건조,맑음,단일로 - 기타,승용,남,53세,상해없음,보행자,여,68세,경상
2018101900100239,2018년 10월 19일 11시,금요일,서울특별시 은평구 대조동,중상사고,0,1,0,0,차대사람 - 기타,기타,건조,맑음,교차로 - 교차로부근,승합,남,68세,상해없음,보행자,여,68세,중상
2018101900100329,2018년 10월 19일 13시,금요일,서울특별시 강동구 성내동,중상사고,0,1,0,0,차대사람 - 횡단중,안전운전불이행,건조,맑음,교차로 - 교차로횡단보도내,승용,여,67세,기타불명,보행자,여,66세,중상
2018101900100550,2018년 10월 19일 18시,금요일,서울특별시 서대문구 북가좌동,중상사고,0,1,0,0,차대사람 - 횡단중,안전운전불이행,건조,맑음,교차로 - 교차로안,승용,남,59세,상해없음,보행자,남,90세 이상,중상
2018101900100552,2018년 10월 19일 18시,금요일,서울특별시 강북구 번동,중상사고,0,1,0,0,차대사람 - 횡단중,신호위반,건조,맑음,교차로 - 교차로안,승용,남,29세,상해없음,보행자,여,69세,중상
2018102000100201,2018년 10월 20일 10시,토요일,서울특별시 관악구 신림동,중상사고,0,1,0,0,차대사람 - 횡단중,보행자보호의무위반,건조,맑음,교차로 - 교차로안,화물,남,38세,상해없음,보행자,여,76세,중상
2018102000100207,2018년 10월 20일 10시,토요일,서울특별시 서초구 방배동,중상사고,0,1,0,0,차대사람 - 횡단중,보행자보호의무위반,건조,맑음,단일로 - 기타,승합,남,51세,상해없음,보행자,여,69세,중상
2018102000100460,2018년 10월 20일 16시,토요일,서울특별시 도봉구 도봉동,부상신고사고,0,0,0,1,차대사람 - 횡단중,보행자보호의무위반,건조,맑음,교차로 - 교차로횡단보도내,기타불명,기타불명,미분류,기타불명,보행자,여,76세,부상신고
2018102000100461,2018년 10월 20일 16시,토요일,서울특별시 강남구 일원동,경상사고,0,0,1,0,차대사람 - 차도통행중,신호위반,건조,맑음,교차로 - 교차로안,승용,여,48세,상해없음,보행자,남,72세,경상
2018102000100503,2018년 10월 20일 17시,토요일,서울특별시 성북구 안암동4가,중상사고,0,1,0,0,차대사람 - 횡단중,보행자보호의무위반,건조,맑음,교차로 - 교차로횡단보도내,승용,남,62세,상해없음,보행자,여,86세,중상
2018102000100626,2018년 10월 20일 19시,토요일,서울특별시 중랑구 면목동,경상사고,0,0,1,0,차대사람 - 횡단중,안전운전불이행,건조,맑음,교차로 - 교차로안,승용,남,62세,상해없음,보행자,여,76세,경상
2018102100100209,2018년 10월 21일 13시,일요일,서울특별시 용산구 동자동,경상사고,0,0,1,0,차대사람 - 횡단중,안전운전불이행,건조,맑음,단일로 - 기타,승용,여,62세,상해없음,보행자,남,72세,경상
2018102100100210,2018년 10월 21일 13시,일요일,서울특별시 동대문구 제기동,경상사고,0,0,1,0,차대사람 - 길가장자리구역통행중,안전운전불이행,건조,맑음,단일로 - 기타,승용,여,62세,상해없음,보행자,여,68세,경상
2018102100100312,2018년 10월 21일 16시,일요일,서울특별시 관악구 봉천동,경상사고,0,0,1,0,차대사람 - 차도통행중,안전운전불이행,건조,맑음,교차로 - 교차로안,승용,남,47세,상해없음,보행자,여,80세,경상
2018102100100387,2018년 10월 21일 18시,일요일,서울특별시 종로구 창신동,부상신고사고,0,0,0,1,차대사람 - 횡단중,안전운전불이행,건조,맑음,단일로 - 기타,승용,남,40세,상해없음,보행자,여,72세,부상신고
2018102100100477,2018년 10월 21일 20시,일요일,서울특별시 서대문구 연희동,중상사고,0,1,0,0,차대사람 - 보도통행중,안전운전불이행,건조,맑음,교차로 - 교차로횡단보도내,승용,남,27세,상해없음,보행자,남,71세,중상
2018102100100537,2018년 10월 21일 22시,일요일,서울특별시 구로구 가리봉동,경상사고,0,0,1,0,차대사람 - 기타,안전운전불이행,건조,맑음,단일로 - 기타,승합,남,59세,상해없음,보행자,여,75세,경상
2018102200100028,2018년 10월 22일 05시,월요일,서울특별시 서대문구 홍제동,중상사고,0,1,0,0,차대사람 - 기타,신호위반,건조,맑음,단일로 - 기타,승용,남,64세,상해없음,보행자,여,69세,중상
2018102200100108,2018년 10월 22일 09시,월요일,서울특별시 서대문구 창천동,부상신고사고,0,0,0,1,차대사람 - 기타,안전운전불이행,건조,맑음,교차로 - 교차로부근,화물,남,56세,상해없음,보행자,남,73세,부상신고
2018102200100143,2018년 10월 22일 10시,월요일,서울특별시 영등포구 신길동,경상사고,0,0,1,0,차대사람 - 기타,안전운전불이행,건조,맑음,단일로 - 기타,승용,여,60세,상해없음,보행자,남,70세,경상
2018102200100145,2018년 10월 22일 10시,월요일,서울특별시 송파구 오금동,중상사고,0,1,0,0,차대사람 - 차도통행중,안전운전불이행,건조,맑음,단일로 - 기타,화물,남,45세,상해없음,보행자,여,75세,중상
2018102200100185,2018년 10월 22일 11시,월요일,서울특별시 관악구 신림동,중상사고,0,1,0,0,차대사람 - 횡단중,안전운전불이행,기타,맑음,교차로 - 교차로안,승용,남,53세,상해없음,보행자,남,79세,중상
2018102200100268,2018년 10월 22일 14시,월요일,서울특별시 동작구 신대방동,중상사고,0,1,0,0,차대사람 - 횡단중,보행자보호의무위반,건조,맑음,교차로 - 교차로횡단보도내,승용,남,72세,상해없음,보행자,여,72세,중상
2018102200100522,2018년 10월 22일 20시,월요일,서울특별시 서대문구 남가좌동,경상사고,0,0,1,0,차대사람 - 횡단중,안전운전불이행,건조,맑음,단일로 - 기타,원동기,남,44세,상해없음,보행자,여,76세,경상
2018102300100028,2018년 10월 23일 03시,화요일,서울특별시 강동구 천호동,중상사고,0,1,0,0,차대사람 - 횡단중,안전운전불이행,건조,맑음,교차로 - 교차로부근,승용,남,62세,상해없음,보행자,남,77세,중상
2018102300100240,2018년 10월 23일 12시,화요일,서울특별시 구로구 구로동,중상사고,0,2,2,0,차대차 - 정면충돌,안전거리미확보,건조,맑음,교차로 - 교차로부근,원동기,남,64세,중상,화물,남,67세,상해없음
2018102300100349,2018년 10월 23일 16시,화요일,서울특별시 영등포구 신길동,중상사고,0,1,0,0,차대사람 - 기타,안전운전불이행,건조,맑음,기타 - 기타,승용,여,39세,기타불명,보행자,남,76세,중상
2018102300100430,2018년 10월 23일 18시,화요일,서울특별시 송파구 잠실동,중상사고,0,1,0,0,차대사람 - 기타,기타,건조,맑음,단일로 - 기타,승합,남,53세,상해없음,보행자,여,69세,중상
2018102300100606,2018년 10월 23일 23시,화요일,서울특별시 서대문구 연희동,경상사고,0,0,1,0,차대사람 - 기타,안전운전불이행,건조,맑음,교차로 - 교차로안,승용,여,31세,상해없음,보행자,남,69세,경상
2018102400100150,2018년 10월 24일 09시,수요일,서울특별시 중랑구 묵동,중상사고,0,1,0,0,차대사람 - 기타,안전운전불이행,건조,맑음,단일로 - 기타,건설기계,남,27세,상해없음,보행자,여,82세,중상
2018102400100227,2018년 10월 24일 11시,수요일,서울특별시 영등포구 여의도동,경상사고,0,0,1,0,차대사람 - 기타,안전운전불이행,건조,맑음,기타 - 기타,이륜,남,59세,상해없음,보행자,여,72세,경상
2018102400100374,2018년 10월 24일 15시,수요일,서울특별시 서대문구 연희동,중상사고,0,1,0,0,차대사람 - 기타,안전운전불이행,건조,맑음,단일로 - 기타,승합,남,41세,상해없음,보행자,남,71세,중상
2018102400100583,2018년 10월 24일 19시,수요일,서울특별시 강북구 수유동,경상사고,0,0,1,0,차대사람 - 기타,안전운전불이행,건조,맑음,단일로 - 기타,화물,남,52세,상해없음,보행자,남,73세,경상
2018102500100104,2018년 10월 25일 08시,목요일,서울특별시 서대문구 남가좌동,경상사고,0,0,1,0,차대사람 - 횡단중,신호위반,건조,맑음,단일로 - 기타,승용,여,53세,상해없음,보행자,남,71세,경상
2018102500100105,2018년 10월 25일 08시,목요일,서울특별시 은평구 응암동,중상사고,0,1,0,0,차대사람 - 차도통행중,안전운전불이행,건조,맑음,교차로 - 교차로안,승용,여,45세,상해없음,보행자,여,68세,중상
2018102500100198,2018년 10월 25일 10시,목요일,서울특별시 서대문구 홍은동,경상사고,0,0,1,0,차대사람 - 기타,보행자보호의무위반,건조,맑음,교차로 - 교차로안,승용,여,46세,상해없음,보행자,여,72세,경상
2018102500100204,2018년 10월 25일 10시,목요일,서울특별시 양천구 목동,경상사고,0,0,1,0,차대사람 - 기타,안전운전불이행,건조,맑음,교차로 - 교차로안,승용,여,47세,상해없음,보행자,여,71세,경상
2018102500100333,2018년 10월 25일 14시,목요일,서울특별시 영등포구 당산동1가,중상사고,0,1,0,0,차대사람 - 차도통행중,안전운전불이행,건조,맑음,교차로 - 교차로안,승용,여,36세,상해없음,보행자,여,67세,중상
2018102600100045,2018년 10월 26일 05시,금요일,서울특별시 은평구 신사동,중상사고,0,1,0,0,차대사람 - 횡단중,안전운전불이행,건조,맑음,교차로 - 교차로부근,승용,남,40세,상해없음,보행자,여,85세,중상
2018102600100223,2018년 10월 26일 12시,금요일,서울특별시 영등포구 문래동6가,중상사고,0,1,0,0,차대사람 - 횡단중,보행자보호의무위반,젖음/습기,비,교차로 - 교차로안,승용,남,69세,상해없음,보행자,여,71세,중상
2018102600100327,2018년 10월 26일 15시,금요일,서울특별시 강남구 논현동,경상사고,0,0,1,0,차대사람 - 차도통행중,안전운전불이행,건조,맑음,단일로 - 기타,기타불명,기타불명,미분류,기타불명,보행자,남,77세,경상
2018102600100328,2018년 10월 26일 15시,금요일,서울특별시 강서구 공항동,경상사고,0,0,1,0,차대사람 - 횡단중,과속,젖음/습기,맑음,단일로 - 기타,승용,남,31세,상해없음,보행자,여,77세,경상
2018102600100444,2018년 10월 26일 18시,금요일,서울특별시 강동구 명일동,부상신고사고,0,0,0,1,차대사람 - 횡단중,안전운전불이행,건조,맑음,단일로 - 기타,승용,남,69세,상해없음,보행자,여,70세,부상신고
2018102600100531,2018년 10월 26일 19시,금요일,서울특별시 은평구 진관동,중상사고,0,1,0,0,차대사람 - 횡단중,보행자보호의무위반,젖음/습기,비,단일로 - 기타,승용,여,62세,상해없음,보행자,여,70세,중상
2018102700100126,2018년 10월 27일 08시,토요일,서울특별시 성북구 성북동,경상사고,0,0,1,0,차대사람 - 차도통행중,안전운전불이행,건조,맑음,단일로 - 기타,승용,남,43세,상해없음,보행자,여,69세,경상
2018102700100163,2018년 10월 27일 09시,토요일,서울특별시 종로구 평창동,중상사고,0,1,0,0,차대사람 - 차도통행중,안전운전불이행,건조,맑음,단일로 - 기타,화물,남,59세,상해없음,보행자,여,87세,중상
2018102700100270,2018년 10월 27일 12시,토요일,서울특별시 노원구 월계동,경상사고,0,0,1,0,차대사람 - 횡단중,보행자보호의무위반,건조,맑음,교차로 - 교차로횡단보도내,승용,남,67세,상해없음,보행자,남,70세,경상
2018102700100299,2018년 10월 27일 13시,토요일,서울특별시 성북구 동소문동5가,부상신고사고,0,0,0,1,차대사람 - 기타,안전운전불이행,건조,맑음,단일로 - 기타,화물,남,27세,상해없음,보행자,여,72세,부상신고
2018102700100301,2018년 10월 27일 13시,토요일,서울특별시 동대문구 제기동,경상사고,0,0,1,0,차대사람 - 길가장자리구역통행중,안전운전불이행,건조,맑음,단일로 - 기타,승용,여,61세,상해없음,보행자,여,68세,경상
2018102700100327,2018년 10월 27일 14시,토요일,서울특별시 서대문구 연희동,경상사고,0,0,2,0,차대사람 - 횡단중,안전운전불이행,건조,맑음,교차로 - 교차로안,승용,남,43세,상해없음,보행자,여,69세,경상
2018102700100380,2018년 10월 27일 15시,토요일,서울특별시 송파구 마천동,경상사고,0,0,1,0,차대사람 - 횡단중,보행자보호의무위반,건조,맑음,교차로 - 교차로횡단보도내,승합,남,71세,상해없음,보행자,여,84세,경상
2018102700100466,2018년 10월 27일 17시,토요일,서울특별시 동작구 노량진동,중상사고,0,1,0,0,차대사람 - 차도통행중,안전운전불이행,건조,맑음,교차로 - 교차로안,승용,남,50세,상해없음,보행자,남,74세,중상
2018102700100468,2018년 10월 27일 17시,토요일,서울특별시 서초구 서초동,경상사고,0,0,1,0,차대사람 - 기타,안전운전불이행,건조,맑음,단일로 - 기타,승합,여,62세,상해없음,보행자,남,68세,경상
2018102700100500,2018년 10월 27일 18시,토요일,서울특별시 강북구 미아동,경상사고,0,0,1,1,차대사람 - 기타,안전운전불이행,건조,맑음,단일로 - 기타,승합,남,75세,상해없음,보행자,남,66세,부상신고
2018102700100573,2018년 10월 27일 19시,토요일,서울특별시 강남구 역삼동,중상사고,0,1,0,0,차대사람 - 횡단중,보행자보호의무위반,건조,맑음,단일로 - 기타,이륜,남,22세,상해없음,보행자,남,74세,중상
2018102700100698,2018년 10월 27일 23시,토요일,서울특별시 종로구 종로3가,경상사고,0,0,1,0,차대사람 - 횡단중,안전운전불이행,건조,맑음,단일로 - 기타,이륜,남,40세,상해없음,보행자,남,76세,경상
2018102800100070,2018년 10월 28일 05시,일요일,서울특별시 강동구 둔촌동,중상사고,0,1,0,0,차대사람 - 횡단중,안전운전불이행,젖음/습기,비,교차로 - 교차로안,승용,남,70세,상해없음,보행자,여,87세,중상
2018102800100084,2018년 10월 28일 06시,일요일,서울특별시 동대문구 휘경동,사망사고,1,0,0,0,차대사람 - 횡단중,보행자보호의무위반,젖음/습기,흐림,교차로 - 교차로횡단보도내,승용,남,29세,상해없음,보행자,남,75세,사망
2018102800100110,2018년 10월 28일 08시,일요일,서울특별시 도봉구 창동,중상사고,0,1,0,0,차대사람 - 횡단중,안전운전불이행,젖음/습기,비,교차로 - 교차로안,승합,남,64세,상해없음,보행자,여,83세,중상
2018102800100375,2018년 10월 28일 18시,일요일,서울특별시 서대문구 홍은동,경상사고,0,0,1,0,차대사람 - 기타,안전운전불이행,건조,맑음,교차로 - 교차로안,승용,여,39세,상해없음,보행자,남,67세,경상
2018102800100379,2018년 10월 28일 18시,일요일,서울특별시 서초구 서초동,중상사고,0,1,0,0,차대사람 - 기타,안전운전불이행,젖음/습기,흐림,단일로 - 기타,기타불명,기타불명,미분류,기타불명,보행자,여,76세,중상
2018102900100028,2018년 10월 29일 05시,월요일,서울특별시 강남구 청담동,사망사고,1,0,0,0,차대사람 - 보도통행중,안전운전불이행,건조,맑음,단일로 - 기타,승용,남,56세,상해없음,보행자,여,66세,사망
2018102900100098,2018년 10월 29일 08시,월요일,서울특별시 마포구 창전동,중상사고,0,1,0,0,차대사람 - 차도통행중,안전운전불이행,건조,맑음,단일로 - 기타,화물,남,60세,기타불명,보행자,남,66세,중상
2018102900100189,2018년 10월 29일 10시,월요일,서울특별시 중랑구 망우동,경상사고,0,0,1,0,차대사람 - 횡단중,보행자보호의무위반,건조,흐림,교차로 - 교차로부근,화물,남,44세,상해없음,보행자,남,71세,경상
2018102900100355,2018년 10월 29일 15시,월요일,서울특별시 성동구 금호동1가,중상사고,0,1,0,0,차대사람 - 기타,불법유턴,건조,맑음,교차로 - 교차로안,승합,남,68세,상해없음,보행자,여,86세,중상
2018102900100359,2018년 10월 29일 15시,월요일,서울특별시 구로구 오류동,경상사고,0,0,1,0,차대사람 - 차도통행중,안전운전불이행,건조,맑음,단일로 - 기타,승용,여,41세,상해없음,보행자,여,65세,경상
2018102900100407,2018년 10월 29일 16시,월요일,서울특별시 성북구 종암동,사망사고,1,0,0,0,차대사람 - 차도통행중,과속,건조,맑음,기타 - 기타,승용,남,58세,상해없음,보행자,여,82세,사망
2018102900100449,2018년 10월 29일 17시,월요일,서울특별시 은평구 신사동,중상사고,0,1,0,0,차대사람 - 횡단중,안전운전불이행,건조,흐림,교차로 - 교차로횡단보도내,화물,남,54세,상해없음,보행자,남,76세,중상
2018102900100453,2018년 10월 29일 17시,월요일,서울특별시 강동구 성내동,경상사고,0,0,1,0,차대사람 - 차도통행중,안전운전불이행,건조,맑음,단일로 - 기타,승용,남,89세,상해없음,보행자,여,69세,경상
2018102900100491,2018년 10월 29일 18시,월요일,서울특별시 도봉구 쌍문동,중상사고,0,1,0,0,차대사람 - 차도통행중,안전운전불이행,젖음/습기,흐림,단일로 - 기타,승용,남,39세,상해없음,보행자,남,76세,중상
2018102900100564,2018년 10월 29일 19시,월요일,서울특별시 성동구 성수동2가,중상사고,0,1,0,0,차대사람 - 차도통행중,안전운전불이행,건조,맑음,교차로 - 교차로안,승용,여,40세,상해없음,보행자,여,71세,중상
2018102900100565,2018년 10월 29일 19시,월요일,서울특별시 동작구 노량진동,중상사고,0,1,0,0,차대사람 - 길가장자리구역통행중,안전운전불이행,건조,맑음,교차로 - 교차로안,화물,남,25세,상해없음,보행자,남,66세,중상