사고번호,사고일시,요일,시군구,사고내용,사망자수,중상자수,경상자수,부상신고자수,사고유형,법규위반,노면상태,기상상태,도로형태,가해운전자 차종,가해운전자 성별,가해운전자 연령,가해운전자 상해정도,피해운전자 차종,피해운전자 성별,피해운전자 연령,피해운전자 상해정도
2018122400100300,2018년 12월 24일 14시,월요일,서울특별시 강남구 역삼동,경상사고,0,0,1,0,차대사람 - 기타,안전운전불이행,건조,맑음,단일로 - 기타,승용,남,72세,상해없음,보행자,여,69세,경상
2018122400100406,2018년 12월 24일 17시,월요일,서울특별시 양천구 목동,경상사고,0,0,1,0,차대사람 - 기타,안전운전불이행,건조,맑음,단일로 - 기타,승용,여,41세,기타불명,보행자,남,82세,경상
2018122400100618,2018년 12월 24일 22시,월요일,서울특별시 송파구 방이동,중상사고,0,1,0,0,차대사람 - 기타,안전운전불이행,건조,맑음,교차로 - 교차로안,승용,여,52세,상해없음,보행자,여,65세,중상
2018122500100071,2018년 12월 25일 05시,화요일,서울특별시 양천구 신월동,사망사고,1,0,0,0,차대사람 - 차도통행중,안전운전불이행,건조,맑음,단일로 - 기타,건설기계,남,55세,상해없음,보행자,여,83세,사망
2018122500100086,2018년 12월 25일 07시,화요일,서울특별시 용산구 후암동,중상사고,0,1,0,0,차대사람 - 횡단중,안전운전불이행,건조,맑음,단일로 - 기타,승용,남,75세,상해없음,보행자,여,75세,중상
2018122500100138,2018년 12월 25일 12시,화요일,서울특별시 동대문구 용두동,중상사고,0,1,0,0,차대사람 - 횡단중,안전운전불이행,건조,맑음,교차로 - 교차로횡단보도내,승용,남,85세,상해없음,보행자,여,75세,중상
2018122500100154,2018년 12월 25일 13시,화요일,서울특별시 도봉구 방학동,경상사고,0,0,1,0,차대사람 - 길가장자리구역통행중,안전운전불이행,건조,맑음,단일로 - 기타,승용,여,42세,상해없음,보행자,남,71세,경상
2018122500100365,2018년 12월 25일 21시,화요일,서울특별시 서대문구 홍제동,부상신고사고,0,0,0,1,차대사람 - 차도통행중,안전운전불이행,건조,맑음,단일로 - 기타,승용,남,35세,상해없음,보행자,남,74세,부상신고
2018122600100268,2018년 12월 26일 14시,수요일,서울특별시 서대문구 홍제동,중상사고,0,1,0,0,차대사람 - 보도통행중,안전운전불이행,건조,맑음,단일로 - 기타,화물,남,52세,상해없음,보행자,여,83세,중상
2018122600100313,2018년 12월 26일 15시,수요일,서울특별시 성북구 정릉동,중상사고,0,1,0,0,차대사람 - 길가장자리구역통행중,안전운전불이행,건조,맑음,단일로 - 기타,승용,남,70세,상해없음,보행자,여,74세,중상
2018122600100382,2018년 12월 26일 17시,수요일,서울특별시 양천구 신정동,중상사고,0,1,0,0,차대사람 - 차도통행중,안전운전불이행,건조,맑음,교차로 - 교차로부근,승용,남,46세,상해없음,보행자,남,69세,중상
2018122600100421,2018년 12월 26일 18시,수요일,서울특별시 송파구 방이동,경상사고,0,0,1,0,차대사람 - 보도통행중,안전운전불이행,건조,맑음,단일로 - 기타,승용,남,63세,상해없음,보행자,남,70세,경상
2018122600100465,2018년 12월 26일 19시,수요일,서울특별시 구로구 오류동,중상사고,0,1,0,0,차대사람 - 횡단중,안전운전불이행,건조,맑음,교차로 - 교차로횡단보도내,승용,여,68세,상해없음,보행자,여,74세,중상
2018122700100076,2018년 12월 27일 06시,목요일,서울특별시 강북구 우이동,경상사고,0,0,1,0,차대사람 - 횡단중,보행자보호의무위반,건조,맑음,교차로 - 교차로부근,승용,여,59세,상해없음,보행자,남,67세,경상
2018122700100078,2018년 12월 27일 06시,목요일,서울특별시 중랑구 중화동,경상사고,0,0,1,0,차대사람 - 차도통행중,안전운전불이행,건조,맑음,단일로 - 기타,화물,남,78세,기타불명,보행자,남,78세,경상
2018122700100369,2018년 12월 27일 17시,목요일,서울특별시 서대문구 홍은동,중상사고,0,1,0,0,차대사람 - 차도통행중,안전운전불이행,건조,맑음,단일로 - 기타,승용,여,39세,상해없음,보행자,여,70세,중상
2018122700100380,2018년 12월 27일 17시,목요일,서울특별시 도봉구 방학동,중상사고,0,1,0,0,차대사람 - 횡단중,보행자보호의무위반,건조,맑음,교차로 - 교차로안,승용,여,59세,상해없음,보행자,여,65세,중상
2018122700100486,2018년 12월 27일 19시,목요일,서울특별시 영등포구 양평동1가,중상사고,0,1,0,0,차대사람 - 차도통행중,안전운전불이행,건조,맑음,교차로 - 교차로부근,승용,남,33세,상해없음,보행자,여,74세,중상
2018122700100487,2018년 12월 27일 19시,목요일,서울특별시 강서구 화곡동,중상사고,0,1,0,0,차대사람 - 횡단중,안전운전불이행,건조,맑음,기타 - 기타,화물,남,53세,상해없음,보행자,여,70세,중상
2018122800100052,2018년 12월 28일 05시,금요일,서울특별시 종로구 종로3가,경상사고,0,0,1,0,차대사람 - 횡단중,신호위반,건조,맑음,교차로 - 교차로안,화물,남,56세,상해없음,보행자,남,70세,경상
2018122800100065,2018년 12월 28일 06시,금요일,서울특별시 노원구 하계동,중상사고,0,1,0,0,차대사람 - 횡단중,보행자보호의무위반,건조,맑음,교차로 - 교차로횡단보도내,승용,남,68세,상해없음,보행자,여,78세,중상
2018122800100239,2018년 12월 28일 13시,금요일,서울특별시 서대문구 남가좌동,중상사고,0,1,0,0,차대사람 - 횡단중,안전운전불이행,건조,맑음,단일로 - 기타,승용,남,78세,상해없음,보행자,여,77세,중상
2018122900100142,2018년 12월 29일 11시,토요일,서울특별시 중랑구 면목동,중상사고,0,1,0,0,차대사람 - 보도통행중,안전운전불이행,건조,맑음,기타 - 기타,화물,남,53세,상해없음,보행자,여,80세,중상
2018122900100348,2018년 12월 29일 18시,토요일,서울특별시 구로구 오류동,경상사고,0,0,1,0,차대사람 - 차도통행중,안전운전불이행,건조,맑음,단일로 - 기타,화물,남,50세,상해없음,보행자,남,75세,경상
2018123000100062,2018년 12월 30일 04시,일요일,서울특별시 강북구 미아동,사망사고,1,0,0,0,차대사람 - 횡단중,안전운전불이행,건조,흐림,단일로 - 기타,승용,남,35세,상해없음,보행자,여,90세 이상,사망
2018123000100081,2018년 12월 30일 07시,일요일,서울특별시 서대문구 신촌동,중상사고,0,1,0,0,차대사람 - 보도통행중,보행자보호의무위반,건조,맑음,단일로 - 기타,승용,여,41세,상해없음,보행자,남,73세,중상
2018123000100142,2018년 12월 30일 12시,일요일,서울특별시 성북구 정릉동,경상사고,0,0,1,0,차대사람 - 차도통행중,안전운전불이행,건조,맑음,단일로 - 기타,승용,여,30세,상해없음,보행자,남,68세,경상
2018123000100231,2018년 12월 30일 16시,일요일,서울특별시 강남구 도곡동,부상신고사고,0,0,0,1,차대사람 - 기타,안전운전불이행,건조,맑음,단일로 - 기타,승용,남,36세,상해없음,보행자,여,71세,부상신고
2018123000100254,2018년 12월 30일 17시,일요일,서울특별시 관악구 봉천동,중상사고,0,1,0,0,차대사람 - 횡단중,신호위반,건조,맑음,교차로 - 교차로안,승용,남,59세,상해없음,보행자,남,68세,중상
2018123100100077,2018년 12월 31일 08시,월요일,서울특별시 용산구 이촌동,중상사고,0,1,0,0,차대사람 - 횡단중,보행자보호의무위반,건조,맑음,교차로 - 교차로부근,승용,남,64세,상해없음,보행자,여,80세,중상
2018123100100078,2018년 12월 31일 08시,월요일,서울특별시 관악구 봉천동,경상사고,0,0,1,0,차대사람 - 횡단중,안전운전불이행,건조,맑음,교차로 - 교차로횡단보도내,승용,남,70세,상해없음,보행자,남,86세,경상
2018123100100344,2018년 12월 31일 16시,월요일,서울특별시 관악구 신림동,중상사고,0,1,0,0,차대사람 - 기타,안전운전불이행,건조,맑음,단일로 - 기타,승용,남,64세,상해없음,보행자,여,68세,중상
2018123100100527,2018년 12월 31일 20시,월요일,서울특별시 용산구 원효로3가,사망사고,1,0,0,0,차대사람 - 기타,안전운전불이행,건조,맑음,단일로 - 기타,승용,남,42세,상해없음,보행자,여,79세,사망
2018123100100555,2018년 12월 31일 21시,월요일,서울특별시 종로구 종로1가,중상사고,0,1,0,0,차대사람 - 횡단중,안전운전불이행,건조,맑음,교차로 - 교차로부근,승용,여,29세,상해없음,보행자,남,70세,중상
2019010100100072,2019년 1월 1일 05시,화요일,서울특별시 중랑구 망우동,경상사고,0,0,1,0,차대사람 - 횡단중,신호위반,건조,맑음,단일로 - 기타,승용,남,67세,상해없음,보행자,남,75세,경상
2019010100100233,2019년 1월 1일 17시,화요일,서울특별시 종로구 공평동,중상사고,0,1,0,0,차대사람 - 횡단중,안전운전불이행,건조,맑음,기타 - 기타,승용,남,45세,상해없음,보행자,남,75세,중상
2019010100100248,2019년 1월 1일 18시,화요일,서울특별시 성북구 하월곡동,중상사고,0,1,0,0,차대사람 - 횡단중,신호위반,건조,맑음,교차로 - 교차로안,승용,남,36세,상해없음,보행자,여,66세,중상
2019010100100250,2019년 1월 1일 18시,화요일,서울특별시 노원구 공릉동,경상사고,0,0,1,0,차대사람 - 횡단중,안전운전불이행,건조,맑음,단일로 - 기타,승용,남,40세,상해없음,보행자,남,74세,경상
2019010100100320,2019년 1월 1일 21시,화요일,서울특별시 은평구 진관동,중상사고,0,1,0,0,차대사람 - 차도통행중,안전운전불이행,건조,맑음,단일로 - 기타,승합,여,55세,상해없음,보행자,남,65세,중상
2019010100100333,2019년 1월 1일 22시,화요일,서울특별시 강동구 상일동,중상사고,0,1,0,0,차대사람 - 보도통행중,안전운전불이행,건조,기타,단일로 - 기타,승합,남,39세,상해없음,보행자,여,74세,중상
2019010200100137,2019년 1월 2일 10시,수요일,서울특별시 성북구 상월곡동,중상사고,0,1,0,0,차대사람 - 횡단중,보행자보호의무위반,건조,맑음,교차로 - 교차로횡단보도내,승용,남,46세,상해없음,보행자,남,75세,중상
2019010200100204,2019년 1월 2일 13시,수요일,서울특별시 마포구 성산동,중상사고,0,1,0,0,차대사람 - 기타,안전운전불이행,건조,맑음,교차로 - 교차로안,승용,남,54세,상해없음,보행자,남,76세,중상
2019010200100268,2019년 1월 2일 15시,수요일,서울특별시 송파구 석촌동,경상사고,0,0,1,0,차대사람 - 기타,안전운전불이행,건조,맑음,단일로 - 기타,승용,여,48세,상해없음,보행자,남,66세,경상
2019010200100269,2019년 1월 2일 15시,수요일,서울특별시 성북구 하월곡동,경상사고,0,0,1,0,차대사람 - 횡단중,보행자보호의무위반,건조,맑음,교차로 - 교차로횡단보도내,승용,남,65세,상해없음,보행자,여,81세,경상
2019010200100361,2019년 1월 2일 18시,수요일,서울특별시 성동구 송정동,경상사고,0,0,1,0,차대사람 - 기타,중앙선침범,기타,맑음,단일로 - 기타,화물,남,33세,상해없음,보행자,여,75세,경상
2019010300100126,2019년 1월 3일 09시,목요일,서울특별시 강서구 화곡동,중상사고,0,1,0,0,차대사람 - 횡단중,보행자보호의무위반,건조,맑음,교차로 - 교차로부근,승용,여,24세,상해없음,보행자,여,72세,중상
2019010300100153,2019년 1월 3일 10시,목요일,서울특별시 강북구 수유동,중상사고,0,1,0,0,차대사람 - 횡단중,불법유턴,건조,맑음,교차로 - 교차로안,승용,남,62세,상해없음,보행자,여,75세,중상
2019010300100194,2019년 1월 3일 12시,목요일,서울특별시 동대문구 장안동,중상사고,0,1,0,0,차대사람 - 차도통행중,안전운전불이행,건조,맑음,단일로 - 기타,이륜,남,26세,상해없음,보행자,여,69세,중상
2019010300100197,2019년 1월 3일 12시,목요일,서울특별시 노원구 상계동,사망사고,1,0,1,0,차대사람 - 기타,안전운전불이행,건조,맑음,단일로 - 기타,화물,남,71세,상해없음,보행자,여,45세,사망
2019010300100251,2019년 1월 3일 14시,목요일,서울특별시 동대문구 답십리동,중상사고,0,1,0,0,차대사람 - 차도통행중,안전운전불이행,건조,맑음,단일로 - 기타,승용,남,56세,상해없음,보행자,여,80세,중상
2019010300100313,2019년 1월 3일 16시,목요일,서울특별시 성동구 하왕십리동,경상사고,0,0,1,0,차대사람 - 횡단중,안전운전불이행,건조,맑음,단일로 - 기타,화물,남,74세,상해없음,보행자,남,71세,경상
2019010300100315,2019년 1월 3일 16시,목요일,서울특별시 송파구 석촌동,중상사고,0,1,0,0,차대사람 - 횡단중,안전운전불이행,건조,맑음,교차로 - 교차로안,승용,남,52세,상해없음,보행자,여,87세,중상
2019010300100316,2019년 1월 3일 16시,목요일,서울특별시 구로구 개봉동,중상사고,0,1,0,0,차대사람 - 횡단중,안전운전불이행,건조,맑음,단일로 - 기타,승용,여,35세,상해없음,보행자,남,84세,중상
2019010300100337,2019년 1월 3일 17시,목요일,서울특별시 강남구 역삼동,경상사고,0,0,1,0,차대사람 - 기타,기타,건조,맑음,단일로 - 기타,승합,남,47세,상해없음,보행자,여,70세,경상
2019010300100451,2019년 1월 3일 20시,목요일,서울특별시 마포구 용강동,중상사고,0,1,0,0,차대사람 - 횡단중,신호위반,건조,맑음,단일로 - 기타,이륜,남,23세,상해없음,보행자,여,66세,중상
2019010300100453,2019년 1월 3일 20시,목요일,서울특별시 강서구 염창동,중상사고,0,1,0,0,차대사람 - 차도통행중,안전운전불이행,건조,맑음,단일로 - 기타,승용,남,66세,상해없음,보행자,여,80세,중상
2019010300100454,2019년 1월 3일 20시,목요일,서울특별시 서초구 서초동,중상사고,0,1,0,0,차대사람 - 횡단중,안전운전불이행,건조,맑음,교차로 - 교차로안,승용,남,32세,상해없음,보행자,남,73세,중상
2019010400100029,2019년 1월 4일 01시,금요일,서울특별시 관악구 신림동,중상사고,0,1,0,0,차대사람 - 차도통행중,안전운전불이행,건조,맑음,교차로 - 교차로부근,승용,남,54세,상해없음,보행자,남,65세,중상
2019010400100063,2019년 1월 4일 06시,금요일,서울특별시 은평구 불광동,중상사고,0,1,0,0,차대사람 - 기타,보행자보호의무위반,건조,맑음,교차로 - 교차로부근,화물,남,64세,상해없음,보행자,여,72세,중상
2019010400100154,2019년 1월 4일 10시,금요일,서울특별시 도봉구 창동,중상사고,0,1,0,0,차대사람 - 횡단중,신호위반,건조,맑음,단일로 - 기타,승합,남,53세,상해없음,보행자,여,73세,중상
2019010400100197,2019년 1월 4일 12시,금요일,서울특별시 영등포구 대림동,중상사고,0,1,0,0,차대사람 - 횡단중,안전운전불이행,건조,맑음,교차로 - 교차로횡단보도내,승용,남,67세,상해없음,보행자,남,65세,중상
2019010400100200,2019년 1월 4일 12시,금요일,서울특별시 양천구 목동,중상사고,0,1,0,0,차대사람 - 차도통행중,안전운전불이행,건조,맑음,단일로 - 기타,화물,남,33세,상해없음,보행자,남,66세,중상
2019010400100489,2019년 1월 4일 21시,금요일,서울특별시 금천구 가산동,중상사고,0,1,0,0,차대사람 - 횡단중,안전운전불이행,건조,맑음,교차로 - 교차로안,승용,남,59세,상해없음,보행자,남,66세,중상
2019010400100532,2019년 1월 4일 23시,금요일,서울특별시 중구 을지로6가,경상사고,0,0,1,0,차대사람 - 차도통행중,안전운전불이행,건조,맑음,단일로 - 기타,승용,남,54세,상해없음,보행자,여,67세,경상
2019010500100163,2019년 1월 5일 10시,토요일,서울특별시 동대문구 제기동,중상사고,0,1,0,0,차대사람 - 기타,안전운전불이행,건조,맑음,교차로 - 교차로안,화물,남,34세,상해없음,보행자,여,76세,중상
2019010500100164,2019년 1월 5일 10시,토요일,서울특별시 동대문구 답십리동,경상사고,0,0,1,0,차대사람 - 기타,안전운전불이행,건조,맑음,단일로 - 기타,개인형이동수단(PM),남,26세,상해없음,보행자,남,78세,경상
2019010500100182,2019년 1월 5일 11시,토요일,서울특별시 은평구 대조동,중상사고,0,1,0,0,차대사람 - 기타,안전운전불이행,건조,맑음,단일로 - 기타,승용,남,72세,상해없음,보행자,여,71세,중상
2019010500100230,2019년 1월 5일 13시,토요일,서울특별시 중랑구 면목동,부상신고사고,0,0,0,1,차대사람 - 횡단중,안전운전불이행,건조,맑음,교차로 - 교차로안,승용,남,43세,상해없음,보행자,남,80세,부상신고
2019010500100293,2019년 1월 5일 15시,토요일,서울특별시 동대문구 제기동,중상사고,0,1,0,0,차대사람 - 기타,중앙선침범,건조,맑음,단일로 - 기타,화물,여,35세,상해없음,보행자,남,85세,중상
2019010500100376,2019년 1월 5일 18시,토요일,서울특별시 서대문구 홍은동,경상사고,0,0,1,0,차대사람 - 기타,안전운전불이행,건조,맑음,교차로 - 교차로안,원동기,여,51세,상해없음,보행자,여,65세,경상
2019010500100424,2019년 1월 5일 19시,토요일,서울특별시 강서구 방화동,경상사고,0,0,1,0,차대사람 - 횡단중,과속,건조,맑음,교차로 - 교차로부근,승용,남,28세,상해없음,보행자,남,77세,경상
2019010600100144,2019년 1월 6일 12시,일요일,서울특별시 성북구 동소문동7가,중상사고,0,2,0,0,차대사람 - 횡단중,보행자보호의무위반,건조,맑음,단일로 - 기타,승용,남,32세,상해없음,보행자,여,64세,중상
2019010600100169,2019년 1월 6일 13시,일요일,서울특별시 중랑구 신내동,경상사고,0,0,1,0,차대사람 - 기타,안전운전불이행,건조,맑음,교차로 - 교차로부근,승용,남,36세,상해없음,보행자,여,71세,경상
2019010600100171,2019년 1월 6일 13시,일요일,서울특별시 양천구 목동,중상사고,0,1,0,0,차대사람 - 횡단중,안전운전불이행,건조,맑음,단일로 - 기타,승용,남,40세,상해없음,보행자,여,80세,중상
2019010700100045,2019년 1월 7일 05시,월요일,서울특별시 강북구 우이동,중상사고,0,1,0,0,차대사람 - 기타,보행자보호의무위반,건조,맑음,교차로 - 교차로횡단보도내,승용,남,21세,상해없음,보행자,남,72세,중상
2019010700100046,2019년 1월 7일 05시,월요일,서울특별시 동대문구 제기동,중상사고,0,1,0,0,차대사람 - 차도통행중,안전운전불이행,건조,맑음,교차로 - 교차로횡단보도내,승용,남,25세,상해없음,보행자,남,69세,중상
2019010700100049,2019년 1월 7일 05시,월요일,서울특별시 송파구 풍납동,경상사고,0,0,2,0,차대사람 - 차도통행중,안전운전불이행,건조,맑음,교차로 - 교차로안,승용,남,37세,상해없음,보행자,남,64세,경상
2019010700100138,2019년 1월 7일 09시,월요일,서울특별시 동대문구 장안동,경상사고,0,0,1,0,차대사람 - 기타,안전운전불이행,건조,맑음,단일로 - 기타,화물,남,63세,상해없음,보행자,여,83세,경상
2019010700100300,2019년 1월 7일 15시,월요일,서울특별시 강북구 미아동,중상사고,0,1,0,0,차대사람 - 기타,신호위반,건조,맑음,단일로 - 기타,승용,남,63세,기타불명,보행자,여,66세,중상
2019010700100336,2019년 1월 7일 16시,월요일,서울특별시 강동구 성내동,경상사고,0,0,1,0,차대사람 - 기타,안전운전불이행,건조,맑음,단일로 - 기타,기타불명,기타불명,미분류,기타불명,보행자,여,68세,경상
2019010700100467,2019년 1월 7일 20시,월요일,서울특별시 영등포구 신길동,중상사고,0,1,0,0,차대사람 - 횡단중,보행자보호의무위반,건조,맑음,단일로 - 기타,승용,남,39세,상해없음,보행자,남,67세,중상
2019010700100468,2019년 1월 7일 20시,월요일,서울특별시 영등포구 영등포동1가,중상사고,0,1,0,0,차대사람 - 보도통행중,안전운전불이행,건조,맑음,교차로 - 교차로안,화물,남,75세,상해없음,보행자,남,79세,중상
2019010800100054,2019년 1월 8일 04시,화요일,서울특별시 강서구 염창동,사망사고,1,0,0,0,차대사람 - 횡단중,안전운전불이행,건조,맑음,교차로 - 교차로안,승용,남,25세,상해없음,보행자,남,71세,사망
2019010800100082,2019년 1월 8일 07시,화요일,서울특별시 성동구 성수동2가,중상사고,0,1,0,0,차대사람 - 보도통행중,안전운전불이행,건조,맑음,교차로 - 교차로안,승용,남,42세,상해없음,보행자,남,74세,중상
2019010800100085,2019년 1월 8일 07시,화요일,서울특별시 도봉구 쌍문동,중상사고,0,1,0,0,차대사람 - 횡단중,보행자보호의무위반,건조,맑음,교차로 - 교차로부근,승용,남,39세,상해없음,보행자,남,72세,중상
2019010800100136,2019년 1월 8일 09시,화요일,서울특별시 성동구 성수동1가,중상사고,0,1,0,0,차대사람 - 기타,안전운전불이행,건조,맑음,교차로 - 교차로안,건설기계,남,67세,상해없음,보행자,남,78세,중상
2019010800100163,2019년 1월 8일 10시,화요일,서울특별시 동대문구 제기동,경상사고,0,0,1,0,차대사람 - 기타,안전운전불이행,건조,맑음,단일로 - 기타,화물,남,64세,상해없음,보행자,여,82세,경상
2019010800100166,2019년 1월 8일 10시,화요일,서울특별시 송파구 방이동,경상사고,0,0,1,0,차대사람 - 기타,안전운전불이행,건조,맑음,교차로 - 교차로안,승용,여,32세,상해없음,보행자,여,70세,경상
2019010800100276,2019년 1월 8일 14시,화요일,서울특별시 종로구 장사동,중상사고,0,1,0,0,차대사람 - 횡단중,신호위반,건조,맑음,교차로 - 교차로횡단보도내,화물,남,43세,상해없음,보행자,여,82세,중상
2019010800100281,2019년 1월 8일 14시,화요일,서울특별시 도봉구 도봉동,중상사고,0,1,0,0,차대사람 - 횡단중,보행자보호의무위반,건조,맑음,교차로 - 교차로횡단보도내,승용,여,71세,기타불명,보행자,여,75세,중상
2019010800100335,2019년 1월 8일 16시,화요일,서울특별시 서초구 양재동,중상사고,0,1,0,0,차대사람 - 횡단중,신호위반,건조,맑음,교차로 - 교차로횡단보도내,승용,여,50세,상해없음,보행자,여,77세,중상
2019010900100068,2019년 1월 9일 06시,수요일,서울특별시 종로구 신문로1가,중상사고,0,1,0,0,차대사람 - 차도통행중,안전운전불이행,건조,맑음,단일로 - 기타,건설기계,남,52세,상해없음,보행자,남,66세,중상
2019010900100149,2019년 1월 9일 10시,수요일,서울특별시 양천구 목동,중상사고,0,1,0,0,차대사람 - 횡단중,보행자보호의무위반,건조,맑음,교차로 - 교차로횡단보도내,승용,여,66세,상해없음,보행자,여,88세,중상
2019010900100174,2019년 1월 9일 11시,수요일,서울특별시 도봉구 창동,중상사고,0,1,0,0,차대사람 - 횡단중,안전운전불이행,건조,흐림,교차로 - 교차로횡단보도내,승용,남,49세,상해없음,보행자,여,65세,중상
2019010900100318,2019년 1월 9일 16시,수요일,서울특별시 관악구 신림동,경상사고,0,0,1,0,차대사람 - 횡단중,보행자보호의무위반,건조,맑음,교차로 - 교차로안,화물,남,55세,상해없음,보행자,여,73세,경상
2019010900100495,2019년 1월 9일 21시,수요일,서울특별시 광진구 구의동,중상사고,0,1,0,0,차대사람 - 길가장자리구역통행중,안전운전불이행,건조,맑음,교차로 - 교차로안,승용,남,57세,상해없음,보행자,여,76세,중상
2019010900100523,2019년 1월 9일 22시,수요일,서울특별시 성북구 삼선동3가,중상사고,0,1,0,0,차대사람 - 횡단중,안전운전불이행,건조,맑음,단일로 - 기타,이륜,남,23세,상해없음,보행자,여,87세,중상
2019011000100369,2019년 1월 10일 18시,목요일,서울특별시 성동구 마장동,경상사고,0,0,1,0,차대사람 - 길가장자리구역통행중,안전운전불이행,건조,맑음,단일로 - 기타,화물,남,43세,상해없음,보행자,여,80세,경상
2019011000100421,2019년 1월 10일 19시,목요일,서울특별시 강북구 수유동,중상사고,0,1,0,0,차대사람 - 기타,안전운전불이행,건조,맑음,교차로 - 교차로안,승용,남,61세,상해없음,보행자,남,86세,중상
2019011000100422,2019년 1월 10일 19시,목요일,서울특별시 동대문구 제기동,중상사고,0,1,0,0,차대사람 - 횡단중,안전운전불이행,건조,맑음,단일로 - 기타,승용,남,44세,상해없음,보행자,남,68세,중상
2019011000100425,2019년 1월 10일 19시,목요일,서울특별시 중랑구 망우동,중상사고,0,1,0,0,차대사람 - 차도통행중,안전운전불이행,건조,맑음,교차로 - 교차로안,승용,남,57세,상해없음,보행자,여,84세,중상
2019011000100426,2019년 1월 10일 19시,목요일,서울특별시 강서구 방화동,중상사고,0,1,0,0,차대사람 - 기타,안전운전불이행,건조,맑음,교차로 - 교차로안,화물,남,26세,상해없음,보행자,남,73세,중상
2019011000100430,2019년 1월 10일 19시,목요일,서울특별시 양천구 신정동,경상사고,0,0,1,0,차대사람 - 기타,안전운전불이행,건조,맑음,교차로 - 교차로안,승용,여,29세,상해없음,보행자,여,73세,경상
2019011100100090,2019년 1월 11일 06시,금요일,서울특별시 노원구 공릉동,중상사고,0,1,0,0,차대사람 - 차도통행중,안전운전불이행,건조,맑음,교차로 - 교차로안,승용,남,61세,상해없음,보행자,여,72세,중상
2019011100100108,2019년 1월 11일 07시,금요일,서울특별시 종로구 명륜3가,중상사고,0,1,0,0,차대사람 - 기타,안전운전불이행,건조,맑음,단일로 - 기타,승용,남,58세,상해없음,보행자,남,80세,중상
2019011100100111,2019년 1월 11일 07시,금요일,서울특별시 관악구 봉천동,중상사고,0,1,0,0,차대사람 - 횡단중,안전운전불이행,건조,맑음,교차로 - 교차로안,승용,남,49세,상해없음,보행자,여,76세,중상
2019011100100191,2019년 1월 11일 10시,금요일,서울특별시 성북구 장위동,경상사고,0,0,1,0,차대사람 - 횡단중,안전운전불이행,건조,맑음,교차로 - 교차로안,화물,남,59세,상해없음,보행자,남,77세,경상
2019011100100213,2019년 1월 11일 11시,금요일,서울특별시 노원구 상계동,경상사고,0,0,1,0,차대사람 - 기타,안전운전불이행,건조,맑음,단일로 - 기타,승용,남,53세,상해없음,보행자,남,65세,경상
2019011100100251,2019년 1월 11일 12시,금요일,서울특별시 은평구 응암동,중상사고,0,1,0,0,차대사람 - 기타,안전운전불이행,건조,맑음,교차로 - 교차로안,화물,여,53세,상해없음,보행자,여,79세,중상
2019011100100333,2019년 1월 11일 15시,금요일,서울특별시 성동구 금호동2가,중상사고,0,1,0,0,차대사람 - 보도통행중,기타,건조,맑음,단일로 - 기타,화물,여,36세,상해없음,보행자,남,69세,중상
2019011100100425,2019년 1월 11일 18시,금요일,서울특별시 송파구 석촌동,중상사고,0,1,0,0,차대사람 - 길가장자리구역통행중,안전운전불이행,건조,흐림,교차로 - 교차로부근,승합,여,45세,상해없음,보행자,여,81세,중상
2019011200100070,2019년 1월 12일 03시,토요일,서울특별시 종로구 숭인동,경상사고,0,0,1,0,차대사람 - 기타,보행자보호의무위반,건조,맑음,교차로 - 교차로안,승용,남,74세,상해없음,보행자,여,71세,경상
2019011200100081,2019년 1월 12일 04시,토요일,서울특별시 서대문구 합동,중상사고,0,1,0,0,차대사람 - 횡단중,신호위반,건조,맑음,단일로 - 기타,승용,남,72세,상해없음,보행자,남,72세,중상
2019011200100158,2019년 1월 12일 09시,토요일,서울특별시 영등포구 도림동,경상사고,0,0,1,0,차대사람 - 기타,안전운전불이행,건조,맑음,교차로 - 교차로안,자전거,여,56세,상해없음,보행자,여,68세,경상
2019011200100182,2019년 1월 12일 10시,토요일,서울특별시 양천구 목동,경상사고,0,0,1,0,차대사람 - 횡단중,안전운전불이행,건조,맑음,교차로 - 교차로횡단보도내,승용,남,52세,상해없음,보행자,여,69세,경상
2019011200100215,2019년 1월 12일 11시,토요일,서울특별시 성동구 성수동2가,중상사고,0,1,0,0,차대사람 - 기타,안전운전불이행,건조,맑음,교차로 - 교차로부근,화물,남,33세,상해없음,보행자,여,67세,중상
2019011200100218,2019년 1월 12일 11시,토요일,서울특별시 은평구 역촌동,중상사고,0,1,0,0,차대사람 - 길가장자리구역통행중,안전운전불이행,건조,맑음,단일로 - 기타,승용,남,70세,상해없음,보행자,여,66세,중상
2019011300100078,2019년 1월 13일 05시,일요일,서울특별시 양천구 신월동,중상사고,0,1,0,0,차대사람 - 횡단중,보행자보호의무위반,건조,맑음,교차로 - 교차로안,화물,남,53세,상해없음,보행자,남,66세,중상
2019011300100200,2019년 1월 13일 14시,일요일,서울특별시 구로구 오류동,중상사고,0,1,0,0,차대사람 - 보도통행중,기타,건조,맑음,기타 - 기타,자전거,남,47세,상해없음,보행자,여,77세,중상
2019011300100290,2019년 1월 13일 18시,일요일,서울특별시 종로구 종로3가,중상사고,0,1,0,0,차대사람 - 기타,안전운전불이행,건조,맑음,단일로 - 기타,승합,남,59세,상해없음,보행자,남,83세,중상
2019011300100292,2019년 1월 13일 18시,일요일,서울특별시 동대문구 청량리동,중상사고,0,1,0,0,차대사람 - 차도통행중,안전운전불이행,건조,흐림,교차로 - 교차로안,승용,여,52세,상해없음,보행자,남,70세,중상