사고번호,사고일시,요일,시군구,사고내용,사망자수,중상자수,경상자수,부상신고자수,사고유형,법규위반,노면상태,기상상태,도로형태,가해운전자 차종,가해운전자 성별,가해운전자 연령,가해운전자 상해정도,피해운전자 차종,피해운전자 성별,피해운전자 연령,피해운전자 상해정도
2019011400100058,2019년 1월 14일 04시,월요일,서울특별시 서대문구 홍제동,중상사고,0,1,0,0,차대사람 - 차도통행중,안전운전불이행,건조,맑음,단일로 - 기타,승용,남,50세,상해없음,보행자,여,83세,중상
2019011400100132,2019년 1월 14일 08시,월요일,서울특별시 동작구 사당동,중상사고,0,1,0,0,차대사람 - 차도통행중,안전운전불이행,건조,맑음,단일로 - 기타,이륜,남,47세,상해없음,보행자,여,66세,중상
2019011400100168,2019년 1월 14일 09시,월요일,서울특별시 용산구 보광동,경상사고,0,0,1,0,차대사람 - 기타,안전운전불이행,건조,맑음,단일로 - 기타,승용,남,61세,기타불명,보행자,남,88세,경상
2019011400100358,2019년 1월 14일 16시,월요일,서울특별시 광진구 중곡동,경상사고,0,0,1,0,차대사람 - 횡단중,안전운전불이행,건조,맑음,단일로 - 기타,승용,남,37세,상해없음,보행자,여,76세,경상
2019011400100391,2019년 1월 14일 17시,월요일,서울특별시 구로구 구로동,사망사고,1,0,0,0,차대사람 - 횡단중,안전운전불이행,건조,맑음,교차로 - 교차로안,승용,남,42세,상해없음,보행자,여,77세,사망
2019011400100427,2019년 1월 14일 18시,월요일,서울특별시 영등포구 신길동,중상사고,0,1,0,0,차대사람 - 횡단중,보행자보호의무위반,건조,맑음,교차로 - 교차로횡단보도내,승합,남,29세,상해없음,보행자,여,69세,중상
2019011400100476,2019년 1월 14일 19시,월요일,서울특별시 금천구 시흥동,중상사고,0,1,0,0,차대사람 - 기타,안전운전불이행,건조,맑음,단일로 - 기타,이륜,남,23세,상해없음,보행자,남,84세,중상
2019011500100046,2019년 1월 15일 04시,화요일,서울특별시 중랑구 중화동,부상신고사고,0,0,0,1,차대사람 - 횡단중,안전운전불이행,건조,맑음,단일로 - 기타,화물,남,44세,상해없음,보행자,남,69세,부상신고
2019011500100050,2019년 1월 15일 05시,화요일,서울특별시 중구 신당동,중상사고,0,1,0,0,차대사람 - 횡단중,안전운전불이행,건조,맑음,단일로 - 기타,이륜,남,28세,상해없음,보행자,여,82세,중상
2019011500100059,2019년 1월 15일 06시,화요일,서울특별시 영등포구 양평동1가,경상사고,0,0,1,0,차대사람 - 차도통행중,안전운전불이행,건조,맑음,교차로 - 교차로부근,화물,남,62세,상해없음,보행자,여,86세,경상
2019011500100061,2019년 1월 15일 06시,화요일,서울특별시 강남구 역삼동,중상사고,0,1,0,0,차대사람 - 횡단중,신호위반,건조,기타,단일로 - 기타,승용,남,69세,상해없음,보행자,여,71세,중상
2019011500100130,2019년 1월 15일 09시,화요일,서울특별시 양천구 신정동,중상사고,0,1,0,0,차대사람 - 횡단중,안전운전불이행,건조,맑음,교차로 - 교차로안,승용,남,50세,상해없음,보행자,여,71세,중상
2019011500100148,2019년 1월 15일 10시,화요일,서울특별시 영등포구 문래동3가,부상신고사고,0,0,0,1,차대사람 - 기타,안전운전불이행,건조,맑음,단일로 - 기타,승용,남,63세,상해없음,보행자,여,72세,부상신고
2019011500100181,2019년 1월 15일 11시,화요일,서울특별시 종로구 숭인동,중상사고,0,1,0,0,차대사람 - 횡단중,신호위반,건조,맑음,단일로 - 기타,화물,남,54세,상해없음,보행자,여,73세,중상
2019011500100301,2019년 1월 15일 16시,화요일,서울특별시 강북구 미아동,중상사고,0,1,0,0,차대사람 - 보도통행중,기타,건조,흐림,기타 - 기타,화물,남,62세,상해없음,보행자,여,66세,중상
2019011500100303,2019년 1월 15일 16시,화요일,서울특별시 동작구 흑석동,경상사고,0,0,1,0,차대사람 - 기타,안전운전불이행,건조,맑음,기타 - 기타,화물,남,25세,상해없음,보행자,남,78세,경상
2019011500100361,2019년 1월 15일 18시,화요일,서울특별시 영등포구 대림동,중상사고,0,1,0,1,차대사람 - 기타,안전운전불이행,건조,맑음,교차로 - 교차로부근,승용,남,37세,상해없음,보행자,여,60세,중상
2019011600100154,2019년 1월 16일 10시,수요일,서울특별시 중구 중림동,경상사고,0,0,1,0,차대사람 - 기타,안전운전불이행,건조,맑음,단일로 - 기타,화물,남,62세,상해없음,보행자,남,66세,경상
2019011600100175,2019년 1월 16일 11시,수요일,서울특별시 용산구 청파동3가,중상사고,0,1,0,0,차대사람 - 차도통행중,안전운전불이행,건조,맑음,교차로 - 교차로안,승용,남,64세,상해없음,보행자,남,82세,중상
2019011600100178,2019년 1월 16일 11시,수요일,서울특별시 구로구 고척동,중상사고,0,1,0,0,차대사람 - 횡단중,안전운전불이행,건조,맑음,교차로 - 교차로안,건설기계,남,63세,상해없음,보행자,여,65세,중상
2019011600100285,2019년 1월 16일 15시,수요일,서울특별시 서대문구 홍은동,중상사고,0,1,0,0,차대사람 - 차도통행중,신호위반,건조,맑음,단일로 - 기타,승용,남,76세,상해없음,보행자,여,76세,중상
2019011600100395,2019년 1월 16일 18시,수요일,서울특별시 송파구 마천동,중상사고,0,1,0,0,차대사람 - 횡단중,안전운전불이행,건조,맑음,단일로 - 기타,승용,남,62세,상해없음,보행자,여,76세,중상
2019011600100520,2019년 1월 16일 21시,수요일,서울특별시 영등포구 대림동,부상신고사고,0,0,0,1,차대사람 - 기타,안전운전불이행,건조,맑음,단일로 - 기타,이륜,남,31세,상해없음,보행자,여,79세,부상신고
2019011600100548,2019년 1월 16일 22시,수요일,서울특별시 강남구 대치동,사망사고,1,0,0,0,차대사람 - 횡단중,안전운전불이행,젖음/습기,맑음,단일로 - 기타,승용,남,59세,상해없음,보행자,남,66세,사망
2019011700100059,2019년 1월 17일 05시,목요일,서울특별시 강동구 둔촌동,사망사고,1,0,0,0,차대사람 - 횡단중,과속,건조,맑음,교차로 - 교차로횡단보도내,승용,남,29세,상해없음,보행자,여,77세,사망
2019011700100137,2019년 1월 17일 09시,목요일,서울특별시 강동구 상일동,중상사고,0,1,0,0,차대사람 - 보도통행중,보행자보호의무위반,건조,맑음,교차로 - 교차로횡단보도내,승용,여,32세,상해없음,보행자,여,70세,중상
2019011700100139,2019년 1월 17일 09시,목요일,서울특별시 노원구 중계동,경상사고,0,0,1,0,차대사람 - 차도통행중,안전운전불이행,건조,맑음,교차로 - 교차로안,승용,여,50세,상해없음,보행자,남,66세,경상
2019011700100188,2019년 1월 17일 11시,목요일,서울특별시 동작구 사당동,사망사고,1,2,2,0,차대차 - 추돌,과속,건조,맑음,교차로 - 교차로안,승용,남,53세,경상,승용,여,43세,경상
2019011700100189,2019년 1월 17일 11시,목요일,서울특별시 강서구 염창동,중상사고,0,1,0,0,차대사람 - 기타,안전운전불이행,건조,맑음,단일로 - 기타,승용,남,61세,상해없음,보행자,여,83세,중상
2019011700100303,2019년 1월 17일 15시,목요일,서울특별시 강북구 수유동,경상사고,0,0,1,0,차대사람 - 횡단중,안전운전불이행,건조,맑음,단일로 - 기타,승용,남,53세,상해없음,보행자,여,70세,경상
2019011700100308,2019년 1월 17일 15시,목요일,서울특별시 도봉구 도봉동,중상사고,0,1,1,0,차대사람 - 길가장자리구역통행중,안전운전불이행,건조,맑음,단일로 - 기타,승용,남,86세,상해없음,보행자,여,80세,중상
2019011700100342,2019년 1월 17일 16시,목요일,서울특별시 관악구 봉천동,중상사고,0,1,0,0,차대사람 - 횡단중,보행자보호의무위반,건조,맑음,단일로 - 기타,이륜,남,45세,상해없음,보행자,여,82세,중상
2019011700100409,2019년 1월 17일 18시,목요일,서울특별시 강서구 내발산동,경상사고,0,0,1,0,차대사람 - 차도통행중,안전운전불이행,건조,맑음,교차로 - 교차로부근,승용,여,42세,상해없음,보행자,여,68세,경상
2019011700100471,2019년 1월 17일 19시,목요일,서울특별시 양천구 목동,중상사고,0,1,0,0,차대사람 - 횡단중,안전운전불이행,건조,맑음,단일로 - 기타,이륜,남,24세,상해없음,보행자,여,67세,중상
2019011700100552,2019년 1월 17일 22시,목요일,서울특별시 성동구 금호동4가,부상신고사고,0,0,0,1,차대사람 - 횡단중,안전운전불이행,건조,맑음,교차로 - 교차로부근,승용,남,41세,상해없음,보행자,남,79세,부상신고
2019011800100141,2019년 1월 18일 09시,금요일,서울특별시 동작구 상도동,중상사고,0,1,0,0,차대사람 - 횡단중,보행자보호의무위반,건조,맑음,교차로 - 교차로횡단보도내,화물,남,41세,상해없음,보행자,남,87세,중상
2019011800100169,2019년 1월 18일 10시,금요일,서울특별시 성북구 장위동,경상사고,0,0,1,0,차대사람 - 횡단중,안전운전불이행,건조,맑음,단일로 - 기타,승용,남,54세,상해없음,보행자,남,79세,경상
2019011800100212,2019년 1월 18일 11시,금요일,서울특별시 도봉구 쌍문동,경상사고,0,0,1,0,차대사람 - 길가장자리구역통행중,안전운전불이행,건조,맑음,단일로 - 기타,화물,남,47세,상해없음,보행자,여,77세,경상
2019011800100334,2019년 1월 18일 15시,금요일,서울특별시 영등포구 당산동2가,중상사고,0,1,0,0,차대사람 - 기타,기타,건조,맑음,단일로 - 기타,승합,남,60세,상해없음,보행자,여,69세,중상
2019011800100395,2019년 1월 18일 17시,금요일,서울특별시 성동구 금호동4가,경상사고,0,0,1,0,차대사람 - 횡단중,안전운전불이행,건조,맑음,교차로 - 교차로부근,승용,남,57세,상해없음,보행자,여,66세,경상
2019011800100434,2019년 1월 18일 18시,금요일,서울특별시 용산구 한남동,중상사고,0,3,0,0,차대사람 - 횡단중,보행자보호의무위반,건조,맑음,기타 - 기타,승용,남,66세,상해없음,보행자,여,53세,중상
2019011800100501,2019년 1월 18일 19시,금요일,서울특별시 종로구 옥인동,경상사고,0,0,1,0,차대사람 - 횡단중,안전운전불이행,건조,맑음,교차로 - 교차로안,승용,남,59세,상해없음,보행자,여,76세,경상
2019011800100505,2019년 1월 18일 19시,금요일,서울특별시 중랑구 면목동,경상사고,0,0,2,0,차대사람 - 기타,안전운전불이행,건조,맑음,교차로 - 교차로안,승용,남,59세,상해없음,보행자,남,68세,경상
2019011800100511,2019년 1월 18일 19시,금요일,서울특별시 서초구 방배동,경상사고,0,0,1,0,차대사람 - 횡단중,신호위반,건조,맑음,교차로 - 교차로횡단보도내,승합,남,57세,상해없음,보행자,여,68세,경상
2019011800100628,2019년 1월 18일 23시,금요일,서울특별시 중구 중림동,중상사고,0,1,0,0,차대사람 - 횡단중,보행자보호의무위반,건조,맑음,단일로 - 기타,이륜,남,29세,상해없음,보행자,여,84세,중상
2019011800100629,2019년 1월 18일 23시,금요일,서울특별시 강북구 미아동,중상사고,0,1,0,0,차대사람 - 횡단중,안전운전불이행,건조,맑음,교차로 - 교차로부근,승용,남,39세,상해없음,보행자,여,65세,중상
2019011900100148,2019년 1월 19일 10시,토요일,서울특별시 구로구 궁동,중상사고,0,1,0,0,차대사람 - 기타,안전운전불이행,건조,맑음,교차로 - 교차로안,승용,여,34세,상해없음,보행자,여,85세,중상
2019011900100237,2019년 1월 19일 13시,토요일,서울특별시 금천구 시흥동,중상사고,0,1,0,0,차대사람 - 횡단중,안전운전불이행,건조,맑음,단일로 - 기타,화물,남,51세,상해없음,보행자,남,87세,중상
2019011900100291,2019년 1월 19일 15시,토요일,서울특별시 도봉구 방학동,중상사고,0,1,0,0,차대사람 - 기타,안전운전불이행,건조,맑음,단일로 - 기타,화물,남,53세,상해없음,보행자,여,79세,중상
2019012000100041,2019년 1월 20일 01시,일요일,서울특별시 강남구 세곡동,중상사고,0,1,0,0,차대사람 - 보도통행중,안전운전불이행,건조,맑음,단일로 - 기타,승용,남,62세,상해없음,보행자,남,65세,중상
2019012000100115,2019년 1월 20일 07시,일요일,서울특별시 서대문구 홍은동,중상사고,0,1,0,0,차대사람 - 횡단중,신호위반,건조,맑음,교차로 - 교차로횡단보도내,승용,남,48세,상해없음,보행자,남,66세,중상
2019012000100202,2019년 1월 20일 13시,일요일,서울특별시 노원구 상계동,중상사고,0,1,0,0,차대사람 - 횡단중,안전운전불이행,건조,맑음,단일로 - 기타,화물,남,54세,상해없음,보행자,여,69세,중상
2019012100100077,2019년 1월 21일 07시,월요일,서울특별시 서초구 잠원동,중상사고,0,1,0,0,차대사람 - 기타,안전운전불이행,건조,맑음,단일로 - 기타,승합,남,52세,상해없음,보행자,여,79세,중상
2019012100100242,2019년 1월 21일 13시,월요일,서울특별시 송파구 잠실동,경상사고,0,0,1,0,차대사람 - 기타,안전운전불이행,건조,맑음,단일로 - 기타,승용,남,38세,상해없음,보행자,여,85세,경상
2019012100100333,2019년 1월 21일 16시,월요일,서울특별시 노원구 상계동,중상사고,0,1,0,0,차대사람 - 기타,안전운전불이행,건조,맑음,단일로 - 기타,승용,남,42세,상해없음,보행자,여,71세,중상
2019012100100354,2019년 1월 21일 17시,월요일,서울특별시 강북구 미아동,중상사고,0,1,0,0,차대사람 - 기타,기타,건조,맑음,기타 - 기타,이륜,남,29세,상해없음,보행자,여,86세,중상
2019012100100511,2019년 1월 21일 21시,월요일,서울특별시 서초구 양재동,중상사고,0,1,0,0,차대사람 - 횡단중,신호위반,건조,맑음,교차로 - 교차로부근,승용,남,47세,상해없음,보행자,남,69세,중상
2019012200100085,2019년 1월 22일 06시,화요일,서울특별시 서대문구 홍제동,중상사고,0,1,0,0,차대사람 - 횡단중,보행자보호의무위반,건조,맑음,단일로 - 기타,승용,여,53세,상해없음,보행자,여,76세,중상
2019012200100087,2019년 1월 22일 06시,화요일,서울특별시 영등포구 신길동,중상사고,0,1,0,0,차대사람 - 차도통행중,안전운전불이행,건조,맑음,단일로 - 기타,기타불명,기타불명,미분류,기타불명,보행자,여,81세,중상
2019012200100245,2019년 1월 22일 11시,화요일,서울특별시 양천구 신월동,경상사고,0,0,2,0,차대사람 - 보도통행중,신호위반,건조,맑음,단일로 - 기타,화물,남,59세,상해없음,보행자,여,76세,경상
2019012200100478,2019년 1월 22일 19시,화요일,서울특별시 동대문구 장안동,중상사고,0,1,0,0,차대사람 - 기타,안전운전불이행,건조,맑음,교차로 - 교차로안,승용,여,48세,상해없음,보행자,여,71세,중상
2019012200100516,2019년 1월 22일 20시,화요일,서울특별시 송파구 잠실동,중상사고,0,1,0,0,차대사람 - 차도통행중,안전운전불이행,건조,맑음,교차로 - 교차로안,승합,남,50세,상해없음,보행자,남,65세,중상
2019012200100551,2019년 1월 22일 21시,화요일,서울특별시 성북구 종암동,부상신고사고,0,0,0,1,차대사람 - 횡단중,안전운전불이행,건조,맑음,단일로 - 기타,승용,남,59세,상해없음,보행자,남,67세,부상신고
2019012200100568,2019년 1월 22일 22시,화요일,서울특별시 마포구 망원동,경상사고,0,0,1,0,차대사람 - 기타,불법유턴,건조,맑음,기타 - 기타,화물,남,55세,상해없음,보행자,여,65세,경상
2019012300100164,2019년 1월 23일 09시,수요일,서울특별시 성북구 정릉동,경상사고,0,0,1,0,차대사람 - 횡단중,보행자보호의무위반,건조,맑음,단일로 - 기타,승용,여,46세,상해없음,보행자,여,72세,경상
2019012300100168,2019년 1월 23일 09시,수요일,서울특별시 양천구 신정동,중상사고,0,1,0,0,차대사람 - 기타,안전운전불이행,젖음/습기,맑음,교차로 - 교차로안,이륜,남,31세,상해없음,보행자,여,78세,중상
2019012300100196,2019년 1월 23일 10시,수요일,서울특별시 서초구 반포동,중상사고,0,1,0,0,차대사람 - 횡단중,안전운전불이행,건조,맑음,교차로 - 교차로부근,승용,남,65세,상해없음,보행자,여,77세,중상
2019012300100245,2019년 1월 23일 12시,수요일,서울특별시 중랑구 면목동,중상사고,0,1,0,0,차대사람 - 기타,안전운전불이행,건조,맑음,단일로 - 기타,승용,여,42세,기타불명,보행자,여,81세,중상
2019012300100248,2019년 1월 23일 12시,수요일,서울특별시 도봉구 창동,중상사고,0,1,0,0,차대사람 - 기타,안전운전불이행,건조,맑음,교차로 - 교차로부근,승합,남,58세,상해없음,보행자,여,74세,중상
2019012300100295,2019년 1월 23일 14시,수요일,서울특별시 동작구 신대방동,중상사고,0,1,0,0,차대사람 - 횡단중,보행자보호의무위반,건조,맑음,교차로 - 교차로횡단보도내,승용,남,63세,상해없음,보행자,남,69세,중상
2019012300100326,2019년 1월 23일 15시,수요일,서울특별시 양천구 목동,경상사고,0,0,1,0,차대사람 - 기타,안전운전불이행,건조,맑음,단일로 - 기타,승용,남,77세,상해없음,보행자,여,82세,경상
2019012300100408,2019년 1월 23일 18시,수요일,서울특별시 서초구 방배동,중상사고,0,1,0,0,차대사람 - 기타,안전운전불이행,건조,맑음,교차로 - 교차로안,승용,남,61세,상해없음,보행자,여,81세,중상
2019012300100445,2019년 1월 23일 19시,수요일,서울특별시 서대문구 북아현동,중상사고,0,1,0,0,차대사람 - 횡단중,안전운전불이행,건조,맑음,단일로 - 기타,이륜,남,36세,상해없음,보행자,여,71세,중상
2019012300100447,2019년 1월 23일 19시,수요일,서울특별시 관악구 신림동,경상사고,0,0,1,0,차대사람 - 기타,안전운전불이행,건조,맑음,기타 - 기타,승용,여,37세,상해없음,보행자,남,83세,경상
2019012300100509,2019년 1월 23일 21시,수요일,서울특별시 서초구 서초동,중상사고,0,1,0,0,차대사람 - 기타,안전운전불이행,건조,맑음,기타 - 기타,승용,남,29세,기타불명,보행자,남,77세,중상
2019012400100056,2019년 1월 24일 04시,목요일,서울특별시 관악구 봉천동,부상신고사고,0,0,0,1,차대사람 - 횡단중,신호위반,건조,맑음,단일로 - 기타,승용,남,52세,상해없음,보행자,여,81세,부상신고
2019012400100060,2019년 1월 24일 05시,목요일,서울특별시 관악구 신림동,경상사고,0,0,2,0,차대사람 - 기타,중앙선침범,건조,기타,단일로 - 기타,승합,남,52세,경상,보행자,남,68세,경상
2019012400100090,2019년 1월 24일 07시,목요일,서울특별시 서초구 신원동,중상사고,0,1,0,0,차대사람 - 횡단중,신호위반,건조,맑음,교차로 - 교차로횡단보도내,화물,남,62세,상해없음,보행자,여,77세,중상
2019012400100224,2019년 1월 24일 12시,목요일,서울특별시 강서구 등촌동,중상사고,0,1,0,0,차대사람 - 기타,보행자보호의무위반,건조,맑음,단일로 - 기타,화물,남,63세,상해없음,보행자,남,76세,중상
2019012400100227,2019년 1월 24일 12시,목요일,서울특별시 송파구 방이동,경상사고,0,0,1,0,차대사람 - 기타,안전운전불이행,건조,맑음,기타 - 기타,승용,남,57세,상해없음,보행자,여,75세,경상
2019012400100419,2019년 1월 24일 18시,목요일,서울특별시 성북구 보문동4가,경상사고,0,0,1,0,차대사람 - 차도통행중,신호위반,건조,맑음,교차로 - 교차로안,승용,남,32세,상해없음,보행자,남,79세,경상
2019012400100422,2019년 1월 24일 18시,목요일,서울특별시 관악구 봉천동,경상사고,0,0,1,0,차대사람 - 기타,안전운전불이행,건조,맑음,교차로 - 교차로부근,승합,남,60세,상해없음,보행자,여,67세,경상
2019012400100468,2019년 1월 24일 19시,목요일,서울특별시 동작구 노량진동,중상사고,0,1,0,0,차대사람 - 횡단중,안전운전불이행,건조,맑음,기타 - 기타,이륜,남,71세,상해없음,보행자,남,83세,중상
2019012500100039,2019년 1월 25일 01시,금요일,서울특별시 성동구 상왕십리동,경상사고,0,0,1,0,차대사람 - 기타,안전운전불이행,건조,맑음,단일로 - 기타,기타불명,기타불명,미분류,기타불명,보행자,남,67세,경상
2019012500100131,2019년 1월 25일 09시,금요일,서울특별시 동대문구 장안동,경상사고,0,0,1,0,차대사람 - 횡단중,보행자보호의무위반,건조,맑음,교차로 - 교차로안,승용,여,36세,상해없음,보행자,여,71세,경상
2019012500100181,2019년 1월 25일 11시,금요일,서울특별시 은평구 응암동,중상사고,0,1,0,0,차대사람 - 횡단중,신호위반,건조,맑음,교차로 - 교차로안,개인형이동수단(PM),남,48세,상해없음,보행자,여,77세,중상
2019012500100240,2019년 1월 25일 13시,금요일,서울특별시 노원구 상계동,경상사고,0,0,1,0,차대사람 - 보도통행중,안전운전불이행,건조,맑음,주차장 - 주차장,기타불명,기타불명,미분류,기타불명,보행자,남,71세,경상
2019012500100275,2019년 1월 25일 14시,금요일,서울특별시 노원구 하계동,경상사고,0,0,1,0,차대사람 - 차도통행중,안전운전불이행,건조,맑음,단일로 - 기타,화물,남,32세,상해없음,보행자,남,75세,경상
2019012500100310,2019년 1월 25일 15시,금요일,서울특별시 중구 회현동1가,중상사고,0,1,0,0,차대사람 - 기타,안전운전불이행,건조,맑음,단일로 - 기타,화물,남,63세,상해없음,보행자,남,77세,중상
2019012500100317,2019년 1월 25일 15시,금요일,서울특별시 도봉구 쌍문동,중상사고,0,1,0,0,차대사람 - 횡단중,보행자보호의무위반,건조,맑음,교차로 - 교차로횡단보도내,승용,남,60세,상해없음,보행자,여,79세,중상
2019012500100348,2019년 1월 25일 16시,금요일,서울특별시 중랑구 묵동,경상사고,0,0,1,0,차대사람 - 횡단중,보행자보호의무위반,건조,맑음,교차로 - 교차로횡단보도내,승용,여,37세,상해없음,보행자,여,65세,경상
2019012500100487,2019년 1월 25일 19시,금요일,서울특별시 동대문구 청량리동,경상사고,0,0,1,0,차대사람 - 횡단중,안전운전불이행,건조,맑음,단일로 - 기타,이륜,남,43세,상해없음,보행자,여,73세,경상
2019012500100492,2019년 1월 25일 19시,금요일,서울특별시 강서구 등촌동,중상사고,0,1,0,0,차대사람 - 보도통행중,기타,건조,맑음,단일로 - 기타,승용,여,58세,상해없음,보행자,여,70세,중상
2019012500100494,2019년 1월 25일 19시,금요일,서울특별시 노원구 공릉동,경상사고,0,0,1,0,차대사람 - 횡단중,보행자보호의무위반,건조,맑음,교차로 - 교차로안,자전거,남,50세,상해없음,보행자,여,68세,경상
2019012500100611,2019년 1월 25일 23시,금요일,서울특별시 도봉구 쌍문동,사망사고,1,0,0,0,차대사람 - 기타,안전운전불이행,건조,맑음,단일로 - 기타,승용,남,38세,상해없음,보행자,남,66세,사망
2019012600100106,2019년 1월 26일 07시,토요일,서울특별시 구로구 구로동,중상사고,0,1,0,0,차대사람 - 보도통행중,안전운전불이행,건조,맑음,단일로 - 기타,승용,남,45세,상해없음,보행자,여,82세,중상
2019012600100215,2019년 1월 26일 12시,토요일,서울특별시 노원구 상계동,부상신고사고,0,0,0,1,차대사람 - 보도통행중,안전운전불이행,건조,맑음,교차로 - 교차로안,승용,여,52세,상해없음,보행자,남,78세,부상신고
2019012600100347,2019년 1월 26일 16시,토요일,서울특별시 중구 신당동,중상사고,0,1,0,0,차대사람 - 횡단중,안전운전불이행,건조,맑음,교차로 - 교차로횡단보도내,승합,남,58세,상해없음,보행자,남,73세,중상
2019012600100349,2019년 1월 26일 16시,토요일,서울특별시 용산구 한강로3가,중상사고,0,1,0,0,차대사람 - 차도통행중,안전운전불이행,건조,맑음,교차로 - 교차로안,건설기계,남,51세,상해없음,보행자,여,74세,중상
2019012600100458,2019년 1월 26일 19시,토요일,서울특별시 강동구 길동,경상사고,0,0,1,0,차대사람 - 기타,안전운전불이행,건조,맑음,단일로 - 기타,승용,남,27세,상해없음,보행자,남,65세,경상
2019012600100527,2019년 1월 26일 21시,토요일,서울특별시 성북구 하월곡동,경상사고,0,0,1,0,차대사람 - 기타,안전운전불이행,건조,맑음,교차로 - 교차로안,이륜,남,64세,기타불명,보행자,여,81세,경상
2019012700100076,2019년 1월 27일 07시,일요일,서울특별시 은평구 녹번동,중상사고,0,1,0,0,차대사람 - 차도통행중,안전운전불이행,건조,맑음,단일로 - 기타,승용,남,84세,상해없음,보행자,여,79세,중상
2019012700100111,2019년 1월 27일 10시,일요일,서울특별시 강남구 대치동,경상사고,0,0,1,0,차대사람 - 길가장자리구역통행중,안전운전불이행,건조,맑음,단일로 - 기타,승용,남,43세,상해없음,보행자,여,78세,경상
2019012700100195,2019년 1월 27일 14시,일요일,서울특별시 성북구 정릉동,중상사고,0,1,0,0,차대사람 - 기타,안전운전불이행,건조,맑음,단일로 - 기타,화물,남,49세,상해없음,보행자,여,83세,중상
2019012700100282,2019년 1월 27일 17시,일요일,서울특별시 은평구 갈현동,중상사고,0,1,0,0,차대사람 - 횡단중,안전운전불이행,건조,맑음,교차로 - 교차로횡단보도내,승용,남,32세,상해없음,보행자,여,68세,중상
2019012700100371,2019년 1월 27일 21시,일요일,서울특별시 구로구 구로동,중상사고,0,1,0,0,차대사람 - 횡단중,안전운전불이행,건조,맑음,교차로 - 교차로안,승합,남,58세,상해없음,보행자,여,65세,중상
2019012800100100,2019년 1월 28일 07시,월요일,서울특별시 성동구 행당동,중상사고,0,1,0,0,차대사람 - 횡단중,보행자보호의무위반,건조,흐림,단일로 - 기타,승용,남,31세,상해없음,보행자,여,68세,중상
2019012800100140,2019년 1월 28일 08시,월요일,서울특별시 성북구 정릉동,중상사고,0,1,0,0,차대사람 - 횡단중,보행자보호의무위반,건조,맑음,교차로 - 교차로횡단보도내,승용,남,37세,상해없음,보행자,남,71세,중상
2019012800100314,2019년 1월 28일 12시,월요일,서울특별시 도봉구 창동,부상신고사고,0,0,0,2,차대사람 - 기타,안전운전불이행,건조,맑음,교차로 - 교차로안,승용,남,64세,상해없음,보행자,남,65세,부상신고
2019012800100416,2019년 1월 28일 15시,월요일,서울특별시 중랑구 면목동,중상사고,0,1,0,0,차대사람 - 횡단중,안전운전불이행,건조,맑음,단일로 - 기타,승용,남,61세,상해없음,보행자,여,69세,중상
2019012800100496,2019년 1월 28일 17시,월요일,서울특별시 중랑구 묵동,중상사고,0,1,1,0,차대사람 - 기타,안전운전불이행,건조,맑음,기타 - 기타,승용,여,58세,상해없음,보행자,여,57세,중상
2019012800100527,2019년 1월 28일 18시,월요일,서울특별시 노원구 하계동,경상사고,0,0,1,0,차대사람 - 횡단중,보행자보호의무위반,건조,맑음,교차로 - 교차로안,자전거,남,55세,상해없음,보행자,여,72세,경상
2019012800100572,2019년 1월 28일 19시,월요일,서울특별시 양천구 신정동,중상사고,0,1,0,0,차대사람 - 횡단중,보행자보호의무위반,건조,맑음,교차로 - 교차로횡단보도내,승용,여,56세,상해없음,보행자,여,68세,중상
2019012900100050,2019년 1월 29일 05시,화요일,서울특별시 중구 을지로4가,사망사고,1,0,0,0,차대사람 - 기타,안전운전불이행,건조,맑음,단일로 - 기타,화물,남,51세,상해없음,보행자,남,68세,사망
2019012900100196,2019년 1월 29일 12시,화요일,서울특별시 용산구 용문동,경상사고,0,0,1,0,차대사람 - 차도통행중,안전운전불이행,건조,맑음,교차로 - 교차로안,화물,남,54세,상해없음,보행자,여,90세 이상,경상
2019012900100197,2019년 1월 29일 12시,화요일,서울특별시 동작구 대방동,경상사고,0,0,2,0,차대사람 - 차도통행중,안전운전불이행,건조,맑음,단일로 - 기타,이륜,남,21세,경상,보행자,남,82세,경상
2019012900100485,2019년 1월 29일 19시,화요일,서울특별시 강북구 번동,경상사고,0,0,1,0,차대사람 - 기타,안전운전불이행,건조,맑음,단일로 - 기타,승합,남,69세,상해없음,보행자,여,68세,경상
2019012900100489,2019년 1월 29일 19시,화요일,서울특별시 강남구 개포동,중상사고,0,1,0,0,차대사람 - 기타,안전운전불이행,건조,맑음,단일로 - 기타,승합,남,41세,상해없음,보행자,남,71세,중상
2019013000100047,2019년 1월 30일 04시,수요일,서울특별시 관악구 봉천동,중상사고,0,1,0,0,차대사람 - 횡단중,안전운전불이행,건조,기타,단일로 - 기타,승용,남,67세,상해없음,보행자,여,71세,중상
2019013000100059,2019년 1월 30일 06시,수요일,서울특별시 노원구 상계동,중상사고,0,1,0,0,차대사람 - 횡단중,보행자보호의무위반,건조,맑음,교차로 - 교차로횡단보도내,화물,남,62세,상해없음,보행자,여,66세,중상
2019013000100112,2019년 1월 30일 09시,수요일,서울특별시 서대문구 북아현동,중상사고,0,1,0,0,차대사람 - 횡단중,신호위반,건조,맑음,단일로 - 기타,자전거,남,37세,상해없음,보행자,여,75세,중상