사고번호,사고일시,요일,시군구,사고내용,사망자수,중상자수,경상자수,부상신고자수,사고유형,법규위반,노면상태,기상상태,도로형태,가해운전자 차종,가해운전자 성별,가해운전자 연령,가해운전자 상해정도,피해운전자 차종,피해운전자 성별,피해운전자 연령,피해운전자 상해정도
2019013000100150,2019년 1월 30일 10시,수요일,서울특별시 강남구 일원동,경상사고,0,0,1,0,차대사람 - 기타,안전운전불이행,건조,맑음,단일로 - 기타,화물,남,49세,상해없음,보행자,남,66세,경상
2019013000100186,2019년 1월 30일 11시,수요일,서울특별시 중랑구 면목동,중상사고,0,1,0,0,차대사람 - 횡단중,보행자보호의무위반,건조,맑음,교차로 - 교차로부근,승용,남,57세,상해없음,보행자,여,72세,중상
2019013000100188,2019년 1월 30일 11시,수요일,서울특별시 은평구 대조동,사망사고,1,0,0,0,차대사람 - 횡단중,보행자보호의무위반,건조,맑음,교차로 - 교차로횡단보도내,화물,남,51세,상해없음,보행자,여,76세,사망
2019013000100232,2019년 1월 30일 13시,수요일,서울특별시 성북구 종암동,중상사고,0,1,0,0,차대사람 - 기타,안전운전불이행,건조,맑음,교차로 - 교차로부근,이륜,남,21세,상해없음,보행자,남,70세,중상
2019013000100273,2019년 1월 30일 14시,수요일,서울특별시 중랑구 묵동,중상사고,0,1,0,0,차대사람 - 차도통행중,불법유턴,건조,맑음,교차로 - 교차로안,화물,남,47세,상해없음,보행자,여,76세,중상
2019013000100338,2019년 1월 30일 16시,수요일,서울특별시 강북구 미아동,중상사고,0,1,0,0,차대사람 - 횡단중,안전운전불이행,건조,맑음,교차로 - 교차로안,화물,남,53세,상해없음,보행자,여,84세,중상
2019013000100385,2019년 1월 30일 17시,수요일,서울특별시 도봉구 도봉동,중상사고,0,1,0,0,차대사람 - 기타,보행자보호의무위반,건조,맑음,교차로 - 교차로횡단보도내,승용,여,33세,상해없음,보행자,여,73세,중상
2019013000100462,2019년 1월 30일 19시,수요일,서울특별시 금천구 독산동,중상사고,0,1,0,0,차대사람 - 기타,안전운전불이행,건조,맑음,단일로 - 기타,승합,남,74세,상해없음,보행자,여,67세,중상
2019013000100463,2019년 1월 30일 19시,수요일,서울특별시 동작구 사당동,중상사고,0,1,0,0,차대사람 - 차도통행중,안전운전불이행,건조,맑음,교차로 - 교차로안,승용,남,39세,상해없음,보행자,여,69세,중상
2019013000100466,2019년 1월 30일 19시,수요일,서울특별시 성북구 장위동,중상사고,0,1,0,0,차대사람 - 기타,안전운전불이행,건조,흐림,단일로 - 기타,승용,남,63세,상해없음,보행자,여,86세,중상
2019013000100528,2019년 1월 30일 21시,수요일,서울특별시 중구 을지로6가,중상사고,0,1,0,0,차대사람 - 횡단중,안전운전불이행,건조,맑음,단일로 - 기타,승용,남,28세,상해없음,보행자,여,88세,중상
2019013100100037,2019년 1월 31일 02시,목요일,서울특별시 강서구 화곡동,경상사고,0,0,1,0,차대사람 - 보도통행중,안전운전불이행,건조,맑음,단일로 - 기타,승용,남,46세,상해없음,보행자,남,77세,경상
2019013100100056,2019년 1월 31일 05시,목요일,서울특별시 중랑구 면목동,중상사고,0,1,0,0,차대사람 - 횡단중,안전운전불이행,건조,맑음,단일로 - 기타,화물,남,63세,상해없음,보행자,여,76세,중상
2019013100100057,2019년 1월 31일 05시,목요일,서울특별시 구로구 개봉동,중상사고,0,1,0,0,차대사람 - 기타,안전운전불이행,건조,기타,단일로 - 기타,승용,남,67세,상해없음,보행자,여,73세,중상
2019013100100065,2019년 1월 31일 06시,목요일,서울특별시 강동구 천호동,중상사고,0,1,0,0,차대사람 - 기타,안전운전불이행,건조,맑음,단일로 - 기타,승합,남,54세,상해없음,보행자,남,76세,중상
2019013100100090,2019년 1월 31일 07시,목요일,서울특별시 성북구 정릉동,중상사고,0,1,0,0,차대사람 - 횡단중,안전운전불이행,건조,맑음,교차로 - 교차로안,승용,여,40세,상해없음,보행자,여,83세,중상
2019013100100160,2019년 1월 31일 09시,목요일,서울특별시 강동구 상일동,경상사고,0,0,1,0,차대사람 - 기타,기타,건조,맑음,단일로 - 기타,승합,남,59세,상해없음,보행자,여,73세,경상
2019013100100182,2019년 1월 31일 10시,목요일,서울특별시 성북구 정릉동,중상사고,0,1,0,0,차대사람 - 횡단중,안전운전불이행,건조,맑음,교차로 - 교차로부근,승용,여,57세,상해없음,보행자,여,77세,중상
2019013100100238,2019년 1월 31일 12시,목요일,서울특별시 동작구 사당동,중상사고,0,1,0,0,차대사람 - 기타,안전운전불이행,건조,맑음,교차로 - 교차로안,승용,남,45세,상해없음,보행자,여,65세,중상
2019013100100393,2019년 1월 31일 17시,목요일,서울특별시 성북구 장위동,경상사고,0,0,1,0,차대사람 - 차도통행중,안전운전불이행,건조,맑음,교차로 - 교차로안,승용,여,54세,상해없음,보행자,여,78세,경상
2019013100100479,2019년 1월 31일 19시,목요일,서울특별시 서대문구 남가좌동,경상사고,0,0,1,0,차대사람 - 횡단중,보행자보호의무위반,건조,맑음,교차로 - 교차로횡단보도내,승용,남,33세,상해없음,보행자,남,80세,경상
2019013100100614,2019년 1월 31일 23시,목요일,서울특별시 양천구 신정동,중상사고,0,1,0,0,차대사람 - 횡단중,안전운전불이행,건조,맑음,교차로 - 교차로부근,승용,여,45세,상해없음,보행자,남,65세,중상
2019020100100090,2019년 2월 1일 06시,금요일,서울특별시 송파구 잠실동,경상사고,0,0,1,0,차대사람 - 기타,신호위반,건조,맑음,교차로 - 교차로안,승용,남,59세,상해없음,보행자,여,75세,경상
2019020100100188,2019년 2월 1일 10시,금요일,서울특별시 영등포구 신길동,중상사고,0,1,0,0,차대사람 - 차도통행중,안전운전불이행,건조,맑음,교차로 - 교차로안,승용,여,49세,상해없음,보행자,남,69세,중상
2019020100100287,2019년 2월 1일 13시,금요일,서울특별시 동대문구 청량리동,중상사고,0,1,0,0,차대사람 - 기타,안전운전불이행,건조,맑음,단일로 - 기타,화물,남,58세,상해없음,보행자,남,75세,중상
2019020100100289,2019년 2월 1일 13시,금요일,서울특별시 중랑구 중화동,중상사고,0,1,0,0,차대사람 - 횡단중,안전운전불이행,건조,맑음,교차로 - 교차로안,승용,남,26세,상해없음,보행자,여,68세,중상
2019020100100317,2019년 2월 1일 14시,금요일,서울특별시 동대문구 제기동,경상사고,0,0,1,0,차대사람 - 기타,안전운전불이행,건조,맑음,단일로 - 기타,승용,여,61세,상해없음,보행자,여,71세,경상
2019020100100373,2019년 2월 1일 15시,금요일,서울특별시 서초구 반포동,중상사고,0,1,0,0,차대사람 - 기타,안전운전불이행,건조,맑음,단일로 - 기타,승합,남,67세,상해없음,보행자,남,79세,중상
2019020100100416,2019년 2월 1일 16시,금요일,서울특별시 강서구 화곡동,중상사고,0,1,0,0,차대사람 - 기타,안전운전불이행,건조,맑음,단일로 - 기타,승합,남,40세,상해없음,보행자,여,81세,중상
2019020100100500,2019년 2월 1일 18시,금요일,서울특별시 구로구 구로동,중상사고,0,1,0,0,차대사람 - 기타,안전운전불이행,건조,맑음,단일로 - 기타,승용,남,55세,상해없음,보행자,여,71세,중상
2019020200100203,2019년 2월 2일 11시,토요일,서울특별시 도봉구 창동,중상사고,0,1,0,0,차대사람 - 차도통행중,안전운전불이행,건조,맑음,교차로 - 교차로부근,승용,여,69세,상해없음,보행자,여,68세,중상
2019020200100264,2019년 2월 2일 13시,토요일,서울특별시 관악구 봉천동,중상사고,0,1,0,0,차대사람 - 기타,안전운전불이행,건조,맑음,단일로 - 기타,승용,남,57세,기타불명,보행자,여,83세,중상
2019020200100376,2019년 2월 2일 16시,토요일,서울특별시 강남구 수서동,중상사고,0,1,0,0,차대사람 - 횡단중,기타,건조,맑음,기타 - 기타,자전거,남,36세,상해없음,보행자,여,76세,중상
2019020300100447,2019년 2월 3일 21시,일요일,서울특별시 광진구 자양동,경상사고,0,0,1,0,차대사람 - 기타,기타,건조,맑음,교차로 - 교차로부근,승합,남,61세,상해없음,보행자,남,72세,경상
2019020400100287,2019년 2월 4일 19시,월요일,서울특별시 은평구 역촌동,중상사고,0,1,0,0,차대사람 - 횡단중,신호위반,건조,맑음,단일로 - 기타,이륜,남,28세,상해없음,보행자,여,71세,중상
2019020400100307,2019년 2월 4일 20시,월요일,서울특별시 용산구 원효로1가,중상사고,0,1,0,0,차대사람 - 기타,기타,건조,맑음,단일로 - 지하차도(도로)내,승용,남,63세,상해없음,보행자,여,82세,중상
2019020400100329,2019년 2월 4일 21시,월요일,서울특별시 양천구 신정동,중상사고,0,1,0,0,차대사람 - 횡단중,신호위반,건조,맑음,교차로 - 교차로횡단보도내,이륜,남,46세,상해없음,보행자,남,72세,중상
2019020600100015,2019년 2월 6일 00시,수요일,서울특별시 구로구 구로동,중상사고,0,1,0,0,차대사람 - 횡단중,안전운전불이행,건조,맑음,교차로 - 교차로안,승용,남,59세,상해없음,보행자,여,73세,중상
2019020600100204,2019년 2월 6일 16시,수요일,서울특별시 구로구 항동,중상사고,0,1,0,0,차대사람 - 횡단중,신호위반,건조,기타,단일로 - 기타,이륜,남,24세,기타불명,보행자,남,70세,중상
2019020700100055,2019년 2월 7일 03시,목요일,서울특별시 구로구 구로동,사망사고,1,0,0,0,차대사람 - 횡단중,과속,젖음/습기,비,단일로 - 기타,승용,남,70세,상해없음,보행자,남,67세,사망
2019020700100090,2019년 2월 7일 07시,목요일,서울특별시 성북구 동소문동7가,중상사고,0,1,0,0,차대사람 - 횡단중,보행자보호의무위반,젖음/습기,비,단일로 - 기타,승용,남,64세,상해없음,보행자,여,76세,중상
2019020700100185,2019년 2월 7일 11시,목요일,서울특별시 종로구 익선동,부상신고사고,0,0,0,1,차대사람 - 차도통행중,안전운전불이행,건조,맑음,단일로 - 지하차도(도로)내,승용,여,51세,상해없음,보행자,여,79세,부상신고
2019020700100190,2019년 2월 7일 11시,목요일,서울특별시 도봉구 쌍문동,중상사고,0,1,0,0,차대사람 - 기타,안전운전불이행,건조,맑음,단일로 - 기타,자전거,남,55세,상해없음,보행자,여,80세,중상
2019020700100218,2019년 2월 7일 12시,목요일,서울특별시 서대문구 홍은동,중상사고,0,1,0,0,차대사람 - 횡단중,보행자보호의무위반,건조,맑음,단일로 - 기타,화물,남,64세,상해없음,보행자,남,84세,중상
2019020700100262,2019년 2월 7일 14시,목요일,서울특별시 은평구 응암동,경상사고,0,0,1,0,차대사람 - 보도통행중,기타,건조,맑음,기타 - 기타,승용,남,57세,상해없음,보행자,여,82세,경상
2019020700100297,2019년 2월 7일 15시,목요일,서울특별시 도봉구 방학동,중상사고,0,1,0,0,차대사람 - 길가장자리구역통행중,안전운전불이행,건조,맑음,단일로 - 기타,승용,남,29세,상해없음,보행자,여,80세,중상
2019020800100056,2019년 2월 8일 06시,금요일,서울특별시 마포구 아현동,사망사고,1,0,0,0,차대사람 - 횡단중,안전운전불이행,건조,맑음,교차로 - 교차로안,승용,여,69세,상해없음,보행자,여,84세,사망
2019020800100114,2019년 2월 8일 09시,금요일,서울특별시 강서구 방화동,경상사고,0,0,1,0,차대사람 - 차도통행중,안전운전불이행,건조,맑음,단일로 - 기타,승용,여,26세,상해없음,보행자,여,70세,경상
2019020800100185,2019년 2월 8일 12시,금요일,서울특별시 은평구 구산동,경상사고,0,0,1,0,차대사람 - 횡단중,안전운전불이행,건조,맑음,기타 - 기타,이륜,남,26세,상해없음,보행자,남,82세,경상
2019020900100102,2019년 2월 9일 08시,토요일,서울특별시 은평구 불광동,경상사고,0,0,1,0,차대사람 - 횡단중,안전운전불이행,건조,맑음,단일로 - 기타,원동기,남,46세,상해없음,보행자,여,88세,경상
2019020900100334,2019년 2월 9일 18시,토요일,서울특별시 송파구 문정동,중상사고,0,1,0,0,차대사람 - 기타,안전운전불이행,건조,맑음,단일로 - 기타,승용,남,52세,상해없음,보행자,남,71세,중상
2019020900100336,2019년 2월 9일 18시,토요일,서울특별시 노원구 상계동,중상사고,0,1,0,0,차대사람 - 횡단중,중앙선침범,건조,맑음,단일로 - 기타,승용,남,38세,상해없음,보행자,남,85세,중상
2019021000100103,2019년 2월 10일 09시,일요일,서울특별시 동작구 대방동,부상신고사고,0,0,0,1,차대사람 - 횡단중,안전운전불이행,건조,맑음,교차로 - 교차로부근,승용,남,26세,상해없음,보행자,남,77세,부상신고
2019021100100058,2019년 2월 11일 06시,월요일,서울특별시 광진구 중곡동,중상사고,0,1,0,0,차대사람 - 횡단중,안전운전불이행,건조,맑음,단일로 - 기타,승합,남,64세,상해없음,보행자,여,81세,중상
2019021100100089,2019년 2월 11일 08시,월요일,서울특별시 강동구 둔촌동,중상사고,0,1,0,0,차대사람 - 횡단중,안전운전불이행,건조,맑음,단일로 - 기타,승용,남,64세,상해없음,보행자,여,80세,중상
2019021100100125,2019년 2월 11일 09시,월요일,서울특별시 관악구 신림동,중상사고,0,1,0,0,차대사람 - 기타,교차로운행방법위반,건조,맑음,교차로 - 교차로안,승용,남,31세,상해없음,보행자,여,78세,중상
2019021100100360,2019년 2월 11일 17시,월요일,서울특별시 강남구 도곡동,경상사고,0,0,1,0,차대사람 - 기타,안전운전불이행,건조,맑음,단일로 - 기타,화물,남,26세,상해없음,보행자,여,72세,경상
2019021100100422,2019년 2월 11일 19시,월요일,서울특별시 종로구 부암동,사망사고,1,0,0,0,차대사람 - 차도통행중,안전운전불이행,건조,맑음,단일로 - 기타,승용,남,64세,상해없음,보행자,여,90세 이상,사망
2019021100100466,2019년 2월 11일 20시,월요일,서울특별시 동대문구 용두동,중상사고,0,1,0,0,차대사람 - 기타,안전운전불이행,건조,맑음,단일로 - 기타,승합,남,62세,상해없음,보행자,여,77세,중상
2019021200100128,2019년 2월 12일 09시,화요일,서울특별시 강서구 방화동,경상사고,0,0,1,1,차대사람 - 기타,안전운전불이행,건조,맑음,단일로 - 기타,승용,여,35세,부상신고,보행자,남,75세,경상
2019021200100285,2019년 2월 12일 14시,화요일,서울특별시 강서구 화곡동,경상사고,0,0,1,0,차대사람 - 횡단중,안전운전불이행,건조,맑음,교차로 - 교차로안,승용,남,66세,상해없음,보행자,남,66세,경상
2019021200100328,2019년 2월 12일 16시,화요일,서울특별시 동대문구 장안동,경상사고,0,0,1,0,차대사람 - 기타,안전운전불이행,건조,맑음,교차로 - 교차로안,승용,남,71세,상해없음,보행자,남,75세,경상
2019021200100392,2019년 2월 12일 18시,화요일,서울특별시 동작구 사당동,중상사고,0,1,0,0,차대사람 - 기타,안전운전불이행,건조,맑음,단일로 - 기타,승용,여,37세,상해없음,보행자,여,66세,중상
2019021200100400,2019년 2월 12일 18시,화요일,서울특별시 은평구 진관동,경상사고,0,0,1,0,차대사람 - 횡단중,안전운전불이행,건조,맑음,교차로 - 교차로안,승용,여,38세,상해없음,보행자,남,77세,경상
2019021200100485,2019년 2월 12일 21시,화요일,서울특별시 중랑구 망우동,경상사고,0,0,1,0,차대사람 - 횡단중,안전운전불이행,건조,맑음,교차로 - 교차로안,승합,남,49세,상해없음,보행자,남,69세,경상
2019021200100486,2019년 2월 12일 21시,화요일,서울특별시 중랑구 면목동,중상사고,0,1,0,0,차대사람 - 기타,안전운전불이행,건조,맑음,교차로 - 교차로부근,승용,남,54세,상해없음,보행자,남,66세,중상
2019021300100140,2019년 2월 13일 09시,수요일,서울특별시 광진구 구의동,경상사고,0,0,1,0,차대사람 - 기타,안전운전불이행,건조,맑음,단일로 - 기타,승용,남,61세,상해없음,보행자,남,69세,경상
2019021300100141,2019년 2월 13일 09시,수요일,서울특별시 성동구 성수동1가,중상사고,0,1,0,0,차대사람 - 기타,신호위반,건조,맑음,교차로 - 교차로안,이륜,여,46세,상해없음,보행자,여,89세,중상
2019021300100142,2019년 2월 13일 09시,수요일,서울특별시 중랑구 망우동,중상사고,0,1,0,0,차대사람 - 횡단중,안전운전불이행,건조,맑음,기타 - 기타,승용,남,58세,상해없음,보행자,여,77세,중상
2019021300100241,2019년 2월 13일 13시,수요일,서울특별시 서초구 서초동,경상사고,0,0,1,0,차대사람 - 기타,안전운전불이행,건조,맑음,단일로 - 기타,이륜,남,68세,상해없음,보행자,여,70세,경상
2019021300100313,2019년 2월 13일 15시,수요일,서울특별시 중구 신당동,중상사고,0,1,0,0,차대사람 - 기타,신호위반,건조,맑음,단일로 - 기타,승용,여,52세,상해없음,보행자,여,70세,중상
2019021300100398,2019년 2월 13일 18시,수요일,서울특별시 송파구 가락동,중상사고,0,1,0,0,차대사람 - 기타,안전운전불이행,건조,맑음,단일로 - 기타,승용,여,44세,상해없음,보행자,여,71세,중상
2019021400100059,2019년 2월 14일 06시,목요일,서울특별시 양천구 신정동,중상사고,0,1,0,0,차대사람 - 기타,보행자보호의무위반,건조,맑음,교차로 - 교차로안,승합,남,60세,상해없음,보행자,여,74세,중상
2019021400100073,2019년 2월 14일 07시,목요일,서울특별시 강동구 둔촌동,경상사고,0,0,1,0,차대사람 - 횡단중,안전운전불이행,건조,맑음,교차로 - 교차로안,화물,남,49세,상해없음,보행자,여,70세,경상
2019021400100127,2019년 2월 14일 09시,목요일,서울특별시 동작구 사당동,중상사고,0,1,0,0,차대사람 - 횡단중,보행자보호의무위반,건조,맑음,교차로 - 교차로안,승용,여,58세,상해없음,보행자,여,71세,중상
2019021400100220,2019년 2월 14일 12시,목요일,서울특별시 영등포구 영등포동,경상사고,0,0,1,0,차대사람 - 횡단중,신호위반,건조,맑음,단일로 - 기타,승합,남,37세,상해없음,보행자,여,79세,경상
2019021400100223,2019년 2월 14일 12시,목요일,서울특별시 강동구 성내동,경상사고,0,0,1,0,차대사람 - 횡단중,안전운전불이행,건조,맑음,교차로 - 교차로안,이륜,남,72세,상해없음,보행자,여,71세,경상
2019021400100329,2019년 2월 14일 16시,목요일,서울특별시 서대문구 연희동,중상사고,0,1,0,0,차대사람 - 기타,안전운전불이행,건조,맑음,교차로 - 교차로안,승용,여,48세,상해없음,보행자,여,79세,중상
2019021400100330,2019년 2월 14일 16시,목요일,서울특별시 광진구 중곡동,중상사고,0,1,0,0,차대사람 - 횡단중,안전운전불이행,건조,맑음,교차로 - 교차로안,화물,남,54세,상해없음,보행자,여,76세,중상
2019021400100363,2019년 2월 14일 17시,목요일,서울특별시 서대문구 남가좌동,중상사고,0,1,0,0,차대사람 - 기타,안전운전불이행,건조,맑음,교차로 - 교차로안,승합,남,67세,상해없음,보행자,여,86세,중상
2019021400100364,2019년 2월 14일 17시,목요일,서울특별시 강서구 화곡동,경상사고,0,0,1,0,차대사람 - 길가장자리구역통행중,안전운전불이행,건조,맑음,단일로 - 기타,승용,남,25세,상해없음,보행자,남,78세,경상
2019021400100452,2019년 2월 14일 19시,목요일,서울특별시 서대문구 북가좌동,경상사고,0,0,1,0,차대사람 - 횡단중,안전운전불이행,건조,맑음,단일로 - 기타,이륜,남,22세,상해없음,보행자,남,82세,경상
2019021400100524,2019년 2월 14일 21시,목요일,서울특별시 구로구 구로동,중상사고,0,1,0,0,차대사람 - 기타,기타,건조,맑음,기타 - 기타,승합,남,58세,상해없음,보행자,남,71세,중상
2019021500100057,2019년 2월 15일 05시,금요일,서울특별시 마포구 성산동,중상사고,0,1,0,0,차대사람 - 횡단중,보행자보호의무위반,적설,눈,교차로 - 교차로횡단보도내,승합,여,58세,상해없음,보행자,여,74세,중상
2019021500100197,2019년 2월 15일 09시,금요일,서울특별시 영등포구 신길동,중상사고,0,1,0,0,차대사람 - 차도통행중,안전운전불이행,젖음/습기,눈,단일로 - 기타,승용,남,26세,상해없음,보행자,여,82세,중상
2019021500100235,2019년 2월 15일 10시,금요일,서울특별시 중랑구 상봉동,중상사고,0,1,0,0,차대사람 - 기타,불법유턴,건조,맑음,단일로 - 기타,화물,남,58세,상해없음,보행자,여,81세,중상
2019021500100261,2019년 2월 15일 11시,금요일,서울특별시 서대문구 충정로3가,경상사고,0,0,1,0,차대사람 - 기타,보행자보호의무위반,건조,맑음,단일로 - 기타,승용,남,46세,상해없음,보행자,여,66세,경상
2019021500100391,2019년 2월 15일 15시,금요일,서울특별시 강동구 천호동,경상사고,0,0,1,0,차대사람 - 기타,안전운전불이행,건조,맑음,단일로 - 기타,승용,남,71세,상해없음,보행자,여,77세,경상
2019021500100420,2019년 2월 15일 16시,금요일,서울특별시 구로구 구로동,경상사고,0,0,1,0,차대사람 - 횡단중,신호위반,젖음/습기,눈,교차로 - 교차로횡단보도내,화물,남,40세,상해없음,보행자,남,70세,경상
2019021500100453,2019년 2월 15일 17시,금요일,서울특별시 강동구 길동,경상사고,0,0,1,0,차대사람 - 횡단중,안전운전불이행,건조,흐림,단일로 - 기타,승용,남,60세,상해없음,보행자,남,74세,경상
2019021500100593,2019년 2월 15일 20시,금요일,서울특별시 동작구 본동,중상사고,0,1,0,0,차대사람 - 횡단중,보행자보호의무위반,젖음/습기,맑음,교차로 - 교차로부근,승용,남,60세,상해없음,보행자,여,72세,중상
2019021500100623,2019년 2월 15일 21시,금요일,서울특별시 성북구 정릉동,사망사고,1,0,0,0,차대사람 - 횡단중,보행자보호의무위반,건조,맑음,단일로 - 기타,승용,남,38세,상해없음,보행자,남,89세,사망
2019021500100628,2019년 2월 15일 21시,금요일,서울특별시 중랑구 묵동,중상사고,0,1,0,0,차대사람 - 횡단중,안전운전불이행,건조,맑음,교차로 - 교차로안,승용,여,71세,상해없음,보행자,남,72세,중상
2019021600100084,2019년 2월 16일 06시,토요일,서울특별시 동작구 노량진동,중상사고,0,1,0,0,차대사람 - 차도통행중,안전운전불이행,건조,맑음,단일로 - 기타,화물,남,64세,상해없음,보행자,여,67세,중상
2019021600100178,2019년 2월 16일 11시,토요일,서울특별시 동작구 노량진동,경상사고,0,0,1,0,차대사람 - 기타,기타,건조,맑음,단일로 - 기타,승합,남,59세,상해없음,보행자,여,65세,경상
2019021600100181,2019년 2월 16일 11시,토요일,서울특별시 노원구 공릉동,중상사고,0,1,0,0,차대사람 - 기타,기타,건조,맑음,기타 - 기타,자전거,여,26세,상해없음,보행자,여,73세,중상
2019021600100235,2019년 2월 16일 13시,토요일,서울특별시 동작구 상도동,중상사고,0,1,0,0,차대사람 - 차도통행중,안전운전불이행,건조,맑음,기타 - 기타,승용,남,67세,상해없음,보행자,남,72세,중상
2019021600100577,2019년 2월 16일 22시,토요일,서울특별시 중랑구 묵동,중상사고,0,1,0,0,차대사람 - 차도통행중,안전운전불이행,건조,맑음,단일로 - 기타,이륜,남,24세,상해없음,보행자,여,75세,중상
2019021600100599,2019년 2월 16일 23시,토요일,서울특별시 은평구 대조동,중상사고,0,1,0,0,차대사람 - 차도통행중,안전운전불이행,건조,맑음,단일로 - 기타,승용,남,35세,상해없음,보행자,여,81세,중상
2019021700100019,2019년 2월 17일 00시,일요일,서울특별시 종로구 옥인동,중상사고,0,1,0,0,차대사람 - 차도통행중,안전운전불이행,건조,맑음,단일로 - 지하차도(도로)내,승용,남,68세,상해없음,보행자,남,81세,중상
2019021700100128,2019년 2월 17일 09시,일요일,서울특별시 영등포구 영등포동3가,중상사고,0,1,0,0,차대사람 - 횡단중,신호위반,건조,맑음,단일로 - 기타,이륜,남,34세,상해없음,보행자,남,72세,중상
2019021700100190,2019년 2월 17일 12시,일요일,서울특별시 서초구 서초동,경상사고,0,0,1,0,차대사람 - 횡단중,보행자보호의무위반,건조,맑음,교차로 - 교차로횡단보도내,승용,여,36세,상해없음,보행자,여,79세,경상
2019021700100252,2019년 2월 17일 15시,일요일,서울특별시 서대문구 연희동,중상사고,0,1,0,0,차대사람 - 횡단중,안전운전불이행,건조,맑음,단일로 - 기타,승용,남,25세,상해없음,보행자,남,82세,중상
2019021700100339,2019년 2월 17일 18시,일요일,서울특별시 은평구 불광동,중상사고,0,1,0,0,차대사람 - 기타,안전운전불이행,건조,맑음,기타 - 기타,이륜,남,27세,상해없음,보행자,여,77세,중상
2019021700100454,2019년 2월 17일 22시,일요일,서울특별시 강서구 마곡동,중상사고,0,1,0,0,차대사람 - 기타,안전운전불이행,건조,맑음,교차로 - 교차로횡단보도내,승용,여,58세,상해없음,보행자,여,66세,중상
2019021800100176,2019년 2월 18일 10시,월요일,서울특별시 양천구 목동,중상사고,0,1,0,0,차대사람 - 기타,안전운전불이행,젖음/습기,흐림,교차로 - 교차로안,승용,여,33세,상해없음,보행자,여,81세,중상
2019021800100325,2019년 2월 18일 16시,월요일,서울특별시 은평구 응암동,경상사고,0,0,1,0,차대사람 - 기타,안전운전불이행,건조,맑음,교차로 - 교차로안,화물,남,27세,상해없음,보행자,여,90세 이상,경상
2019021800100401,2019년 2월 18일 18시,월요일,서울특별시 강서구 공항동,중상사고,0,1,0,0,차대사람 - 기타,안전운전불이행,건조,맑음,단일로 - 기타,승용,남,51세,상해없음,보행자,여,66세,중상
2019021800100472,2019년 2월 18일 20시,월요일,서울특별시 서대문구 연희동,중상사고,0,1,0,0,차대사람 - 횡단중,안전운전불이행,건조,맑음,단일로 - 기타,승합,남,61세,상해없음,보행자,남,68세,중상
2019021800100473,2019년 2월 18일 20시,월요일,서울특별시 은평구 신사동,경상사고,0,0,1,0,차대사람 - 길가장자리구역통행중,안전운전불이행,건조,맑음,교차로 - 교차로안,승용,여,55세,상해없음,보행자,남,71세,경상
2019021900100103,2019년 2월 19일 07시,화요일,서울특별시 노원구 중계동,경상사고,0,0,1,0,차대사람 - 횡단중,보행자보호의무위반,건조,맑음,교차로 - 교차로안,승용,남,41세,상해없음,보행자,여,69세,경상
2019022000100067,2019년 2월 20일 06시,수요일,서울특별시 강동구 천호동,중상사고,0,1,0,0,차대사람 - 횡단중,보행자보호의무위반,건조,맑음,교차로 - 교차로횡단보도내,승합,남,52세,상해없음,보행자,여,81세,중상
2019022000100132,2019년 2월 20일 09시,수요일,서울특별시 마포구 도화동,중상사고,0,1,0,0,차대사람 - 횡단중,보행자보호의무위반,건조,맑음,교차로 - 교차로횡단보도내,승용,남,71세,상해없음,보행자,여,90세 이상,중상
2019022000100214,2019년 2월 20일 12시,수요일,서울특별시 서초구 잠원동,경상사고,0,0,1,0,차대사람 - 차도통행중,안전운전불이행,건조,흐림,교차로 - 교차로부근,승용,남,69세,상해없음,보행자,남,76세,경상
2019022000100389,2019년 2월 20일 18시,수요일,서울특별시 중랑구 중화동,부상신고사고,0,0,0,1,차대사람 - 길가장자리구역통행중,안전운전불이행,건조,맑음,단일로 - 기타,승용,여,30세,상해없음,보행자,남,76세,부상신고
2019022000100430,2019년 2월 20일 19시,수요일,서울특별시 중랑구 면목동,중상사고,0,1,0,0,차대사람 - 차도통행중,안전운전불이행,적설,맑음,미분류 - 미분류,이륜,남,59세,상해없음,보행자,남,69세,중상
2019022000100523,2019년 2월 20일 22시,수요일,서울특별시 종로구 명륜2가,중상사고,0,1,0,0,차대사람 - 차도통행중,안전운전불이행,건조,맑음,단일로 - 기타,승합,남,51세,상해없음,보행자,여,76세,중상
2019022100100110,2019년 2월 21일 08시,목요일,서울특별시 영등포구 신길동,경상사고,0,0,1,0,차대사람 - 횡단중,안전운전불이행,건조,맑음,교차로 - 교차로횡단보도내,승용,남,79세,상해없음,보행자,여,66세,경상
2019022100100430,2019년 2월 21일 18시,목요일,서울특별시 관악구 신림동,부상신고사고,0,0,0,1,차대사람 - 차도통행중,안전운전불이행,건조,맑음,교차로 - 교차로안,승용,여,57세,상해없음,보행자,여,79세,부상신고
2019022100100484,2019년 2월 21일 19시,목요일,서울특별시 강동구 천호동,중상사고,0,1,0,0,차대사람 - 차도통행중,안전운전불이행,건조,맑음,단일로 - 기타,이륜,남,22세,상해없음,보행자,여,80세,중상
2019022100100533,2019년 2월 21일 20시,목요일,서울특별시 노원구 공릉동,중상사고,0,1,0,0,차대사람 - 길가장자리구역통행중,안전운전불이행,건조,맑음,단일로 - 기타,승용,남,59세,상해없음,보행자,여,66세,중상
2019022200100124,2019년 2월 22일 08시,금요일,서울특별시 마포구 창전동,경상사고,0,0,1,0,차대사람 - 횡단중,신호위반,건조,맑음,교차로 - 교차로안,기타불명,기타불명,미분류,기타불명,보행자,여,67세,경상