사고번호,사고일시,요일,시군구,사고내용,사망자수,중상자수,경상자수,부상신고자수,사고유형,법규위반,노면상태,기상상태,도로형태,가해운전자 차종,가해운전자 성별,가해운전자 연령,가해운전자 상해정도,피해운전자 차종,피해운전자 성별,피해운전자 연령,피해운전자 상해정도
2019031700100097,2019년 3월 17일 06시,일요일,서울특별시 강남구 역삼동,경상사고,0,0,1,0,차대사람 - 기타,안전운전불이행,건조,맑음,단일로 - 기타,승용,남,31세,상해없음,보행자,남,69세,경상
2019031700100185,2019년 3월 17일 12시,일요일,서울특별시 구로구 신도림동,중상사고,0,1,0,0,차대사람 - 횡단중,안전운전불이행,건조,맑음,단일로 - 기타,승용,남,58세,상해없음,보행자,여,81세,중상
2019031700100224,2019년 3월 17일 13시,일요일,서울특별시 광진구 구의동,경상사고,0,0,1,0,차대사람 - 기타,기타,건조,맑음,단일로 - 교량,승합,남,54세,상해없음,보행자,남,83세,경상
2019031700100361,2019년 3월 17일 17시,일요일,서울특별시 광진구 자양동,경상사고,0,0,1,0,차대사람 - 보도통행중,안전운전불이행,건조,맑음,단일로 - 기타,승용,남,39세,상해없음,보행자,여,87세,경상
2019031700100364,2019년 3월 17일 17시,일요일,서울특별시 성북구 장위동,중상사고,0,1,0,0,차대사람 - 기타,기타,건조,맑음,교차로 - 교차로부근,승용,남,52세,상해없음,보행자,남,66세,중상
2019031800100247,2019년 3월 18일 12시,월요일,서울특별시 중랑구 중화동,경상사고,0,0,1,0,차대사람 - 횡단중,안전운전불이행,건조,맑음,교차로 - 교차로부근,승용,여,35세,상해없음,보행자,남,66세,경상
2019031800100326,2019년 3월 18일 15시,월요일,서울특별시 금천구 가산동,중상사고,0,1,0,0,차대사람 - 기타,안전운전불이행,건조,맑음,교차로 - 교차로안,화물,남,34세,상해없음,보행자,남,66세,중상
2019031800100436,2019년 3월 18일 18시,월요일,서울특별시 송파구 송파동,중상사고,0,1,0,0,차대사람 - 횡단중,신호위반,건조,맑음,교차로 - 교차로횡단보도내,승합,남,51세,상해없음,보행자,여,69세,중상
2019031800100467,2019년 3월 18일 19시,월요일,서울특별시 동대문구 답십리동,중상사고,0,1,0,0,차대사람 - 기타,안전운전불이행,건조,맑음,기타 - 기타,승합,남,38세,상해없음,보행자,남,75세,중상
2019031800100470,2019년 3월 18일 19시,월요일,서울특별시 서초구 방배동,중상사고,0,1,0,0,차대사람 - 횡단중,안전운전불이행,건조,맑음,단일로 - 지하차도(도로)내,이륜,남,35세,상해없음,보행자,여,72세,중상
2019031800100505,2019년 3월 18일 20시,월요일,서울특별시 노원구 중계동,중상사고,0,1,0,0,차대사람 - 기타,안전운전불이행,건조,맑음,주차장 - 주차장,승합,남,58세,상해없음,보행자,여,72세,중상
2019031900100066,2019년 3월 19일 05시,화요일,서울특별시 노원구 공릉동,중상사고,0,1,0,0,차대사람 - 기타,안전운전불이행,건조,맑음,교차로 - 교차로부근,승용,남,48세,상해없음,보행자,남,65세,중상
2019031900100182,2019년 3월 19일 10시,화요일,서울특별시 서초구 서초동,경상사고,0,0,1,0,차대사람 - 보도통행중,안전운전불이행,건조,맑음,단일로 - 기타,승용,남,54세,상해없음,보행자,남,69세,경상
2019031900100228,2019년 3월 19일 12시,화요일,서울특별시 강동구 성내동,경상사고,0,0,1,0,차대사람 - 차도통행중,안전운전불이행,건조,맑음,교차로 - 교차로안,화물,남,58세,상해없음,보행자,여,73세,경상
2019031900100254,2019년 3월 19일 13시,화요일,서울특별시 강서구 가양동,중상사고,0,3,0,0,차대사람 - 횡단중,보행자보호의무위반,건조,맑음,교차로 - 교차로횡단보도내,화물,남,54세,상해없음,보행자,여,79세,중상
2019031900100306,2019년 3월 19일 15시,화요일,서울특별시 관악구 봉천동,중상사고,0,1,0,0,차대사람 - 차도통행중,안전운전불이행,건조,맑음,교차로 - 교차로안,화물,남,46세,상해없음,보행자,여,70세,중상
2019031900100378,2019년 3월 19일 17시,화요일,서울특별시 송파구 풍납동,경상사고,0,0,1,0,차대사람 - 보도통행중,안전운전불이행,건조,맑음,단일로 - 기타,승용,남,83세,상해없음,보행자,여,69세,경상
2019031900100413,2019년 3월 19일 18시,화요일,서울특별시 동작구 상도동,경상사고,0,0,1,0,차대사람 - 기타,안전운전불이행,건조,맑음,단일로 - 기타,승합,남,34세,상해없음,보행자,남,75세,경상
2019031900100415,2019년 3월 19일 18시,화요일,서울특별시 송파구 송파동,중상사고,0,1,0,0,차대사람 - 횡단중,안전운전불이행,건조,맑음,단일로 - 기타,승합,남,62세,상해없음,보행자,여,77세,중상
2019031900100450,2019년 3월 19일 19시,화요일,서울특별시 강남구 개포동,중상사고,0,1,0,0,차대사람 - 횡단중,안전운전불이행,건조,맑음,교차로 - 교차로안,승용,남,46세,상해없음,보행자,여,69세,중상
2019032000100067,2019년 3월 20일 05시,수요일,서울특별시 강서구 방화동,경상사고,0,0,1,0,차대사람 - 횡단중,보행자보호의무위반,건조,맑음,교차로 - 교차로횡단보도내,승용,남,41세,상해없음,보행자,여,78세,경상
2019032000100180,2019년 3월 20일 09시,수요일,서울특별시 중랑구 면목동,사망사고,1,0,0,0,차대사람 - 횡단중,안전운전불이행,건조,흐림,교차로 - 교차로횡단보도내,건설기계,남,62세,상해없음,보행자,여,68세,사망
2019032000100203,2019년 3월 20일 10시,수요일,서울특별시 중구 을지로3가,경상사고,0,0,1,0,차대사람 - 차도통행중,안전운전불이행,건조,맑음,교차로 - 교차로부근,화물,남,44세,상해없음,보행자,여,70세,경상
2019032000100227,2019년 3월 20일 11시,수요일,서울특별시 성북구 하월곡동,중상사고,0,1,0,0,차대사람 - 횡단중,신호위반,건조,맑음,단일로 - 기타,화물,남,52세,상해없음,보행자,여,77세,중상
2019032000100274,2019년 3월 20일 13시,수요일,서울특별시 강서구 화곡동,사망사고,1,0,0,0,차대사람 - 기타,안전운전불이행,건조,맑음,단일로 - 기타,화물,남,35세,상해없음,보행자,여,78세,사망
2019032000100418,2019년 3월 20일 17시,수요일,서울특별시 양천구 목동,경상사고,0,0,1,0,차대사람 - 길가장자리구역통행중,안전운전불이행,젖음/습기,비,교차로 - 교차로안,화물,남,49세,상해없음,보행자,남,81세,경상
2019032100100296,2019년 3월 21일 13시,목요일,서울특별시 서초구 서초동,중상사고,0,1,0,0,차대사람 - 차도통행중,안전운전불이행,건조,맑음,교차로 - 교차로안,화물,남,44세,상해없음,보행자,남,69세,중상
2019032100100349,2019년 3월 21일 15시,목요일,서울특별시 강서구 방화동,중상사고,0,1,0,0,차대사람 - 차도통행중,안전운전불이행,건조,맑음,단일로 - 기타,승용,여,35세,상해없음,보행자,여,68세,중상
2019032100100502,2019년 3월 21일 19시,목요일,서울특별시 양천구 신정동,중상사고,0,1,0,0,차대사람 - 횡단중,안전운전불이행,건조,맑음,단일로 - 기타,승용,남,73세,상해없음,보행자,남,71세,중상
2019032200100358,2019년 3월 22일 16시,금요일,서울특별시 중랑구 상봉동,경상사고,0,0,1,0,차대사람 - 길가장자리구역통행중,안전운전불이행,건조,맑음,교차로 - 교차로안,화물,남,48세,상해없음,보행자,남,71세,경상
2019032300100311,2019년 3월 23일 14시,토요일,서울특별시 강북구 미아동,중상사고,0,1,0,0,차대사람 - 기타,안전운전불이행,건조,맑음,단일로 - 기타,승용,여,27세,상해없음,보행자,여,66세,중상
2019032300100312,2019년 3월 23일 14시,토요일,서울특별시 동대문구 답십리동,중상사고,0,1,0,0,차대사람 - 횡단중,안전운전불이행,건조,맑음,교차로 - 교차로부근,승합,남,51세,상해없음,보행자,남,74세,중상
2019032300100315,2019년 3월 23일 14시,토요일,서울특별시 동작구 상도동,경상사고,0,0,1,1,차대사람 - 횡단중,안전운전불이행,건조,맑음,단일로 - 기타,이륜,남,25세,부상신고,보행자,남,79세,경상
2019032300100356,2019년 3월 23일 15시,토요일,서울특별시 동대문구 용두동,경상사고,0,0,1,0,차대사람 - 차도통행중,안전운전불이행,건조,맑음,단일로 - 기타,승합,남,38세,상해없음,보행자,남,68세,경상
2019032300100398,2019년 3월 23일 16시,토요일,서울특별시 중랑구 신내동,중상사고,0,1,0,0,차대사람 - 횡단중,안전운전불이행,건조,맑음,교차로 - 교차로안,승용,남,55세,상해없음,보행자,여,73세,중상
2019032300100402,2019년 3월 23일 16시,토요일,서울특별시 은평구 대조동,중상사고,0,1,0,0,차대사람 - 보도통행중,보행자보호의무위반,건조,맑음,교차로 - 교차로횡단보도내,승용,남,46세,상해없음,보행자,여,70세,중상
2019032400100174,2019년 3월 24일 11시,일요일,서울특별시 영등포구 대림동,경상사고,0,0,1,0,차대사람 - 기타,보행자보호의무위반,건조,맑음,기타 - 기타,승용,남,48세,상해없음,보행자,남,65세,경상
2019032400100180,2019년 3월 24일 11시,일요일,서울특별시 관악구 봉천동,중상사고,0,1,0,0,차대사람 - 횡단중,신호위반,건조,맑음,교차로 - 교차로부근,승용,남,75세,상해없음,보행자,여,69세,중상
2019032400100232,2019년 3월 24일 13시,일요일,서울특별시 종로구 신문로2가,중상사고,0,1,0,0,차대사람 - 차도통행중,안전운전불이행,건조,흐림,단일로 - 기타,승용,여,50세,상해없음,보행자,여,84세,중상
2019032400100233,2019년 3월 24일 13시,일요일,서울특별시 강북구 수유동,경상사고,0,0,1,0,차대사람 - 기타,안전운전불이행,건조,흐림,단일로 - 기타,기타불명,기타불명,미분류,기타불명,보행자,여,76세,경상
2019032500100093,2019년 3월 25일 08시,월요일,서울특별시 서초구 반포동,경상사고,0,0,1,0,차대사람 - 보도통행중,신호위반,건조,맑음,단일로 - 지하차도(도로)내,승용,여,49세,상해없음,보행자,남,82세,경상
2019032500100146,2019년 3월 25일 09시,월요일,서울특별시 동대문구 전농동,경상사고,0,0,1,0,차대사람 - 보도통행중,기타,건조,맑음,단일로 - 기타,승용,여,46세,상해없음,보행자,남,85세,경상
2019032500100228,2019년 3월 25일 12시,월요일,서울특별시 강서구 가양동,중상사고,0,1,0,0,차대사람 - 기타,안전운전불이행,건조,맑음,단일로 - 기타,승용,남,58세,상해없음,보행자,남,69세,중상
2019032500100252,2019년 3월 25일 13시,월요일,서울특별시 동대문구 전농동,경상사고,0,0,1,0,차대사람 - 기타,안전운전불이행,건조,맑음,주차장 - 주차장,승용,여,61세,상해없음,보행자,남,84세,경상
2019032500100253,2019년 3월 25일 13시,월요일,서울특별시 영등포구 도림동,경상사고,0,0,1,0,차대사람 - 횡단중,안전운전불이행,건조,맑음,단일로 - 기타,승용,남,63세,상해없음,보행자,여,86세,경상
2019032500100355,2019년 3월 25일 16시,월요일,서울특별시 강북구 수유동,중상사고,0,1,0,0,차대사람 - 횡단중,안전운전불이행,건조,맑음,단일로 - 기타,화물,남,56세,상해없음,보행자,남,85세,중상
2019032600100083,2019년 3월 26일 06시,화요일,서울특별시 강서구 등촌동,중상사고,0,1,0,0,차대사람 - 길가장자리구역통행중,중앙선침범,건조,맑음,교차로 - 교차로안,화물,남,46세,상해없음,보행자,남,72세,중상
2019032600100084,2019년 3월 26일 06시,화요일,서울특별시 구로구 개봉동,경상사고,0,0,1,0,차대사람 - 기타,안전운전불이행,건조,맑음,단일로 - 기타,승용,남,67세,상해없음,보행자,여,66세,경상
2019032600100212,2019년 3월 26일 11시,화요일,서울특별시 중구 봉래동2가,중상사고,0,2,0,0,차대사람 - 보도통행중,신호위반,건조,맑음,단일로 - 기타,화물,남,62세,상해없음,보행자,여,66세,중상
2019032600100214,2019년 3월 26일 11시,화요일,서울특별시 강동구 명일동,경상사고,0,0,1,0,차대사람 - 차도통행중,안전운전불이행,건조,맑음,단일로 - 기타,화물,남,41세,상해없음,보행자,여,66세,경상
2019032600100377,2019년 3월 26일 16시,화요일,서울특별시 관악구 신림동,경상사고,0,0,1,0,차대사람 - 횡단중,안전운전불이행,건조,맑음,교차로 - 교차로안,화물,남,27세,상해없음,보행자,여,68세,경상
2019032600100500,2019년 3월 26일 19시,화요일,서울특별시 종로구 창신동,사망사고,1,0,1,0,차대사람 - 횡단중,안전운전불이행,건조,맑음,단일로 - 기타,이륜,남,25세,경상,보행자,여,75세,사망
2019032600100534,2019년 3월 26일 20시,화요일,서울특별시 서대문구 홍은동,경상사고,0,0,1,0,차대사람 - 차도통행중,안전운전불이행,건조,맑음,교차로 - 교차로안,승용,남,64세,상해없음,보행자,여,68세,경상
2019032700100193,2019년 3월 27일 10시,수요일,서울특별시 강서구 가양동,중상사고,0,1,0,0,차대사람 - 기타,안전운전불이행,건조,맑음,단일로 - 기타,승용,남,28세,상해없음,보행자,남,85세,중상
2019032700100319,2019년 3월 27일 15시,수요일,서울특별시 강남구 압구정동,사망사고,1,0,0,0,차대사람 - 기타,안전운전불이행,건조,맑음,단일로 - 기타,승합,남,36세,상해없음,보행자,여,76세,사망
2019032700100345,2019년 3월 27일 16시,수요일,서울특별시 은평구 녹번동,중상사고,0,1,0,0,차대사람 - 기타,안전운전불이행,건조,맑음,교차로 - 교차로안,승용,여,44세,상해없음,보행자,여,73세,중상
2019032700100380,2019년 3월 27일 17시,수요일,서울특별시 은평구 대조동,중상사고,0,1,0,0,차대사람 - 횡단중,보행자보호의무위반,건조,맑음,단일로 - 기타,승용,여,68세,상해없음,보행자,남,79세,중상
2019032700100416,2019년 3월 27일 18시,수요일,서울특별시 종로구 세종로,중상사고,0,1,0,0,차대사람 - 횡단중,보행자보호의무위반,건조,맑음,단일로 - 지하차도(도로)내,화물,남,33세,상해없음,보행자,남,65세,중상
2019032700100540,2019년 3월 27일 22시,수요일,서울특별시 동대문구 용두동,중상사고,0,1,0,0,차대사람 - 횡단중,보행자보호의무위반,건조,맑음,교차로 - 교차로횡단보도내,원동기,여,54세,상해없음,보행자,여,65세,중상
2019032800100063,2019년 3월 28일 05시,목요일,서울특별시 영등포구 신길동,중상사고,0,1,0,0,차대사람 - 차도통행중,안전운전불이행,건조,맑음,교차로 - 교차로부근,승용,남,70세,상해없음,보행자,남,72세,중상
2019032800100156,2019년 3월 28일 09시,목요일,서울특별시 성동구 성수동1가,경상사고,0,0,1,0,차대사람 - 횡단중,안전운전불이행,건조,맑음,단일로 - 기타,승용,남,55세,기타불명,보행자,여,75세,경상
2019032800100158,2019년 3월 28일 09시,목요일,서울특별시 강서구 방화동,중상사고,0,1,0,0,차대사람 - 횡단중,안전운전불이행,건조,맑음,교차로 - 교차로안,화물,남,40세,상해없음,보행자,남,72세,중상
2019032800100183,2019년 3월 28일 10시,목요일,서울특별시 동대문구 신설동,경상사고,0,0,1,0,차대사람 - 횡단중,안전운전불이행,건조,맑음,단일로 - 기타,승용,남,62세,상해없음,보행자,남,70세,경상
2019032800100222,2019년 3월 28일 11시,목요일,서울특별시 양천구 신월동,중상사고,0,1,0,0,차대사람 - 횡단중,안전운전불이행,건조,맑음,단일로 - 기타,화물,남,57세,상해없음,보행자,남,84세,중상
2019032800100254,2019년 3월 28일 12시,목요일,서울특별시 종로구 낙원동,중상사고,0,1,0,0,차대사람 - 차도통행중,안전운전불이행,건조,흐림,교차로 - 교차로안,기타불명,기타불명,미분류,기타불명,보행자,여,79세,중상
2019032800100278,2019년 3월 28일 13시,목요일,서울특별시 중구 저동2가,경상사고,0,0,1,0,차대사람 - 차도통행중,안전운전불이행,건조,맑음,교차로 - 교차로부근,이륜,남,57세,상해없음,보행자,여,66세,경상
2019032800100548,2019년 3월 28일 20시,목요일,서울특별시 강동구 천호동,중상사고,0,1,1,0,차대사람 - 횡단중,보행자보호의무위반,건조,흐림,단일로 - 기타,화물,남,32세,상해없음,보행자,남,41세,경상
2019032900100060,2019년 3월 29일 05시,금요일,서울특별시 서대문구 북아현동,중상사고,0,1,0,0,차대사람 - 기타,안전운전불이행,건조,맑음,교차로 - 교차로부근,이륜,남,42세,상해없음,보행자,여,74세,중상
2019032900100061,2019년 3월 29일 05시,금요일,서울특별시 동대문구 제기동,중상사고,0,1,0,0,차대차 - 추돌,안전운전불이행,건조,맑음,단일로 - 기타,승용,남,35세,상해없음,승용,남,65세,상해없음
2019032900100221,2019년 3월 29일 11시,금요일,서울특별시 금천구 시흥동,부상신고사고,0,0,0,1,차대사람 - 기타,안전운전불이행,건조,맑음,단일로 - 기타,승용,여,39세,상해없음,보행자,여,67세,부상신고
2019032900100291,2019년 3월 29일 13시,금요일,서울특별시 종로구 구기동,경상사고,0,0,1,0,차대사람 - 차도통행중,안전운전불이행,건조,맑음,단일로 - 지하차도(도로)내,승용,남,63세,상해없음,보행자,남,79세,경상
2019032900100299,2019년 3월 29일 13시,금요일,서울특별시 도봉구 창동,중상사고,0,1,0,0,차대사람 - 횡단중,보행자보호의무위반,건조,맑음,교차로 - 교차로횡단보도내,승용,여,43세,상해없음,보행자,여,75세,중상
2019032900100460,2019년 3월 29일 17시,금요일,서울특별시 강서구 화곡동,중상사고,0,1,0,0,차대사람 - 횡단중,안전운전불이행,건조,맑음,단일로 - 기타,화물,남,66세,상해없음,보행자,남,77세,중상
2019032900100607,2019년 3월 29일 20시,금요일,서울특별시 중랑구 망우동,중상사고,0,1,0,0,차대사람 - 기타,안전운전불이행,건조,맑음,단일로 - 기타,승합,남,44세,상해없음,보행자,남,66세,중상
2019033000100128,2019년 3월 30일 04시,토요일,서울특별시 강서구 방화동,중상사고,0,1,0,0,차대사람 - 횡단중,보행자보호의무위반,젖음/습기,비,교차로 - 교차로횡단보도내,승용,남,57세,상해없음,보행자,여,71세,중상
2019033000100262,2019년 3월 30일 11시,토요일,서울특별시 동대문구 제기동,중상사고,0,1,0,0,차대사람 - 기타,안전운전불이행,건조,맑음,교차로 - 교차로안,화물,남,62세,상해없음,보행자,남,90세 이상,중상
2019033000100350,2019년 3월 30일 13시,토요일,서울특별시 동대문구 답십리동,경상사고,0,0,1,0,차대사람 - 횡단중,보행자보호의무위반,건조,맑음,교차로 - 교차로횡단보도내,승용,남,49세,상해없음,보행자,여,78세,경상
2019033000100498,2019년 3월 30일 17시,토요일,서울특별시 종로구 세종로,경상사고,0,0,1,0,차대사람 - 횡단중,안전운전불이행,건조,맑음,단일로 - 지하차도(도로)내,승용,남,75세,상해없음,보행자,남,84세,경상
2019033000100641,2019년 3월 30일 21시,토요일,서울특별시 강동구 천호동,중상사고,0,2,0,0,차대사람 - 횡단중,신호위반,건조,맑음,교차로 - 교차로안,승용,여,34세,상해없음,보행자,남,62세,중상
2019033100100120,2019년 3월 31일 10시,일요일,서울특별시 마포구 신수동,경상사고,0,0,1,0,차대사람 - 기타,안전운전불이행,건조,맑음,단일로 - 기타,승용,남,51세,상해없음,보행자,남,66세,경상
2019033100100195,2019년 3월 31일 13시,일요일,서울특별시 강남구 개포동,중상사고,0,1,0,0,차대사람 - 차도통행중,안전운전불이행,건조,맑음,교차로 - 교차로안,화물,남,59세,상해없음,보행자,여,82세,중상
2019033100100253,2019년 3월 31일 15시,일요일,서울특별시 노원구 공릉동,경상사고,0,0,1,0,차대사람 - 기타,기타,건조,맑음,교차로 - 교차로부근,승용,남,71세,상해없음,보행자,여,80세,경상
2019033100100281,2019년 3월 31일 16시,일요일,서울특별시 영등포구 신길동,중상사고,0,1,0,0,차대사람 - 기타,안전운전불이행,건조,맑음,교차로 - 교차로안,화물,남,49세,상해없음,보행자,여,76세,중상
2019033100100428,2019년 3월 31일 21시,일요일,서울특별시 용산구 서빙고동,사망사고,1,0,0,0,차대사람 - 기타,안전운전불이행,건조,맑음,단일로 - 기타,화물,남,52세,상해없음,보행자,여,73세,사망
2019033100100430,2019년 3월 31일 21시,일요일,서울특별시 노원구 중계동,경상사고,0,0,2,0,차대사람 - 차도통행중,안전운전불이행,건조,맑음,단일로 - 기타,자전거,남,16세,경상,보행자,여,73세,경상
2019040100100130,2019년 4월 1일 08시,월요일,서울특별시 관악구 신림동,중상사고,0,1,0,0,차대사람 - 차도통행중,신호위반,건조,맑음,교차로 - 교차로안,이륜,남,39세,상해없음,보행자,여,75세,중상
2019040100100187,2019년 4월 1일 09시,월요일,서울특별시 강남구 개포동,중상사고,0,1,0,0,차대사람 - 기타,안전운전불이행,건조,맑음,교차로 - 교차로안,승용,여,57세,상해없음,보행자,남,65세,중상
2019040100100286,2019년 4월 1일 12시,월요일,서울특별시 성동구 하왕십리동,중상사고,0,1,0,0,차대사람 - 횡단중,보행자보호의무위반,건조,맑음,교차로 - 교차로횡단보도내,화물,남,67세,상해없음,보행자,여,85세,중상
2019040100100360,2019년 4월 1일 14시,월요일,서울특별시 은평구 갈현동,중상사고,0,1,0,0,차대사람 - 기타,안전운전불이행,건조,맑음,교차로 - 교차로안,승용,여,56세,상해없음,보행자,여,81세,중상
2019040100100432,2019년 4월 1일 16시,월요일,서울특별시 양천구 신정동,사망사고,1,0,0,0,차대사람 - 횡단중,신호위반,건조,맑음,교차로 - 교차로횡단보도내,자전거,남,14세,상해없음,보행자,여,71세,사망
2019040100100472,2019년 4월 1일 17시,월요일,서울특별시 동작구 흑석동,중상사고,0,2,0,0,차대차 - 측면충돌,차로위반,건조,맑음,기타 - 기타,승용,남,42세,상해없음,이륜,남,32세,중상
2019040100100616,2019년 4월 1일 20시,월요일,서울특별시 금천구 독산동,경상사고,0,0,1,0,차대사람 - 횡단중,안전운전불이행,건조,맑음,단일로 - 기타,이륜,남,35세,상해없음,보행자,남,67세,경상
2019040100100621,2019년 4월 1일 20시,월요일,서울특별시 강남구 수서동,경상사고,0,0,1,0,차대사람 - 횡단중,안전운전불이행,건조,맑음,교차로 - 교차로부근,화물,남,36세,상해없음,보행자,남,75세,경상
2019040200100072,2019년 4월 2일 05시,화요일,서울특별시 노원구 상계동,중상사고,0,1,0,0,차대사람 - 기타,안전운전불이행,건조,맑음,기타 - 기타,승용,남,55세,상해없음,보행자,남,66세,중상
2019040200100187,2019년 4월 2일 09시,화요일,서울특별시 동작구 사당동,중상사고,0,1,0,0,차대사람 - 길가장자리구역통행중,안전운전불이행,건조,맑음,교차로 - 교차로안,승용,여,32세,상해없음,보행자,남,66세,중상
2019040200100289,2019년 4월 2일 12시,화요일,서울특별시 은평구 불광동,경상사고,0,0,1,0,차대사람 - 기타,안전운전불이행,건조,맑음,교차로 - 교차로부근,승용,남,28세,상해없음,보행자,여,79세,경상
2019040200100468,2019년 4월 2일 17시,화요일,서울특별시 송파구 마천동,경상사고,0,0,1,0,차대사람 - 기타,안전운전불이행,건조,맑음,기타 - 기타,승용,여,57세,상해없음,보행자,남,70세,경상
2019040200100553,2019년 4월 2일 19시,화요일,서울특별시 동대문구 청량리동,중상사고,0,1,0,0,차대사람 - 횡단중,신호위반,건조,맑음,교차로 - 교차로안,이륜,남,22세,상해없음,보행자,남,85세,중상
2019040200100624,2019년 4월 2일 21시,화요일,서울특별시 동작구 본동,중상사고,0,1,0,0,차대사람 - 기타,안전운전불이행,건조,맑음,단일로 - 기타,승합,남,38세,상해없음,보행자,여,72세,중상
2019040300100065,2019년 4월 3일 05시,수요일,서울특별시 동작구 노량진동,중상사고,0,1,0,1,차대사람 - 차도통행중,안전운전불이행,건조,맑음,교차로 - 교차로안,이륜,남,54세,부상신고,보행자,남,69세,중상
2019040300100128,2019년 4월 3일 08시,수요일,서울특별시 동대문구 장안동,중상사고,0,1,0,0,차대사람 - 길가장자리구역통행중,안전운전불이행,건조,맑음,교차로 - 교차로부근,승용,여,42세,상해없음,보행자,여,74세,중상
2019040300100171,2019년 4월 3일 09시,수요일,서울특별시 광진구 중곡동,중상사고,0,2,0,0,차대차 - 기타,안전운전불이행,건조,맑음,교차로 - 교차로안,승합,남,56세,상해없음,이륜,남,26세,중상
2019040300100175,2019년 4월 3일 09시,수요일,서울특별시 양천구 신정동,중상사고,0,1,0,0,차대사람 - 횡단중,보행자보호의무위반,건조,맑음,단일로 - 기타,승용,여,36세,기타불명,보행자,남,71세,중상
2019040300100198,2019년 4월 3일 10시,수요일,서울특별시 강동구 암사동,중상사고,0,1,0,0,차대사람 - 횡단중,안전운전불이행,건조,맑음,단일로 - 기타,승용,남,60세,상해없음,보행자,여,74세,중상
2019040300100200,2019년 4월 3일 10시,수요일,서울특별시 노원구 중계동,중상사고,0,1,0,0,차대사람 - 보도통행중,안전운전불이행,건조,맑음,단일로 - 기타,기타불명,기타불명,미분류,기타불명,보행자,여,69세,중상
2019040300100385,2019년 4월 3일 16시,수요일,서울특별시 강동구 천호동,경상사고,0,0,1,0,차대사람 - 기타,안전운전불이행,건조,맑음,단일로 - 기타,승용,남,52세,상해없음,보행자,여,71세,경상
2019040400100085,2019년 4월 4일 07시,목요일,서울특별시 강북구 수유동,중상사고,0,1,0,0,차대사람 - 기타,안전운전불이행,건조,맑음,단일로 - 기타,승용,남,26세,상해없음,보행자,남,72세,중상
2019040400100128,2019년 4월 4일 08시,목요일,서울특별시 영등포구 영등포동1가,중상사고,0,1,0,0,차대사람 - 보도통행중,신호위반,건조,맑음,단일로 - 기타,승합,남,70세,상해없음,보행자,여,82세,중상
2019040400100213,2019년 4월 4일 10시,목요일,서울특별시 구로구 구로동,중상사고,0,1,0,0,차대사람 - 횡단중,안전운전불이행,건조,맑음,단일로 - 기타,승용,남,80세,상해없음,보행자,여,69세,중상
2019040400100336,2019년 4월 4일 14시,목요일,서울특별시 중랑구 신내동,중상사고,0,1,0,0,차대사람 - 횡단중,안전운전불이행,건조,맑음,교차로 - 교차로안,승용,여,68세,상해없음,보행자,남,80세,중상
2019040400100437,2019년 4월 4일 17시,목요일,서울특별시 중랑구 신내동,경상사고,0,0,1,0,차대사람 - 차도통행중,보행자보호의무위반,건조,맑음,교차로 - 교차로안,승용,여,69세,상해없음,보행자,여,80세,경상
2019040400100627,2019년 4월 4일 22시,목요일,서울특별시 동대문구 청량리동,중상사고,0,1,0,0,차대사람 - 차도통행중,안전운전불이행,건조,맑음,단일로 - 기타,승용,남,68세,상해없음,보행자,남,77세,중상
2019040500100157,2019년 4월 5일 09시,금요일,서울특별시 강북구 우이동,경상사고,0,0,3,0,차대차 - 기타,신호위반,건조,흐림,단일로 - 기타,승용,남,64세,상해없음,승용,남,70세,경상
2019040500100160,2019년 4월 5일 09시,금요일,서울특별시 강동구 암사동,중상사고,0,1,0,0,차대사람 - 길가장자리구역통행중,안전운전불이행,건조,맑음,단일로 - 기타,승용,남,75세,상해없음,보행자,여,80세,중상
2019040500100212,2019년 4월 5일 11시,금요일,서울특별시 중랑구 면목동,중상사고,0,1,0,0,차대사람 - 기타,안전운전불이행,건조,맑음,기타 - 기타,화물,남,48세,상해없음,보행자,남,74세,중상
2019040500100333,2019년 4월 5일 15시,금요일,서울특별시 용산구 한강로3가,경상사고,0,0,1,0,차대사람 - 기타,안전운전불이행,건조,맑음,단일로 - 기타,이륜,남,53세,상해없음,보행자,여,67세,경상
2019040500100338,2019년 4월 5일 15시,금요일,서울특별시 도봉구 방학동,경상사고,0,0,1,0,차대사람 - 기타,안전운전불이행,건조,맑음,단일로 - 기타,기타불명,기타불명,미분류,기타불명,보행자,여,71세,경상
2019040500100416,2019년 4월 5일 17시,금요일,서울특별시 중랑구 신내동,중상사고,0,1,0,0,차대사람 - 차도통행중,안전운전불이행,건조,맑음,단일로 - 기타,건설기계,남,53세,상해없음,보행자,여,84세,중상
2019040500100628,2019년 4월 5일 21시,금요일,서울특별시 동대문구 제기동,부상신고사고,0,0,0,1,차대사람 - 기타,안전운전불이행,건조,맑음,교차로 - 교차로부근,승용,여,45세,상해없음,보행자,남,72세,부상신고
2019040600100291,2019년 4월 6일 13시,토요일,서울특별시 강동구 성내동,중상사고,0,1,0,0,차대사람 - 기타,안전운전불이행,건조,맑음,교차로 - 교차로부근,화물,남,54세,상해없음,보행자,여,78세,중상
2019040600100407,2019년 4월 6일 16시,토요일,서울특별시 동대문구 신설동,부상신고사고,0,0,0,1,차대사람 - 횡단중,안전운전불이행,건조,맑음,교차로 - 교차로횡단보도내,화물,남,44세,상해없음,보행자,남,82세,부상신고