사고번호,사고일시,요일,시군구,사고내용,사망자수,중상자수,경상자수,부상신고자수,사고유형,법규위반,노면상태,기상상태,도로형태,가해운전자 차종,가해운전자 성별,가해운전자 연령,가해운전자 상해정도,피해운전자 차종,피해운전자 성별,피해운전자 연령,피해운전자 상해정도
2019060400100049,2019년 6월 4일 04시,화요일,서울특별시 강북구 번동,중상사고,0,1,0,0,차대사람 - 횡단중,보행자보호의무위반,건조,맑음,교차로 - 교차로안,승합,남,73세,상해없음,보행자,여,67세,중상
2019060400100167,2019년 6월 4일 09시,화요일,서울특별시 노원구 상계동,경상사고,0,0,1,0,차대사람 - 길가장자리구역통행중,안전운전불이행,건조,맑음,교차로 - 교차로부근,승용,남,33세,상해없음,보행자,남,66세,경상
2019060400100273,2019년 6월 4일 12시,화요일,서울특별시 중랑구 중화동,중상사고,0,1,0,0,차대사람 - 기타,안전운전불이행,건조,맑음,교차로 - 교차로부근,승용,여,56세,상해없음,보행자,남,69세,중상
2019060400100274,2019년 6월 4일 12시,화요일,서울특별시 강동구 천호동,중상사고,0,1,0,0,차대사람 - 횡단중,보행자보호의무위반,건조,맑음,단일로 - 기타,승용,남,56세,상해없음,보행자,남,66세,중상
2019060400100277,2019년 6월 4일 12시,화요일,서울특별시 도봉구 쌍문동,경상사고,0,0,1,0,차대사람 - 기타,안전운전불이행,건조,맑음,단일로 - 기타,승용,여,35세,상해없음,보행자,여,65세,경상
2019060400100366,2019년 6월 4일 15시,화요일,서울특별시 성북구 돈암동,중상사고,0,1,1,0,차대사람 - 횡단중,신호위반,건조,맑음,교차로 - 교차로횡단보도내,자전거,남,12세,경상,보행자,여,83세,중상
2019060400100519,2019년 6월 4일 18시,화요일,서울특별시 서초구 방배동,중상사고,0,1,0,0,차대사람 - 보도통행중,보행자보호의무위반,건조,맑음,단일로 - 기타,화물,남,45세,상해없음,보행자,여,74세,중상
2019060500100031,2019년 6월 5일 00시,수요일,서울특별시 도봉구 창동,경상사고,0,0,1,0,차대사람 - 길가장자리구역통행중,안전운전불이행,건조,맑음,단일로 - 기타,승용,남,38세,상해없음,보행자,남,65세,경상
2019060500100114,2019년 6월 5일 08시,수요일,서울특별시 강남구 삼성동,경상사고,0,0,1,0,차대사람 - 횡단중,보행자보호의무위반,건조,맑음,교차로 - 교차로안,승합,남,62세,상해없음,보행자,여,69세,경상
2019060500100273,2019년 6월 5일 12시,수요일,서울특별시 도봉구 쌍문동,경상사고,0,0,1,0,차대사람 - 보도통행중,안전운전불이행,건조,맑음,교차로 - 교차로안,승용,남,58세,상해없음,보행자,여,85세,경상
2019060500100336,2019년 6월 5일 14시,수요일,서울특별시 중구 을지로2가,중상사고,0,2,0,0,차대사람 - 기타,안전운전불이행,건조,맑음,교차로 - 교차로부근,승용,여,47세,상해없음,보행자,여,90세 이상,중상
2019060500100539,2019년 6월 5일 18시,수요일,서울특별시 동작구 흑석동,경상사고,0,0,1,0,차대사람 - 기타,기타,건조,맑음,단일로 - 기타,이륜,남,46세,상해없음,보행자,여,90세 이상,경상
2019060500100600,2019년 6월 5일 19시,수요일,서울특별시 성북구 석관동,중상사고,0,1,0,0,차대사람 - 보도통행중,기타,건조,맑음,기타 - 기타,건설기계,남,45세,상해없음,보행자,남,79세,중상
2019060500100632,2019년 6월 5일 20시,수요일,서울특별시 영등포구 양평동4가,경상사고,0,0,1,0,차대사람 - 기타,안전운전불이행,건조,맑음,단일로 - 기타,승합,남,43세,상해없음,보행자,여,66세,경상
2019060600100187,2019년 6월 6일 11시,목요일,서울특별시 양천구 목동,중상사고,0,1,0,0,차대사람 - 기타,안전운전불이행,건조,맑음,단일로 - 기타,승용,남,48세,상해없음,보행자,여,83세,중상
2019060600100210,2019년 6월 6일 12시,목요일,서울특별시 강동구 성내동,중상사고,0,1,0,0,차대사람 - 횡단중,안전운전불이행,건조,맑음,단일로 - 기타,승용,남,61세,상해없음,보행자,여,76세,중상
2019060600100318,2019년 6월 6일 15시,목요일,서울특별시 영등포구 여의도동,중상사고,0,1,0,0,차대사람 - 기타,안전운전불이행,젖음/습기,비,단일로 - 기타,자전거,남,16세,상해없음,보행자,여,67세,중상
2019060600100527,2019년 6월 6일 21시,목요일,서울특별시 마포구 노고산동,중상사고,0,1,0,0,차대사람 - 기타,안전운전불이행,젖음/습기,비,교차로 - 교차로부근,승합,남,57세,상해없음,보행자,남,65세,중상
2019060700100076,2019년 6월 7일 04시,금요일,서울특별시 강남구 삼성동,중상사고,0,1,0,0,차대사람 - 횡단중,보행자보호의무위반,젖음/습기,비,교차로 - 교차로횡단보도내,승용,여,63세,상해없음,보행자,여,69세,중상
2019060700100088,2019년 6월 7일 05시,금요일,서울특별시 노원구 상계동,경상사고,0,0,1,0,차대사람 - 횡단중,보행자보호의무위반,젖음/습기,비,교차로 - 교차로횡단보도내,화물,남,66세,상해없음,보행자,남,68세,경상
2019060700100106,2019년 6월 7일 07시,금요일,서울특별시 중랑구 신내동,중상사고,0,1,0,0,차대사람 - 횡단중,보행자보호의무위반,젖음/습기,비,교차로 - 교차로횡단보도내,승용,남,50세,상해없음,보행자,여,75세,중상
2019060700100235,2019년 6월 7일 11시,금요일,서울특별시 중구 을지로3가,중상사고,0,1,0,0,차대사람 - 횡단중,안전운전불이행,건조,맑음,교차로 - 교차로안,승용,남,67세,상해없음,보행자,남,90세 이상,중상
2019060700100296,2019년 6월 7일 13시,금요일,서울특별시 중랑구 신내동,경상사고,0,0,1,0,차대사람 - 횡단중,안전운전불이행,건조,맑음,교차로 - 교차로안,승용,남,53세,상해없음,보행자,여,66세,경상
2019060700100367,2019년 6월 7일 15시,금요일,서울특별시 강동구 천호동,중상사고,0,1,0,0,차대사람 - 기타,안전운전불이행,건조,맑음,단일로 - 기타,화물,남,62세,상해없음,보행자,여,86세,중상
2019060700100368,2019년 6월 7일 15시,금요일,서울특별시 노원구 월계동,경상사고,0,0,1,0,차대사람 - 횡단중,보행자보호의무위반,건조,맑음,교차로 - 교차로안,승용,남,49세,상해없음,보행자,남,82세,경상
2019060700100407,2019년 6월 7일 16시,금요일,서울특별시 송파구 풍납동,중상사고,0,1,0,0,차대사람 - 기타,안전운전불이행,건조,맑음,단일로 - 기타,승용,남,55세,상해없음,보행자,여,69세,중상
2019060800100250,2019년 6월 8일 12시,토요일,서울특별시 관악구 신림동,중상사고,0,1,0,0,차대사람 - 횡단중,보행자보호의무위반,건조,맑음,단일로 - 기타,자전거,남,38세,상해없음,보행자,여,69세,중상
2019060800100390,2019년 6월 8일 15시,토요일,서울특별시 동작구 상도동,부상신고사고,0,0,0,1,차대사람 - 기타,안전운전불이행,건조,맑음,단일로 - 기타,승합,남,55세,상해없음,보행자,남,67세,부상신고
2019060800100481,2019년 6월 8일 18시,토요일,서울특별시 서대문구 홍은동,중상사고,0,1,0,0,차대사람 - 횡단중,안전운전불이행,건조,맑음,단일로 - 기타,기타불명,기타불명,미분류,기타불명,보행자,여,71세,중상
2019060800100485,2019년 6월 8일 18시,토요일,서울특별시 동작구 상도동,중상사고,0,1,0,0,차대사람 - 횡단중,보행자보호의무위반,건조,맑음,단일로 - 기타,승용,여,22세,상해없음,보행자,남,65세,중상
2019060900100103,2019년 6월 9일 07시,일요일,서울특별시 관악구 신림동,경상사고,0,0,1,0,차대사람 - 횡단중,안전운전불이행,건조,맑음,교차로 - 교차로안,승용,여,65세,상해없음,보행자,여,78세,경상
2019060900100169,2019년 6월 9일 11시,일요일,서울특별시 종로구 관훈동,경상사고,0,0,1,0,차대사람 - 기타,안전운전불이행,건조,맑음,단일로 - 기타,승용,남,67세,상해없음,보행자,여,71세,경상
2019060900100192,2019년 6월 9일 12시,일요일,서울특별시 서초구 서초동,경상사고,0,0,1,0,차대사람 - 보도통행중,신호위반,건조,맑음,교차로 - 교차로횡단보도내,이륜,남,47세,기타불명,보행자,여,65세,경상
2019060900100330,2019년 6월 9일 17시,일요일,서울특별시 송파구 마천동,중상사고,0,1,0,0,차대사람 - 횡단중,신호위반,건조,맑음,교차로 - 교차로안,건설기계,남,64세,상해없음,보행자,여,69세,중상
2019060900100398,2019년 6월 9일 20시,일요일,서울특별시 동대문구 청량리동,중상사고,0,1,0,0,차대사람 - 횡단중,안전운전불이행,젖음/습기,비,교차로 - 교차로안,승용,남,36세,상해없음,보행자,여,76세,중상
2019060900100441,2019년 6월 9일 22시,일요일,서울특별시 영등포구 영등포동3가,부상신고사고,0,0,0,1,차대사람 - 기타,안전운전불이행,건조,맑음,기타 - 기타,승합,남,57세,상해없음,보행자,남,75세,부상신고
2019061000100023,2019년 6월 10일 00시,월요일,서울특별시 서대문구 북아현동,경상사고,0,0,1,0,차대사람 - 횡단중,안전운전불이행,젖음/습기,비,교차로 - 교차로부근,승용,남,63세,상해없음,보행자,남,66세,경상
2019061000100230,2019년 6월 10일 11시,월요일,서울특별시 관악구 신림동,경상사고,0,0,1,0,차대사람 - 기타,안전운전불이행,건조,맑음,단일로 - 기타,화물,남,33세,상해없음,보행자,여,88세,경상
2019061000100269,2019년 6월 10일 12시,월요일,서울특별시 강남구 도곡동,중상사고,0,1,0,0,차대사람 - 횡단중,신호위반,건조,맑음,교차로 - 교차로횡단보도내,승합,남,52세,상해없음,보행자,남,69세,중상
2019061000100333,2019년 6월 10일 14시,월요일,서울특별시 강북구 수유동,경상사고,0,0,1,0,차대사람 - 기타,안전운전불이행,건조,맑음,교차로 - 교차로부근,화물,남,48세,상해없음,보행자,여,76세,경상
2019061000100337,2019년 6월 10일 14시,월요일,서울특별시 양천구 신정동,중상사고,0,1,0,0,차대사람 - 기타,보행자보호의무위반,건조,맑음,교차로 - 교차로횡단보도내,승용,여,52세,상해없음,보행자,여,76세,중상
2019061000100551,2019년 6월 10일 19시,월요일,서울특별시 송파구 오금동,중상사고,0,1,0,0,차대사람 - 횡단중,신호위반,건조,맑음,교차로 - 교차로안,승용,남,66세,상해없음,보행자,여,80세,중상
2019061100100129,2019년 6월 11일 08시,화요일,서울특별시 동작구 신대방동,중상사고,0,1,0,0,차대사람 - 횡단중,중앙선침범,건조,맑음,단일로 - 기타,승합,남,58세,상해없음,보행자,여,75세,중상
2019061100100237,2019년 6월 11일 11시,화요일,서울특별시 송파구 풍납동,경상사고,0,0,1,0,차대사람 - 기타,안전운전불이행,건조,맑음,단일로 - 기타,화물,남,37세,상해없음,보행자,여,71세,경상
2019061100100273,2019년 6월 11일 12시,화요일,서울특별시 구로구 구로동,중상사고,0,1,0,0,차대사람 - 차도통행중,안전운전불이행,건조,맑음,단일로 - 기타,이륜,남,19세,상해없음,보행자,여,79세,중상
2019061100100378,2019년 6월 11일 15시,화요일,서울특별시 송파구 문정동,경상사고,0,0,1,0,차대사람 - 기타,안전운전불이행,건조,맑음,단일로 - 기타,승용,여,60세,상해없음,보행자,남,69세,경상
2019061100100579,2019년 6월 11일 21시,화요일,서울특별시 용산구 이촌동,중상사고,0,1,0,0,차대사람 - 차도통행중,안전운전불이행,건조,맑음,교차로 - 교차로안,승용,여,42세,상해없음,보행자,여,70세,중상
2019061200100104,2019년 6월 12일 08시,수요일,서울특별시 서대문구 홍은동,사망사고,1,0,0,0,차대사람 - 차도통행중,안전운전불이행,건조,맑음,교차로 - 교차로부근,건설기계,남,53세,상해없음,보행자,여,82세,사망
2019061200100222,2019년 6월 12일 11시,수요일,서울특별시 관악구 봉천동,중상사고,0,1,0,0,차대사람 - 길가장자리구역통행중,안전운전불이행,건조,맑음,단일로 - 기타,승용,남,53세,상해없음,보행자,여,70세,중상
2019061200100293,2019년 6월 12일 13시,수요일,서울특별시 도봉구 쌍문동,중상사고,0,1,0,0,차대사람 - 기타,안전운전불이행,건조,맑음,교차로 - 교차로안,이륜,남,56세,상해없음,보행자,남,81세,중상
2019061200100454,2019년 6월 12일 18시,수요일,서울특별시 은평구 대조동,경상사고,0,0,1,0,차대사람 - 기타,안전운전불이행,건조,맑음,단일로 - 기타,화물,남,35세,상해없음,보행자,여,76세,경상
2019061200100561,2019년 6월 12일 21시,수요일,서울특별시 구로구 궁동,경상사고,0,0,1,0,차대사람 - 기타,안전운전불이행,건조,맑음,주차장 - 주차장,승용,남,55세,상해없음,보행자,여,87세,경상
2019061300100077,2019년 6월 13일 07시,목요일,서울특별시 구로구 구로동,경상사고,0,0,1,0,차대사람 - 횡단중,보행자보호의무위반,건조,맑음,교차로 - 교차로횡단보도내,승용,남,54세,상해없음,보행자,여,71세,경상
2019061300100164,2019년 6월 13일 09시,목요일,서울특별시 노원구 월계동,중상사고,0,1,0,0,차대사람 - 횡단중,안전운전불이행,건조,맑음,교차로 - 교차로안,승용,여,50세,상해없음,보행자,남,67세,중상
2019061300100222,2019년 6월 13일 11시,목요일,서울특별시 성동구 용답동,경상사고,0,0,1,0,차대사람 - 횡단중,안전운전불이행,건조,맑음,교차로 - 교차로부근,승용,여,47세,상해없음,보행자,여,75세,경상
2019061300100225,2019년 6월 13일 11시,목요일,서울특별시 양천구 목동,중상사고,0,1,0,0,차대사람 - 횡단중,안전운전불이행,건조,맑음,교차로 - 교차로안,화물,남,56세,상해없음,보행자,남,70세,중상
2019061300100254,2019년 6월 13일 12시,목요일,서울특별시 동대문구 제기동,부상신고사고,0,0,0,1,차대사람 - 기타,신호위반,건조,맑음,교차로 - 교차로부근,승용,남,55세,상해없음,보행자,여,81세,부상신고
2019061300100317,2019년 6월 13일 14시,목요일,서울특별시 동대문구 용두동,경상사고,0,0,1,0,차대사람 - 횡단중,보행자보호의무위반,건조,맑음,교차로 - 교차로안,승용,남,79세,상해없음,보행자,남,83세,경상
2019061300100349,2019년 6월 13일 15시,목요일,서울특별시 구로구 고척동,중상사고,0,1,0,0,차대사람 - 횡단중,안전운전불이행,건조,맑음,교차로 - 교차로안,승용,여,51세,상해없음,보행자,여,77세,중상
2019061300100428,2019년 6월 13일 17시,목요일,서울특별시 도봉구 방학동,중상사고,0,1,0,0,차대사람 - 횡단중,안전운전불이행,건조,맑음,교차로 - 교차로안,승용,여,60세,상해없음,보행자,여,75세,중상
2019061300100469,2019년 6월 13일 18시,목요일,서울특별시 성동구 용답동,중상사고,0,1,0,0,차대사람 - 기타,안전운전불이행,건조,맑음,교차로 - 교차로횡단보도내,이륜,남,42세,상해없음,보행자,남,72세,중상
2019061400100189,2019년 6월 14일 10시,금요일,서울특별시 성동구 하왕십리동,사망사고,1,0,0,0,차대사람 - 보도통행중,신호위반,건조,맑음,교차로 - 교차로횡단보도내,이륜,남,56세,상해없음,보행자,여,71세,사망
2019061400100287,2019년 6월 14일 13시,금요일,서울특별시 은평구 응암동,경상사고,0,0,1,0,차대사람 - 횡단중,안전운전불이행,건조,맑음,교차로 - 교차로안,승용,여,53세,상해없음,보행자,남,75세,경상
2019061400100289,2019년 6월 14일 13시,금요일,서울특별시 마포구 성산동,중상사고,0,1,0,0,차대사람 - 기타,안전운전불이행,건조,맑음,기타 - 기타,원동기,남,57세,상해없음,보행자,여,75세,중상
2019061400100290,2019년 6월 14일 13시,금요일,서울특별시 영등포구 당산동3가,경상사고,0,0,1,0,차대사람 - 횡단중,안전운전불이행,건조,맑음,단일로 - 기타,이륜,남,33세,상해없음,보행자,남,67세,경상
2019061400100321,2019년 6월 14일 14시,금요일,서울특별시 마포구 서교동,경상사고,0,0,1,0,차대사람 - 차도통행중,안전운전불이행,건조,맑음,교차로 - 교차로안,승용,남,47세,상해없음,보행자,여,76세,경상
2019061400100323,2019년 6월 14일 14시,금요일,서울특별시 서초구 방배동,중상사고,0,1,0,0,차대사람 - 횡단중,안전운전불이행,건조,맑음,단일로 - 지하차도(도로)내,자전거,여,40세,상해없음,보행자,여,66세,중상
2019061400100589,2019년 6월 14일 20시,금요일,서울특별시 중랑구 망우동,중상사고,0,1,0,0,차대사람 - 기타,기타,건조,맑음,단일로 - 기타,승용,남,64세,상해없음,보행자,여,80세,중상
2019061500100089,2019년 6월 15일 05시,토요일,서울특별시 송파구 잠실동,중상사고,0,1,0,0,차대사람 - 차도통행중,안전운전불이행,건조,맑음,교차로 - 교차로안,승용,남,36세,상해없음,보행자,남,76세,중상
2019061500100107,2019년 6월 15일 06시,토요일,서울특별시 구로구 온수동,경상사고,0,0,1,0,차대사람 - 횡단중,중앙선침범,건조,맑음,단일로 - 기타,자전거,기타불명,미분류,기타불명,보행자,여,76세,경상
2019061500100368,2019년 6월 15일 14시,토요일,서울특별시 중구 흥인동,중상사고,0,1,0,0,차대사람 - 기타,안전운전불이행,건조,맑음,단일로 - 기타,기타불명,기타불명,미분류,기타불명,보행자,여,75세,중상
2019061600100106,2019년 6월 16일 06시,일요일,서울특별시 송파구 방이동,중상사고,0,1,0,0,차대사람 - 횡단중,보행자보호의무위반,건조,맑음,교차로 - 교차로안,승용,남,44세,상해없음,보행자,여,69세,중상
2019061600100159,2019년 6월 16일 10시,일요일,서울특별시 용산구 청파동2가,부상신고사고,0,0,0,1,차대사람 - 기타,안전운전불이행,건조,맑음,기타 - 기타,승용,남,51세,상해없음,보행자,남,65세,부상신고
2019061700100017,2019년 6월 17일 00시,월요일,서울특별시 금천구 시흥동,중상사고,0,1,0,0,차대사람 - 차도통행중,안전운전불이행,건조,맑음,단일로 - 기타,승용,남,23세,상해없음,보행자,여,76세,중상
2019061700100220,2019년 6월 17일 11시,월요일,서울특별시 강남구 신사동,중상사고,0,1,0,0,차대사람 - 보도통행중,기타,건조,맑음,기타 - 기타,사륜오토바이(ATV),여,53세,상해없음,보행자,여,65세,중상
2019061700100365,2019년 6월 17일 15시,월요일,서울특별시 강남구 삼성동,경상사고,0,0,1,0,차대사람 - 보도통행중,기타,건조,맑음,단일로 - 기타,개인형이동수단(PM),남,22세,상해없음,보행자,남,66세,경상
2019061700100368,2019년 6월 17일 15시,월요일,서울특별시 강남구 일원동,경상사고,0,0,1,0,차대사람 - 횡단중,신호위반,건조,맑음,교차로 - 교차로횡단보도내,승용,여,39세,상해없음,보행자,남,79세,경상
2019061700100417,2019년 6월 17일 16시,월요일,서울특별시 중랑구 면목동,사망사고,1,0,0,0,차대사람 - 차도통행중,안전운전불이행,건조,맑음,단일로 - 기타,자전거,남,16세,기타불명,보행자,여,80세,사망
2019061700100420,2019년 6월 17일 16시,월요일,서울특별시 송파구 삼전동,중상사고,0,1,0,0,차대사람 - 횡단중,안전운전불이행,건조,맑음,단일로 - 기타,승용,남,68세,상해없음,보행자,남,75세,중상
2019061700100421,2019년 6월 17일 16시,월요일,서울특별시 송파구 마천동,경상사고,0,0,1,0,차대사람 - 기타,불법유턴,건조,맑음,교차로 - 교차로안,승용,남,46세,상해없음,보행자,여,81세,경상
2019061800100069,2019년 6월 18일 05시,화요일,서울특별시 광진구 중곡동,중상사고,0,1,0,0,차대사람 - 기타,안전운전불이행,젖음/습기,비,단일로 - 기타,승용,남,71세,상해없음,보행자,남,68세,중상
2019061800100070,2019년 6월 18일 05시,화요일,서울특별시 영등포구 문래동3가,중상사고,0,1,0,0,차대사람 - 기타,중앙선침범,젖음/습기,비,교차로 - 교차로안,화물,남,63세,상해없음,보행자,여,74세,중상
2019061800100219,2019년 6월 18일 10시,화요일,서울특별시 송파구 가락동,중상사고,0,1,0,0,차대사람 - 차도통행중,안전운전불이행,건조,맑음,교차로 - 교차로안,승합,남,55세,상해없음,보행자,남,72세,중상
2019061800100220,2019년 6월 18일 10시,화요일,서울특별시 양천구 신정동,중상사고,0,1,0,0,차대사람 - 기타,안전운전불이행,건조,맑음,단일로 - 기타,승용,여,43세,상해없음,보행자,여,83세,중상
2019061800100248,2019년 6월 18일 11시,화요일,서울특별시 도봉구 쌍문동,경상사고,0,0,1,0,차대사람 - 기타,안전운전불이행,건조,맑음,교차로 - 교차로안,승용,남,37세,상해없음,보행자,여,68세,경상
2019061800100457,2019년 6월 18일 18시,화요일,서울특별시 동작구 상도동,중상사고,0,1,0,0,차대사람 - 횡단중,안전운전불이행,건조,맑음,교차로 - 교차로부근,승합,남,31세,상해없음,보행자,여,69세,중상
2019061800100587,2019년 6월 18일 21시,화요일,서울특별시 동작구 신대방동,경상사고,0,0,1,0,차대사람 - 기타,신호위반,젖음/습기,비,단일로 - 기타,원동기,남,18세,상해없음,보행자,여,68세,경상
2019061900100159,2019년 6월 19일 09시,수요일,서울특별시 송파구 잠실동,중상사고,0,1,0,0,차대사람 - 기타,안전운전불이행,건조,맑음,단일로 - 기타,기타불명,기타불명,미분류,기타불명,보행자,남,74세,중상
2019061900100196,2019년 6월 19일 10시,수요일,서울특별시 강서구 화곡동,중상사고,0,1,0,0,차대사람 - 횡단중,안전운전불이행,건조,맑음,교차로 - 교차로안,승용,남,76세,상해없음,보행자,남,65세,중상
2019061900100197,2019년 6월 19일 10시,수요일,서울특별시 송파구 송파동,경상사고,0,0,1,0,차대사람 - 기타,안전운전불이행,건조,맑음,단일로 - 기타,화물,남,54세,상해없음,보행자,남,74세,경상
2019061900100227,2019년 6월 19일 11시,수요일,서울특별시 관악구 봉천동,중상사고,0,1,0,0,차대사람 - 차도통행중,안전운전불이행,건조,맑음,기타 - 기타,승합,남,55세,상해없음,보행자,여,78세,중상
2019061900100229,2019년 6월 19일 11시,수요일,서울특별시 구로구 개봉동,경상사고,0,0,1,0,차대사람 - 횡단중,보행자보호의무위반,건조,맑음,단일로 - 기타,건설기계,남,65세,상해없음,보행자,여,68세,경상
2019061900100231,2019년 6월 19일 11시,수요일,서울특별시 노원구 중계동,경상사고,0,0,1,0,차대사람 - 차도통행중,안전운전불이행,건조,맑음,단일로 - 고가도로위,화물,남,43세,상해없음,보행자,남,78세,경상
2019061900100385,2019년 6월 19일 16시,수요일,서울특별시 강남구 개포동,중상사고,0,1,0,0,차대사람 - 횡단중,보행자보호의무위반,건조,흐림,교차로 - 교차로횡단보도내,이륜,남,78세,상해없음,보행자,남,84세,중상
2019061900100417,2019년 6월 19일 17시,수요일,서울특별시 용산구 이태원동,중상사고,0,1,0,0,차대사람 - 횡단중,안전운전불이행,건조,맑음,교차로 - 교차로부근,승용,남,57세,상해없음,보행자,남,82세,중상
2019062000100176,2019년 6월 20일 09시,목요일,서울특별시 중랑구 중화동,중상사고,0,1,0,0,차대사람 - 기타,안전운전불이행,건조,맑음,단일로 - 지하차도(도로)내,이륜,남,71세,상해없음,보행자,여,73세,중상
2019062000100401,2019년 6월 20일 16시,목요일,서울특별시 성북구 동소문동6가,중상사고,0,1,0,0,차대사람 - 보도통행중,안전운전불이행,건조,맑음,교차로 - 교차로안,화물,남,74세,상해없음,보행자,여,79세,중상
2019062000100500,2019년 6월 20일 18시,목요일,서울특별시 강서구 화곡동,중상사고,0,1,0,0,차대사람 - 기타,안전운전불이행,건조,맑음,교차로 - 교차로안,승용,남,65세,상해없음,보행자,여,74세,중상
2019062100100185,2019년 6월 21일 10시,금요일,서울특별시 강북구 번동,중상사고,0,1,0,0,차대사람 - 횡단중,안전운전불이행,건조,맑음,단일로 - 기타,이륜,남,31세,상해없음,보행자,여,65세,중상
2019062100100187,2019년 6월 21일 10시,금요일,서울특별시 성동구 성수동1가,경상사고,0,0,1,0,차대사람 - 길가장자리구역통행중,안전운전불이행,건조,맑음,교차로 - 교차로부근,화물,남,61세,상해없음,보행자,여,74세,경상
2019062100100217,2019년 6월 21일 11시,금요일,서울특별시 양천구 신월동,경상사고,0,0,1,0,차대사람 - 보도통행중,기타,기타,맑음,단일로 - 기타,화물,남,45세,상해없음,보행자,여,82세,경상
2019062100100276,2019년 6월 21일 13시,금요일,서울특별시 광진구 중곡동,중상사고,0,1,0,0,차대사람 - 기타,안전운전불이행,건조,맑음,단일로 - 기타,승합,남,44세,상해없음,보행자,여,76세,중상
2019062100100313,2019년 6월 21일 14시,금요일,서울특별시 영등포구 영등포동4가,중상사고,0,1,0,0,차대사람 - 기타,안전운전불이행,건조,맑음,단일로 - 기타,승합,남,56세,상해없음,보행자,여,76세,중상
2019062100100315,2019년 6월 21일 14시,금요일,서울특별시 관악구 봉천동,경상사고,0,0,1,0,차대사람 - 횡단중,안전운전불이행,건조,맑음,단일로 - 기타,승용,여,48세,상해없음,보행자,남,83세,경상
2019062100100345,2019년 6월 21일 15시,금요일,서울특별시 성동구 용답동,경상사고,0,0,1,0,차대사람 - 기타,안전운전불이행,건조,맑음,단일로 - 기타,화물,남,57세,상해없음,보행자,여,87세,경상
2019062100100348,2019년 6월 21일 15시,금요일,서울특별시 노원구 하계동,중상사고,0,1,1,0,차대사람 - 기타,안전운전불이행,건조,맑음,단일로 - 기타,승용,여,50세,상해없음,보행자,남,68세,중상
2019062100100395,2019년 6월 21일 16시,금요일,서울특별시 노원구 공릉동,중상사고,0,1,0,0,차대사람 - 횡단중,안전운전불이행,건조,맑음,기타 - 기타,자전거,남,15세,상해없음,보행자,여,72세,중상
2019062100100598,2019년 6월 21일 20시,금요일,서울특별시 강서구 방화동,부상신고사고,0,0,0,1,차대사람 - 차도통행중,안전운전불이행,건조,흐림,교차로 - 교차로안,승용,남,41세,상해없음,보행자,여,77세,부상신고
2019062200100161,2019년 6월 22일 08시,토요일,서울특별시 강동구 천호동,중상사고,0,1,0,0,차대사람 - 횡단중,안전운전불이행,건조,맑음,교차로 - 교차로안,화물,남,62세,상해없음,보행자,여,81세,중상
2019062200100234,2019년 6월 22일 11시,토요일,서울특별시 서대문구 북가좌동,중상사고,0,1,0,0,차대사람 - 기타,안전운전불이행,건조,맑음,교차로 - 교차로부근,화물,남,42세,상해없음,보행자,여,81세,중상
2019062200100330,2019년 6월 22일 13시,토요일,서울특별시 종로구 혜화동,부상신고사고,0,0,0,1,차대사람 - 횡단중,보행자보호의무위반,건조,맑음,교차로 - 교차로횡단보도내,자전거,여,26세,상해없음,보행자,여,72세,부상신고
2019062200100413,2019년 6월 22일 15시,토요일,서울특별시 강북구 번동,중상사고,0,1,0,0,차대사람 - 횡단중,보행자보호의무위반,건조,맑음,교차로 - 교차로안,승용,남,63세,상해없음,보행자,남,69세,중상
2019062200100503,2019년 6월 22일 17시,토요일,서울특별시 강동구 천호동,경상사고,0,0,1,0,차대사람 - 횡단중,보행자보호의무위반,건조,맑음,교차로 - 교차로횡단보도내,승용,남,54세,상해없음,보행자,여,66세,경상
2019062200100597,2019년 6월 22일 20시,토요일,서울특별시 용산구 갈월동,경상사고,0,0,1,0,차대사람 - 기타,안전운전불이행,건조,맑음,교차로 - 교차로부근,기타불명,기타불명,미분류,기타불명,보행자,남,81세,경상
2019062200100601,2019년 6월 22일 20시,토요일,서울특별시 금천구 시흥동,경상사고,0,0,1,0,차대사람 - 기타,안전운전불이행,건조,맑음,교차로 - 교차로부근,이륜,남,17세,기타불명,보행자,여,71세,경상
2019062200100649,2019년 6월 22일 21시,토요일,서울특별시 관악구 신림동,경상사고,0,0,1,0,차대사람 - 기타,보행자보호의무위반,건조,맑음,기타 - 기타,승용,남,45세,상해없음,보행자,여,80세,경상
2019062300100024,2019년 6월 23일 00시,일요일,서울특별시 강북구 번동,경상사고,0,0,1,0,차대사람 - 횡단중,안전운전불이행,건조,맑음,교차로 - 교차로안,이륜,남,22세,상해없음,보행자,여,90세 이상,경상
2019062300100098,2019년 6월 23일 05시,일요일,서울특별시 관악구 신림동,중상사고,0,1,0,0,차대사람 - 기타,안전운전불이행,건조,맑음,교차로 - 교차로부근,승용,남,25세,상해없음,보행자,남,74세,중상
2019062300100366,2019년 6월 23일 16시,일요일,서울특별시 마포구 망원동,중상사고,0,1,0,1,차대사람 - 기타,안전운전불이행,건조,맑음,단일로 - 기타,자전거,남,43세,부상신고,보행자,여,66세,중상
2019062300100412,2019년 6월 23일 17시,일요일,서울특별시 노원구 공릉동,중상사고,0,1,0,0,차대사람 - 횡단중,안전운전불이행,건조,맑음,교차로 - 교차로부근,승합,남,54세,상해없음,보행자,여,69세,중상
2019062400100083,2019년 6월 24일 07시,월요일,서울특별시 강서구 화곡동,중상사고,0,1,0,0,차대사람 - 차도통행중,안전운전불이행,건조,맑음,교차로 - 교차로안,승합,남,63세,상해없음,보행자,여,72세,중상