사고번호,사고일시,요일,시군구,사고내용,사망자수,중상자수,경상자수,부상신고자수,사고유형,법규위반,노면상태,기상상태,도로형태,가해운전자 차종,가해운전자 성별,가해운전자 연령,가해운전자 상해정도,피해운전자 차종,피해운전자 성별,피해운전자 연령,피해운전자 상해정도
2019062400100212,2019년 6월 24일 10시,월요일,서울특별시 강서구 등촌동,중상사고,0,1,0,0,차대사람 - 차도통행중,안전운전불이행,건조,맑음,교차로 - 교차로안,승용,여,41세,상해없음,보행자,여,80세,중상
2019062500100172,2019년 6월 25일 09시,화요일,서울특별시 동대문구 장안동,부상신고사고,0,0,0,1,차대사람 - 길가장자리구역통행중,안전운전불이행,건조,맑음,교차로 - 교차로부근,화물,남,47세,상해없음,보행자,남,77세,부상신고
2019062500100204,2019년 6월 25일 10시,화요일,서울특별시 성북구 성북동,경상사고,0,0,1,0,차대사람 - 횡단중,보행자보호의무위반,건조,맑음,교차로 - 교차로부근,승용,남,64세,상해없음,보행자,남,66세,경상
2019062500100235,2019년 6월 25일 11시,화요일,서울특별시 종로구 낙원동,중상사고,0,1,0,0,차대사람 - 차도통행중,안전운전불이행,건조,맑음,단일로 - 기타,승용,여,69세,상해없음,보행자,남,78세,중상
2019062500100240,2019년 6월 25일 11시,화요일,서울특별시 양천구 신월동,중상사고,0,1,0,0,차대사람 - 횡단중,안전운전불이행,건조,맑음,단일로 - 기타,승용,여,42세,상해없음,보행자,여,78세,중상
2019062500100340,2019년 6월 25일 14시,화요일,서울특별시 동작구 신대방동,중상사고,0,3,0,0,차대사람 - 기타,안전운전불이행,건조,맑음,단일로 - 기타,승용,남,77세,상해없음,보행자,여,73세,중상
2019062500100671,2019년 6월 25일 21시,화요일,서울특별시 중랑구 면목동,경상사고,0,0,2,0,차대사람 - 기타,안전운전불이행,건조,맑음,단일로 - 기타,이륜,남,38세,경상,보행자,남,72세,경상
2019062600100096,2019년 6월 26일 08시,수요일,서울특별시 동대문구 제기동,경상사고,0,0,1,0,차대사람 - 기타,안전운전불이행,건조,맑음,단일로 - 기타,화물,남,57세,상해없음,보행자,여,71세,경상
2019062600100147,2019년 6월 26일 09시,수요일,서울특별시 송파구 거여동,경상사고,0,0,1,0,차대사람 - 보도통행중,안전운전불이행,건조,맑음,단일로 - 기타,자전거,여,19세,상해없음,보행자,여,73세,경상
2019062600100300,2019년 6월 26일 13시,수요일,서울특별시 마포구 망원동,중상사고,0,1,0,0,차대사람 - 기타,안전운전불이행,건조,맑음,기타 - 기타,승용,남,85세,기타불명,보행자,여,74세,중상
2019062600100328,2019년 6월 26일 14시,수요일,서울특별시 성동구 성수동1가,중상사고,0,1,1,0,차대사람 - 차도통행중,안전운전불이행,건조,맑음,교차로 - 교차로부근,화물,남,41세,상해없음,보행자,남,77세,중상
2019062600100412,2019년 6월 26일 16시,수요일,서울특별시 양천구 신정동,중상사고,0,1,0,0,차대사람 - 기타,안전운전불이행,건조,맑음,단일로 - 기타,승합,남,46세,상해없음,보행자,여,71세,중상
2019062600100515,2019년 6월 26일 18시,수요일,서울특별시 강북구 우이동,중상사고,0,1,0,0,차대사람 - 횡단중,안전운전불이행,건조,맑음,교차로 - 교차로안,승용,남,69세,상해없음,보행자,여,66세,중상
2019062600100566,2019년 6월 26일 19시,수요일,서울특별시 구로구 고척동,중상사고,0,1,0,0,차대사람 - 기타,안전운전불이행,건조,맑음,교차로 - 교차로부근,승용,남,22세,상해없음,보행자,여,78세,중상
2019062700100083,2019년 6월 27일 07시,목요일,서울특별시 동작구 상도동,중상사고,0,1,0,0,차대사람 - 길가장자리구역통행중,안전운전불이행,건조,맑음,단일로 - 기타,승용,여,32세,상해없음,보행자,남,74세,중상
2019062700100121,2019년 6월 27일 08시,목요일,서울특별시 구로구 고척동,경상사고,0,0,1,0,차대사람 - 길가장자리구역통행중,안전운전불이행,건조,맑음,단일로 - 기타,화물,남,31세,상해없음,보행자,남,76세,경상
2019062700100123,2019년 6월 27일 08시,목요일,서울특별시 도봉구 창동,중상사고,0,1,0,0,차대사람 - 기타,보행자보호의무위반,젖음/습기,흐림,교차로 - 교차로횡단보도내,승용,남,71세,상해없음,보행자,여,67세,중상
2019062700100233,2019년 6월 27일 11시,목요일,서울특별시 송파구 오금동,중상사고,0,1,0,0,차대사람 - 기타,신호위반,건조,맑음,교차로 - 교차로안,화물,남,57세,상해없음,보행자,남,86세,중상
2019062700100296,2019년 6월 27일 13시,목요일,서울특별시 은평구 응암동,중상사고,0,1,0,0,차대사람 - 차도통행중,안전운전불이행,건조,맑음,교차로 - 교차로안,승용,남,25세,상해없음,보행자,여,83세,중상
2019062700100406,2019년 6월 27일 16시,목요일,서울특별시 동대문구 제기동,중상사고,0,1,0,0,차대사람 - 기타,안전운전불이행,건조,맑음,단일로 - 기타,승용,여,34세,상해없음,보행자,여,75세,중상
2019062800100185,2019년 6월 28일 10시,금요일,서울특별시 성동구 하왕십리동,중상사고,0,1,0,0,차대사람 - 횡단중,안전운전불이행,건조,맑음,교차로 - 교차로안,승용,여,35세,상해없음,보행자,여,74세,중상
2019062800100188,2019년 6월 28일 10시,금요일,서울특별시 강서구 화곡동,중상사고,0,1,0,0,차대사람 - 기타,안전운전불이행,건조,흐림,교차로 - 교차로안,승용,남,71세,상해없음,보행자,여,74세,중상
2019062800100422,2019년 6월 28일 16시,금요일,서울특별시 동작구 대방동,중상사고,0,1,0,0,차대사람 - 길가장자리구역통행중,안전운전불이행,건조,맑음,교차로 - 교차로부근,승용,남,30세,상해없음,보행자,여,80세,중상
2019062800100507,2019년 6월 28일 18시,금요일,서울특별시 강서구 화곡동,경상사고,0,0,1,0,차대사람 - 기타,안전운전불이행,건조,흐림,단일로 - 기타,승용,여,28세,상해없음,보행자,여,69세,경상
2019062800100555,2019년 6월 28일 19시,금요일,서울특별시 강동구 천호동,부상신고사고,0,0,0,1,차대사람 - 기타,안전운전불이행,건조,흐림,단일로 - 기타,화물,남,54세,상해없음,보행자,여,83세,부상신고
2019062800100586,2019년 6월 28일 20시,금요일,서울특별시 은평구 응암동,중상사고,0,1,0,0,차대사람 - 횡단중,안전운전불이행,건조,맑음,단일로 - 기타,이륜,남,23세,상해없음,보행자,여,84세,중상
2019062800100588,2019년 6월 28일 20시,금요일,서울특별시 성북구 정릉동,중상사고,0,1,0,0,차대사람 - 기타,안전운전불이행,건조,맑음,단일로 - 기타,승합,남,45세,상해없음,보행자,여,80세,중상
2019062800100597,2019년 6월 28일 20시,금요일,서울특별시 성북구 종암동,경상사고,0,0,1,0,차대사람 - 횡단중,안전운전불이행,건조,맑음,교차로 - 교차로안,승용,남,61세,상해없음,보행자,여,78세,경상
2019062800100706,2019년 6월 28일 23시,금요일,서울특별시 관악구 신림동,중상사고,0,1,0,0,차대사람 - 횡단중,안전운전불이행,건조,기타,단일로 - 기타,승용,여,62세,상해없음,보행자,남,66세,중상
2019062900100120,2019년 6월 29일 06시,토요일,서울특별시 광진구 중곡동,경상사고,0,0,2,0,차대사람 - 횡단중,보행자보호의무위반,젖음/습기,흐림,교차로 - 교차로횡단보도내,승용,남,45세,상해없음,보행자,여,72세,경상
2019062900100324,2019년 6월 29일 14시,토요일,서울특별시 송파구 방이동,중상사고,0,1,0,0,차대사람 - 차도통행중,안전운전불이행,건조,맑음,교차로 - 교차로안,화물,남,35세,상해없음,보행자,여,76세,중상
2019062900100614,2019년 6월 29일 22시,토요일,서울특별시 구로구 궁동,경상사고,0,0,1,0,차대사람 - 길가장자리구역통행중,안전운전불이행,건조,맑음,단일로 - 기타,승용,남,49세,상해없음,보행자,여,66세,경상
2019063000100261,2019년 6월 30일 15시,일요일,서울특별시 구로구 고척동,경상사고,0,0,2,0,차대사람 - 기타,안전운전불이행,건조,기타,기타 - 기타,화물,남,52세,상해없음,보행자,여,60세,경상
2019063000100318,2019년 6월 30일 17시,일요일,서울특별시 도봉구 창동,중상사고,0,1,0,0,차대사람 - 기타,안전운전불이행,건조,맑음,단일로 - 기타,승합,남,64세,기타불명,보행자,여,78세,중상
2019070100100056,2019년 7월 1일 04시,월요일,서울특별시 동대문구 이문동,경상사고,0,0,1,0,차대사람 - 기타,안전운전불이행,건조,맑음,교차로 - 교차로안,승용,남,53세,상해없음,보행자,여,83세,경상
2019070100100212,2019년 7월 1일 10시,월요일,서울특별시 성북구 안암동4가,중상사고,0,1,0,0,차대사람 - 횡단중,보행자보호의무위반,건조,맑음,단일로 - 기타,화물,남,47세,상해없음,보행자,여,78세,중상
2019070100100215,2019년 7월 1일 10시,월요일,서울특별시 마포구 성산동,중상사고,0,1,0,0,차대사람 - 기타,기타,건조,맑음,단일로 - 기타,승합,남,44세,상해없음,보행자,여,87세,중상
2019070100100284,2019년 7월 1일 12시,월요일,서울특별시 도봉구 창동,중상사고,0,1,0,0,차대사람 - 기타,신호위반,건조,맑음,교차로 - 교차로안,이륜,남,35세,상해없음,보행자,여,76세,중상
2019070100100387,2019년 7월 1일 15시,월요일,서울특별시 양천구 신월동,경상사고,0,0,1,0,차대사람 - 횡단중,안전운전불이행,건조,맑음,교차로 - 교차로안,승합,남,38세,상해없음,보행자,남,73세,경상
2019070100100426,2019년 7월 1일 16시,월요일,서울특별시 동대문구 용두동,경상사고,0,0,1,0,차대사람 - 횡단중,안전운전불이행,건조,맑음,교차로 - 교차로횡단보도내,화물,남,59세,상해없음,보행자,남,84세,경상
2019070100100607,2019년 7월 1일 20시,월요일,서울특별시 송파구 가락동,중상사고,0,1,0,0,차대사람 - 횡단중,안전운전불이행,건조,맑음,단일로 - 기타,승용,남,59세,상해없음,보행자,여,76세,중상
2019070100100634,2019년 7월 1일 21시,월요일,서울특별시 도봉구 도봉동,중상사고,0,1,0,0,차대사람 - 횡단중,안전운전불이행,기타,맑음,교차로 - 교차로안,승용,여,57세,상해없음,보행자,여,71세,중상
2019070200100125,2019년 7월 2일 08시,화요일,서울특별시 양천구 신정동,경상사고,0,0,1,0,차대사람 - 기타,안전운전불이행,건조,맑음,단일로 - 기타,승합,남,49세,상해없음,보행자,여,66세,경상
2019070200100226,2019년 7월 2일 11시,화요일,서울특별시 동대문구 제기동,중상사고,0,1,0,0,차대사람 - 기타,안전운전불이행,건조,맑음,단일로 - 기타,승합,남,62세,상해없음,보행자,여,82세,중상
2019070200100322,2019년 7월 2일 14시,화요일,서울특별시 양천구 목동,중상사고,0,1,0,0,차대사람 - 횡단중,안전운전불이행,건조,맑음,교차로 - 교차로안,승용,여,39세,상해없음,보행자,여,66세,중상
2019070200100357,2019년 7월 2일 15시,화요일,서울특별시 강동구 길동,경상사고,0,0,1,0,차대사람 - 기타,안전운전불이행,건조,맑음,교차로 - 교차로부근,승용,남,60세,상해없음,보행자,여,65세,경상
2019070200100391,2019년 7월 2일 16시,화요일,서울특별시 금천구 독산동,중상사고,0,1,0,0,차대사람 - 차도통행중,안전운전불이행,건조,맑음,교차로 - 교차로부근,화물,남,47세,상해없음,보행자,남,67세,중상
2019070200100392,2019년 7월 2일 16시,화요일,서울특별시 성동구 마장동,경상사고,0,0,1,0,차대사람 - 차도통행중,안전운전불이행,건조,맑음,단일로 - 기타,승용,여,54세,상해없음,보행자,남,88세,경상
2019070200100393,2019년 7월 2일 16시,화요일,서울특별시 성동구 행당동,중상사고,0,1,0,0,차대사람 - 기타,안전운전불이행,건조,맑음,단일로 - 기타,승용,남,41세,상해없음,보행자,여,73세,중상
2019070200100465,2019년 7월 2일 18시,화요일,서울특별시 서초구 반포동,중상사고,0,1,0,0,차대사람 - 횡단중,신호위반,건조,맑음,교차로 - 교차로횡단보도내,승용,여,45세,상해없음,보행자,여,71세,중상
2019070300100057,2019년 7월 3일 06시,수요일,서울특별시 용산구 한강로2가,경상사고,0,0,1,0,차대사람 - 기타,안전운전불이행,건조,맑음,교차로 - 교차로부근,승용,남,53세,상해없음,보행자,남,68세,경상
2019070300100146,2019년 7월 3일 09시,수요일,서울특별시 중랑구 묵동,경상사고,0,0,1,0,차대사람 - 기타,기타,건조,맑음,기타 - 기타,기타불명,기타불명,미분류,기타불명,보행자,남,81세,경상
2019070300100152,2019년 7월 3일 09시,수요일,서울특별시 노원구 상계동,중상사고,0,1,0,0,차대사람 - 횡단중,안전운전불이행,건조,맑음,교차로 - 교차로안,화물,남,44세,상해없음,보행자,남,83세,중상
2019070300100267,2019년 7월 3일 13시,수요일,서울특별시 동대문구 용두동,중상사고,0,1,0,0,차대사람 - 기타,안전운전불이행,건조,맑음,교차로 - 교차로횡단보도내,승합,남,43세,상해없음,보행자,남,73세,중상
2019070300100340,2019년 7월 3일 15시,수요일,서울특별시 중랑구 망우동,경상사고,0,0,1,0,차대사람 - 횡단중,교차로운행방법위반,건조,흐림,교차로 - 교차로안,승용,남,61세,상해없음,보행자,여,73세,경상
2019070300100415,2019년 7월 3일 17시,수요일,서울특별시 강동구 길동,경상사고,0,0,1,0,차대사람 - 기타,안전운전불이행,건조,맑음,단일로 - 기타,승용,여,39세,상해없음,보행자,남,73세,경상
2019070400100247,2019년 7월 4일 11시,목요일,서울특별시 종로구 종로2가,경상사고,0,0,1,0,차대사람 - 차도통행중,안전운전불이행,건조,맑음,교차로 - 교차로부근,화물,남,64세,상해없음,보행자,남,88세,경상
2019070400100505,2019년 7월 4일 18시,목요일,서울특별시 강동구 성내동,경상사고,0,0,1,0,차대사람 - 기타,기타,건조,맑음,기타 - 기타,자전거,남,71세,상해없음,보행자,여,86세,경상
2019070400100549,2019년 7월 4일 19시,목요일,서울특별시 동작구 사당동,경상사고,0,0,1,0,차대사람 - 길가장자리구역통행중,안전운전불이행,건조,맑음,단일로 - 기타,승용,남,56세,상해없음,보행자,남,74세,경상
2019070400100622,2019년 7월 4일 22시,목요일,서울특별시 동대문구 회기동,경상사고,0,0,1,0,차대사람 - 차도통행중,안전운전불이행,건조,맑음,단일로 - 기타,승용,남,29세,상해없음,보행자,여,65세,경상
2019070500100184,2019년 7월 5일 09시,금요일,서울특별시 도봉구 방학동,경상사고,0,0,1,0,차대사람 - 보도통행중,안전운전불이행,건조,맑음,단일로 - 기타,이륜,기타불명,미분류,기타불명,보행자,여,72세,경상
2019070500100264,2019년 7월 5일 12시,금요일,서울특별시 동대문구 제기동,중상사고,0,1,0,0,차대사람 - 횡단중,안전운전불이행,건조,맑음,교차로 - 교차로횡단보도내,승용,여,55세,상해없음,보행자,남,87세,중상
2019070500100415,2019년 7월 5일 16시,금요일,서울특별시 강동구 천호동,경상사고,0,0,1,0,차대사람 - 기타,안전운전불이행,건조,맑음,단일로 - 기타,자전거,남,7세,상해없음,보행자,여,67세,경상
2019070500100573,2019년 7월 5일 19시,금요일,서울특별시 마포구 망원동,경상사고,0,0,1,0,차대사람 - 횡단중,안전운전불이행,건조,맑음,기타 - 기타,자전거,남,42세,상해없음,보행자,남,67세,경상
2019070500100627,2019년 7월 5일 21시,금요일,서울특별시 광진구 능동,사망사고,1,0,0,0,차대사람 - 기타,안전운전불이행,건조,맑음,단일로 - 기타,승합,남,45세,상해없음,보행자,남,67세,사망
2019070600100089,2019년 7월 6일 04시,토요일,서울특별시 영등포구 신길동,경상사고,0,0,1,0,차대사람 - 보도통행중,안전운전불이행,건조,맑음,교차로 - 교차로부근,기타불명,기타불명,미분류,기타불명,보행자,여,69세,경상
2019070600100091,2019년 7월 6일 04시,토요일,서울특별시 도봉구 도봉동,경상사고,0,0,1,0,차대사람 - 기타,안전운전불이행,건조,맑음,단일로 - 기타,승용,남,60세,상해없음,보행자,남,69세,경상
2019070600100159,2019년 7월 6일 08시,토요일,서울특별시 은평구 갈현동,중상사고,0,1,0,0,차대사람 - 기타,안전운전불이행,건조,맑음,단일로 - 기타,승용,남,18세,상해없음,보행자,여,71세,중상
2019070600100214,2019년 7월 6일 10시,토요일,서울특별시 금천구 독산동,중상사고,0,1,0,0,차대사람 - 횡단중,안전운전불이행,건조,맑음,단일로 - 기타,승용,여,56세,상해없음,보행자,남,70세,중상
2019070600100247,2019년 7월 6일 11시,토요일,서울특별시 동대문구 장안동,경상사고,0,0,1,0,차대사람 - 기타,안전운전불이행,건조,맑음,단일로 - 기타,승용,남,68세,상해없음,보행자,여,72세,경상
2019070600100508,2019년 7월 6일 17시,토요일,서울특별시 동작구 사당동,경상사고,0,0,1,0,차대사람 - 기타,안전운전불이행,건조,맑음,교차로 - 교차로안,화물,남,30세,상해없음,보행자,여,79세,경상
2019070600100684,2019년 7월 6일 22시,토요일,서울특별시 성북구 정릉동,경상사고,0,0,2,0,차대사람 - 횡단중,안전운전불이행,건조,맑음,교차로 - 교차로안,승용,여,40세,상해없음,보행자,남,67세,경상
2019070700100022,2019년 7월 7일 00시,일요일,서울특별시 송파구 가락동,중상사고,0,1,0,0,차대사람 - 차도통행중,안전운전불이행,건조,맑음,단일로 - 기타,승용,남,66세,상해없음,보행자,여,67세,중상
2019070700100036,2019년 7월 7일 01시,일요일,서울특별시 도봉구 방학동,중상사고,0,1,0,0,차대사람 - 기타,안전운전불이행,건조,맑음,단일로 - 기타,승용,남,62세,상해없음,보행자,여,79세,중상
2019070700100118,2019년 7월 7일 09시,일요일,서울특별시 마포구 신수동,중상사고,0,1,0,0,차대사람 - 차도통행중,안전운전불이행,건조,맑음,교차로 - 교차로안,승용,남,60세,상해없음,보행자,여,76세,중상
2019070700100120,2019년 7월 7일 09시,일요일,서울특별시 관악구 봉천동,중상사고,0,1,0,0,차대사람 - 횡단중,신호위반,건조,맑음,교차로 - 교차로부근,승용,남,73세,상해없음,보행자,여,79세,중상
2019070700100138,2019년 7월 7일 10시,일요일,서울특별시 노원구 공릉동,중상사고,0,1,0,0,차대사람 - 차도통행중,안전운전불이행,건조,맑음,기타 - 기타,승용,여,49세,상해없음,보행자,여,70세,중상
2019070700100359,2019년 7월 7일 17시,일요일,서울특별시 동작구 신대방동,부상신고사고,0,0,0,1,차대사람 - 기타,안전운전불이행,건조,맑음,단일로 - 기타,자전거,남,9세,상해없음,보행자,남,84세,부상신고
2019070700100436,2019년 7월 7일 20시,일요일,서울특별시 영등포구 대림동,중상사고,0,2,0,0,차대사람 - 기타,안전운전불이행,건조,맑음,단일로 - 기타,승용,여,51세,상해없음,보행자,여,84세,중상
2019070800100203,2019년 7월 8일 10시,월요일,서울특별시 강남구 일원동,중상사고,0,1,1,0,차대사람 - 횡단중,안전운전불이행,건조,맑음,교차로 - 교차로안,화물,남,37세,상해없음,보행자,여,61세,중상
2019070800100303,2019년 7월 8일 13시,월요일,서울특별시 관악구 신림동,경상사고,0,0,1,0,차대사람 - 횡단중,신호위반,건조,맑음,교차로 - 교차로안,승합,남,62세,상해없음,보행자,여,81세,경상
2019070800100358,2019년 7월 8일 15시,월요일,서울특별시 동대문구 전농동,중상사고,0,1,0,0,차대사람 - 기타,안전운전불이행,건조,맑음,교차로 - 교차로부근,승용,남,55세,상해없음,보행자,여,66세,중상
2019070800100541,2019년 7월 8일 20시,월요일,서울특별시 종로구 행촌동,중상사고,0,1,0,0,차대사람 - 차도통행중,안전운전불이행,건조,맑음,교차로 - 교차로부근,승용,남,50세,상해없음,보행자,남,76세,중상
2019070900100046,2019년 7월 9일 02시,화요일,서울특별시 강동구 성내동,사망사고,1,0,0,0,차대사람 - 횡단중,과속,건조,맑음,교차로 - 교차로안,승용,남,48세,상해없음,보행자,남,74세,사망
2019070900100066,2019년 7월 9일 06시,화요일,서울특별시 성동구 사근동,경상사고,0,0,1,0,차대사람 - 기타,안전운전불이행,건조,맑음,기타 - 기타,자전거,여,20세,상해없음,보행자,여,79세,경상
2019070900100179,2019년 7월 9일 09시,화요일,서울특별시 도봉구 창동,경상사고,0,0,1,0,차대사람 - 횡단중,안전운전불이행,건조,맑음,교차로 - 교차로부근,승용,여,39세,상해없음,보행자,여,80세,경상
2019070900100280,2019년 7월 9일 12시,화요일,서울특별시 강남구 신사동,중상사고,0,1,0,0,차대사람 - 기타,안전운전불이행,건조,맑음,단일로 - 기타,승용,남,62세,상해없음,보행자,여,69세,중상
2019070900100281,2019년 7월 9일 12시,화요일,서울특별시 강서구 화곡동,중상사고,0,1,0,0,차대사람 - 횡단중,안전운전불이행,건조,맑음,교차로 - 교차로안,화물,남,46세,상해없음,보행자,여,77세,중상
2019070900100282,2019년 7월 9일 12시,화요일,서울특별시 양천구 신정동,중상사고,0,1,0,0,차대사람 - 기타,안전운전불이행,건조,맑음,단일로 - 기타,승용,여,41세,상해없음,보행자,여,76세,중상
2019070900100363,2019년 7월 9일 15시,화요일,서울특별시 서대문구 창천동,중상사고,0,1,0,0,차대사람 - 횡단중,안전운전불이행,건조,맑음,교차로 - 교차로안,승용,여,45세,상해없음,보행자,여,66세,중상
2019070900100366,2019년 7월 9일 15시,화요일,서울특별시 강서구 방화동,경상사고,0,0,1,0,차대사람 - 보도통행중,기타,건조,맑음,단일로 - 기타,승용,여,40세,상해없음,보행자,여,67세,경상
2019070900100401,2019년 7월 9일 16시,화요일,서울특별시 영등포구 영등포동5가,경상사고,0,0,1,0,차대사람 - 길가장자리구역통행중,안전운전불이행,건조,맑음,교차로 - 교차로안,승용,남,47세,상해없음,보행자,남,70세,경상
2019070900100478,2019년 7월 9일 18시,화요일,서울특별시 강서구 공항동,경상사고,0,0,1,0,차대사람 - 기타,안전운전불이행,건조,기타,단일로 - 기타,승용,남,56세,상해없음,보행자,남,77세,경상
2019071000100077,2019년 7월 10일 07시,수요일,서울특별시 강서구 공항동,중상사고,0,1,0,0,차대사람 - 기타,안전운전불이행,건조,맑음,단일로 - 기타,승용,여,56세,상해없음,보행자,여,74세,중상
2019071000100134,2019년 7월 10일 09시,수요일,서울특별시 동작구 상도동,경상사고,0,0,1,0,차대사람 - 횡단중,안전운전불이행,건조,맑음,교차로 - 교차로부근,이륜,여,35세,상해없음,보행자,여,72세,경상
2019071000100168,2019년 7월 10일 10시,수요일,서울특별시 동대문구 답십리동,경상사고,0,0,1,0,차대사람 - 기타,안전운전불이행,건조,맑음,기타 - 기타,기타불명,기타불명,미분류,기타불명,보행자,여,67세,경상
2019071000100236,2019년 7월 10일 12시,수요일,서울특별시 송파구 가락동,경상사고,0,0,1,0,차대사람 - 기타,안전운전불이행,건조,맑음,단일로 - 기타,승용,여,23세,상해없음,보행자,여,85세,경상
2019071000100238,2019년 7월 10일 12시,수요일,서울특별시 구로구 오류동,경상사고,0,0,1,0,차대사람 - 기타,신호위반,건조,맑음,교차로 - 교차로횡단보도내,승합,여,54세,상해없음,보행자,여,66세,경상
2019071000100294,2019년 7월 10일 14시,수요일,서울특별시 성북구 정릉동,경상사고,0,0,1,0,차대사람 - 횡단중,신호위반,건조,흐림,교차로 - 교차로횡단보도내,화물,남,64세,상해없음,보행자,남,76세,경상
2019071000100296,2019년 7월 10일 14시,수요일,서울특별시 영등포구 영등포동3가,중상사고,0,1,0,0,차대사람 - 기타,안전운전불이행,건조,맑음,교차로 - 교차로부근,승용,남,23세,상해없음,보행자,여,74세,중상
2019071000100541,2019년 7월 10일 20시,수요일,서울특별시 중구 신당동,중상사고,0,1,0,0,차대사람 - 횡단중,보행자보호의무위반,젖음/습기,비,교차로 - 교차로안,이륜,남,17세,상해없음,보행자,여,74세,중상
2019071000100584,2019년 7월 10일 21시,수요일,서울특별시 중구 신당동,중상사고,0,1,0,0,차대사람 - 횡단중,신호위반,젖음/습기,비,교차로 - 교차로횡단보도내,화물,남,33세,상해없음,보행자,여,76세,중상
2019071000100588,2019년 7월 10일 21시,수요일,서울특별시 중랑구 신내동,경상사고,0,0,1,0,차대사람 - 기타,안전운전불이행,젖음/습기,흐림,교차로 - 교차로부근,승용,여,49세,상해없음,보행자,남,66세,경상
2019071000100592,2019년 7월 10일 21시,수요일,서울특별시 강동구 천호동,중상사고,0,1,0,0,차대사람 - 기타,안전운전불이행,젖음/습기,비,단일로 - 기타,승용,남,65세,상해없음,보행자,남,65세,중상
2019071000100596,2019년 7월 10일 21시,수요일,서울특별시 은평구 대조동,경상사고,0,0,1,0,차대사람 - 기타,안전운전불이행,건조,맑음,기타 - 기타,승용,남,55세,상해없음,보행자,여,67세,경상
2019071000100702,2019년 7월 10일 23시,수요일,서울특별시 서초구 잠원동,중상사고,0,1,0,0,차대사람 - 횡단중,안전운전불이행,젖음/습기,비,단일로 - 기타,승용,남,46세,상해없음,보행자,남,67세,중상
2019071100100133,2019년 7월 11일 08시,목요일,서울특별시 금천구 독산동,중상사고,0,1,2,0,차대차 - 측면충돌,직진우회전진행방해,건조,흐림,교차로 - 교차로안,승합,남,47세,상해없음,승용,남,58세,상해없음
2019071100100242,2019년 7월 11일 11시,목요일,서울특별시 서대문구 창천동,경상사고,0,0,1,0,차대사람 - 횡단중,보행자보호의무위반,건조,맑음,단일로 - 기타,승합,남,69세,상해없음,보행자,여,71세,경상
2019071100100316,2019년 7월 11일 14시,목요일,서울특별시 영등포구 신길동,중상사고,0,1,0,0,차대사람 - 횡단중,안전운전불이행,건조,맑음,단일로 - 기타,화물,남,36세,상해없음,보행자,남,65세,중상
2019071100100511,2019년 7월 11일 19시,목요일,서울특별시 성동구 옥수동,경상사고,0,0,1,0,차대사람 - 횡단중,안전운전불이행,건조,맑음,단일로 - 기타,자전거,남,26세,상해없음,보행자,여,78세,경상
2019071200100210,2019년 7월 12일 10시,금요일,서울특별시 강북구 수유동,중상사고,0,1,0,0,차대사람 - 기타,안전운전불이행,건조,맑음,단일로 - 기타,특수,남,46세,상해없음,보행자,여,83세,중상
2019071300100184,2019년 7월 13일 11시,토요일,서울특별시 서대문구 북가좌동,경상사고,0,0,1,0,차대사람 - 보도통행중,기타,건조,맑음,단일로 - 기타,기타불명,여,65세,상해없음,보행자,남,70세,경상
2019071300100376,2019년 7월 13일 16시,토요일,서울특별시 강서구 마곡동,중상사고,0,1,0,0,차대사람 - 기타,중앙선침범,건조,맑음,단일로 - 기타,승용,남,48세,상해없음,보행자,여,65세,중상
2019071300100517,2019년 7월 13일 20시,토요일,서울특별시 송파구 방이동,중상사고,0,1,0,0,차대사람 - 기타,안전운전불이행,건조,맑음,교차로 - 교차로안,기타불명,기타불명,미분류,기타불명,보행자,여,66세,중상
2019071400100120,2019년 7월 14일 09시,일요일,서울특별시 양천구 신정동,중상사고,0,1,0,0,차대사람 - 보도통행중,기타,건조,맑음,교차로 - 교차로부근,자전거,남,19세,기타불명,보행자,여,79세,중상
2019071400100136,2019년 7월 14일 10시,일요일,서울특별시 강북구 번동,중상사고,0,1,0,0,차대사람 - 기타,안전운전불이행,건조,맑음,단일로 - 기타,승용,여,58세,상해없음,보행자,여,88세,중상
2019071500100062,2019년 7월 15일 07시,월요일,서울특별시 마포구 성산동,중상사고,0,1,0,0,차대사람 - 횡단중,보행자보호의무위반,건조,맑음,교차로 - 교차로부근,승용,여,57세,상해없음,보행자,여,73세,중상
2019071500100103,2019년 7월 15일 08시,월요일,서울특별시 강남구 수서동,경상사고,0,0,1,0,차대사람 - 횡단중,안전운전불이행,건조,맑음,단일로 - 기타,승용,남,59세,상해없음,보행자,여,80세,경상
2019071500100186,2019년 7월 15일 11시,월요일,서울특별시 은평구 응암동,경상사고,0,0,1,0,차대사람 - 횡단중,신호위반,건조,맑음,교차로 - 교차로횡단보도내,승용,여,51세,상해없음,보행자,여,85세,경상
2019071500100214,2019년 7월 15일 12시,월요일,서울특별시 중랑구 면목동,중상사고,0,1,0,0,차대사람 - 기타,불법유턴,건조,맑음,교차로 - 교차로부근,화물,남,30세,상해없음,보행자,남,76세,중상
2019071500100215,2019년 7월 15일 12시,월요일,서울특별시 강서구 공항동,중상사고,0,1,0,0,차대사람 - 기타,기타,건조,맑음,단일로 - 기타,승합,남,49세,상해없음,보행자,남,75세,중상
2019071500100245,2019년 7월 15일 13시,월요일,서울특별시 강동구 천호동,중상사고,0,1,0,0,차대사람 - 기타,안전운전불이행,건조,맑음,단일로 - 기타,승용,남,58세,상해없음,보행자,여,76세,중상