사고번호,사고일시,요일,시군구,사고내용,사망자수,중상자수,경상자수,부상신고자수,사고유형,법규위반,노면상태,기상상태,도로형태,가해운전자 차종,가해운전자 성별,가해운전자 연령,가해운전자 상해정도,피해운전자 차종,피해운전자 성별,피해운전자 연령,피해운전자 상해정도
2019071500100422,2019년 7월 15일 17시,월요일,서울특별시 강북구 수유동,중상사고,0,1,0,0,차대사람 - 길가장자리구역통행중,안전운전불이행,건조,맑음,단일로 - 기타,승용,여,59세,상해없음,보행자,여,75세,중상
2019071500100477,2019년 7월 15일 18시,월요일,서울특별시 서대문구 북가좌동,중상사고,0,1,1,0,차대사람 - 기타,보행자보호의무위반,건조,맑음,교차로 - 교차로횡단보도내,승용,여,47세,상해없음,보행자,여,68세,중상
2019071500100481,2019년 7월 15일 18시,월요일,서울특별시 관악구 봉천동,경상사고,0,0,1,0,차대사람 - 기타,안전운전불이행,기타,맑음,단일로 - 기타,승합,남,58세,상해없음,보행자,여,75세,경상
2019071600100213,2019년 7월 16일 12시,화요일,서울특별시 마포구 대흥동,중상사고,0,1,0,0,차대사람 - 차도통행중,안전운전불이행,건조,맑음,단일로 - 기타,화물,남,26세,상해없음,보행자,남,80세,중상
2019071600100288,2019년 7월 16일 14시,화요일,서울특별시 서초구 서초동,경상사고,0,0,1,0,차대사람 - 기타,안전운전불이행,건조,맑음,교차로 - 교차로안,승용,여,57세,상해없음,보행자,여,65세,경상
2019071600100408,2019년 7월 16일 17시,화요일,서울특별시 강서구 화곡동,경상사고,0,0,1,0,차대사람 - 길가장자리구역통행중,안전운전불이행,건조,맑음,단일로 - 기타,승용,여,70세,상해없음,보행자,여,68세,경상
2019071600100518,2019년 7월 16일 19시,화요일,서울특별시 강서구 화곡동,경상사고,0,0,1,0,차대사람 - 기타,안전운전불이행,기타,맑음,단일로 - 기타,승용,남,70세,상해없음,보행자,남,72세,경상
2019071600100550,2019년 7월 16일 20시,화요일,서울특별시 강동구 천호동,경상사고,0,0,1,0,차대사람 - 기타,안전운전불이행,건조,맑음,단일로 - 기타,자전거,남,14세,상해없음,보행자,여,72세,경상
2019071700100150,2019년 7월 17일 09시,수요일,서울특별시 금천구 시흥동,중상사고,0,1,0,0,차대사람 - 횡단중,보행자보호의무위반,건조,맑음,단일로 - 기타,승용,여,44세,상해없음,보행자,여,76세,중상
2019071700100154,2019년 7월 17일 09시,수요일,서울특별시 노원구 중계동,중상사고,0,1,1,0,차대사람 - 횡단중,중앙선침범,건조,맑음,단일로 - 기타,승합,남,47세,상해없음,보행자,여,74세,중상
2019071700100308,2019년 7월 17일 14시,수요일,서울특별시 성북구 하월곡동,중상사고,0,1,0,0,차대사람 - 기타,안전운전불이행,건조,맑음,교차로 - 교차로안,승합,남,68세,상해없음,보행자,여,86세,중상
2019071700100357,2019년 7월 17일 15시,수요일,서울특별시 노원구 하계동,경상사고,0,0,1,0,차대사람 - 기타,보행자보호의무위반,건조,맑음,교차로 - 교차로안,승용,남,62세,상해없음,보행자,여,72세,경상
2019071700100392,2019년 7월 17일 16시,수요일,서울특별시 성북구 종암동,경상사고,0,0,1,0,차대사람 - 횡단중,안전운전불이행,건조,맑음,단일로 - 기타,승용,남,59세,상해없음,보행자,여,78세,경상
2019071700100394,2019년 7월 17일 16시,수요일,서울특별시 양천구 신월동,경상사고,0,0,1,0,차대사람 - 기타,안전운전불이행,건조,맑음,단일로 - 기타,승용,남,31세,상해없음,보행자,남,65세,경상
2019071700100431,2019년 7월 17일 17시,수요일,서울특별시 동작구 대방동,중상사고,0,1,0,0,차대사람 - 차도통행중,안전운전불이행,건조,맑음,교차로 - 교차로안,승용,남,61세,상해없음,보행자,여,66세,중상
2019071700100638,2019년 7월 17일 23시,수요일,서울특별시 영등포구 신길동,경상사고,0,0,1,0,차대사람 - 기타,안전운전불이행,건조,맑음,단일로 - 기타,승용,남,32세,상해없음,보행자,여,66세,경상
2019071800100044,2019년 7월 18일 04시,목요일,서울특별시 서대문구 북가좌동,경상사고,0,0,1,0,차대사람 - 기타,안전운전불이행,건조,흐림,단일로 - 기타,자전거,남,78세,상해없음,보행자,남,86세,경상
2019071800100054,2019년 7월 18일 05시,목요일,서울특별시 강남구 삼성동,중상사고,0,1,0,0,차대사람 - 횡단중,안전운전불이행,건조,맑음,단일로 - 지하차도(도로)내,화물,남,40세,상해없음,보행자,여,76세,중상
2019071800100169,2019년 7월 18일 10시,목요일,서울특별시 성북구 정릉동,중상사고,0,1,0,0,차대사람 - 횡단중,안전운전불이행,건조,맑음,단일로 - 기타,건설기계,남,58세,상해없음,보행자,여,79세,중상
2019071800100328,2019년 7월 18일 15시,목요일,서울특별시 마포구 대흥동,경상사고,0,0,1,0,차대사람 - 횡단중,보행자보호의무위반,건조,맑음,교차로 - 교차로횡단보도내,승용,여,40세,상해없음,보행자,여,72세,경상
2019071800100483,2019년 7월 18일 19시,목요일,서울특별시 양천구 목동,경상사고,0,0,1,0,차대사람 - 기타,안전운전불이행,건조,맑음,단일로 - 기타,자전거,남,23세,상해없음,보행자,남,82세,경상
2019071900100173,2019년 7월 19일 09시,금요일,서울특별시 영등포구 영등포동,경상사고,0,0,1,0,차대사람 - 기타,안전운전불이행,건조,맑음,교차로 - 교차로안,화물,남,37세,상해없음,보행자,여,70세,경상
2019071900100220,2019년 7월 19일 10시,금요일,서울특별시 강남구 압구정동,경상사고,0,0,1,0,차대사람 - 보도통행중,안전운전불이행,건조,맑음,기타 - 기타,원동기,남,16세,상해없음,보행자,여,80세,경상
2019071900100297,2019년 7월 19일 12시,금요일,서울특별시 동작구 사당동,부상신고사고,0,0,0,1,차대사람 - 횡단중,안전운전불이행,건조,맑음,교차로 - 교차로부근,승용,여,43세,상해없음,보행자,여,76세,부상신고
2019071900100409,2019년 7월 19일 15시,금요일,서울특별시 마포구 도화동,중상사고,0,1,1,0,차대사람 - 기타,보행자보호의무위반,건조,맑음,교차로 - 교차로부근,승용,남,37세,상해없음,보행자,여,80세,중상
2019071900100444,2019년 7월 19일 16시,금요일,서울특별시 송파구 석촌동,사망사고,1,0,0,0,차대사람 - 차도통행중,안전운전불이행,건조,맑음,단일로 - 기타,승용,남,45세,상해없음,보행자,여,75세,사망
2019072000100120,2019년 7월 20일 07시,토요일,서울특별시 노원구 중계동,중상사고,0,1,1,0,차대사람 - 횡단중,안전운전불이행,건조,맑음,단일로 - 기타,자전거,남,46세,상해없음,보행자,여,73세,중상
2019072000100390,2019년 7월 20일 16시,토요일,서울특별시 노원구 상계동,경상사고,0,0,1,0,차대사람 - 차도통행중,안전운전불이행,건조,맑음,단일로 - 기타,기타불명,기타불명,미분류,기타불명,보행자,여,75세,경상
2019072000100544,2019년 7월 20일 21시,토요일,서울특별시 송파구 가락동,중상사고,0,1,0,0,차대사람 - 차도통행중,안전운전불이행,건조,맑음,단일로 - 기타,승용,남,55세,상해없음,보행자,여,69세,중상
2019072000100578,2019년 7월 20일 22시,토요일,서울특별시 중랑구 면목동,경상사고,0,0,1,0,차대사람 - 차도통행중,안전운전불이행,건조,흐림,단일로 - 기타,승합,남,51세,상해없음,보행자,남,69세,경상
2019072100100040,2019년 7월 21일 01시,일요일,서울특별시 양천구 신월동,중상사고,0,1,0,0,차대사람 - 횡단중,안전운전불이행,젖음/습기,비,단일로 - 기타,승용,남,61세,상해없음,보행자,남,84세,중상
2019072200100057,2019년 7월 22일 04시,월요일,서울특별시 노원구 공릉동,사망사고,1,0,0,0,차대사람 - 차도통행중,과속,건조,맑음,단일로 - 기타,승용,여,19세,상해없음,보행자,남,77세,사망
2019072200100110,2019년 7월 22일 08시,월요일,서울특별시 영등포구 당산동3가,경상사고,0,0,1,0,차대사람 - 기타,안전운전불이행,건조,맑음,교차로 - 교차로안,승용,남,70세,상해없음,보행자,여,72세,경상
2019072200100154,2019년 7월 22일 09시,월요일,서울특별시 용산구 한강로3가,중상사고,0,1,0,0,차대사람 - 차도통행중,안전운전불이행,건조,맑음,단일로 - 기타,승용,남,40세,상해없음,보행자,여,71세,중상
2019072200100188,2019년 7월 22일 10시,월요일,서울특별시 중랑구 면목동,경상사고,0,0,1,0,차대사람 - 기타,보행자보호의무위반,건조,맑음,교차로 - 교차로부근,화물,남,43세,상해없음,보행자,여,68세,경상
2019072200100230,2019년 7월 22일 11시,월요일,서울특별시 마포구 대흥동,중상사고,0,1,0,0,차대사람 - 기타,안전운전불이행,건조,맑음,단일로 - 기타,화물,남,25세,상해없음,보행자,여,75세,중상
2019072200100231,2019년 7월 22일 11시,월요일,서울특별시 마포구 염리동,경상사고,0,0,1,0,차대사람 - 기타,안전운전불이행,건조,맑음,단일로 - 기타,승용,남,40세,상해없음,보행자,남,67세,경상
2019072200100435,2019년 7월 22일 16시,월요일,서울특별시 양천구 목동,중상사고,0,1,0,0,차대사람 - 기타,안전운전불이행,건조,맑음,단일로 - 기타,자전거,남,79세,상해없음,보행자,여,90세 이상,중상
2019072200100631,2019년 7월 22일 20시,월요일,서울특별시 중랑구 망우동,경상사고,0,0,1,0,차대사람 - 횡단중,안전운전불이행,건조,맑음,단일로 - 기타,이륜,남,58세,상해없음,보행자,남,65세,경상
2019072300100084,2019년 7월 23일 06시,화요일,서울특별시 송파구 방이동,중상사고,0,1,0,0,차대사람 - 기타,안전운전불이행,건조,맑음,단일로 - 기타,승용,여,51세,상해없음,보행자,남,79세,중상
2019072300100247,2019년 7월 23일 12시,화요일,서울특별시 영등포구 당산동3가,경상사고,0,0,1,0,차대사람 - 길가장자리구역통행중,신호위반,건조,맑음,단일로 - 기타,승용,여,42세,상해없음,보행자,여,70세,경상
2019072300100250,2019년 7월 23일 12시,화요일,서울특별시 노원구 월계동,경상사고,0,0,1,0,차대사람 - 횡단중,안전운전불이행,건조,맑음,단일로 - 기타,승용,여,36세,상해없음,보행자,여,71세,경상
2019072300100371,2019년 7월 23일 15시,화요일,서울특별시 강남구 역삼동,경상사고,0,0,1,0,차대사람 - 길가장자리구역통행중,안전운전불이행,건조,맑음,단일로 - 기타,승용,남,65세,상해없음,보행자,여,73세,경상
2019072300100408,2019년 7월 23일 16시,화요일,서울특별시 강동구 암사동,중상사고,0,1,0,0,차대사람 - 횡단중,안전운전불이행,건조,맑음,교차로 - 교차로횡단보도내,승용,남,47세,상해없음,보행자,여,70세,중상
2019072300100511,2019년 7월 23일 18시,화요일,서울특별시 강동구 고덕동,경상사고,0,0,1,0,차대사람 - 차도통행중,안전운전불이행,건조,맑음,기타 - 기타,승합,남,48세,상해없음,보행자,남,85세,경상
2019072400100105,2019년 7월 24일 08시,수요일,서울특별시 강동구 천호동,경상사고,0,0,1,0,차대사람 - 기타,안전운전불이행,건조,맑음,단일로 - 기타,승용,남,60세,상해없음,보행자,여,86세,경상
2019072400100253,2019년 7월 24일 12시,수요일,서울특별시 서초구 잠원동,경상사고,0,0,1,0,차대사람 - 횡단중,안전운전불이행,건조,맑음,교차로 - 교차로안,화물,남,50세,상해없음,보행자,여,72세,경상
2019072400100367,2019년 7월 24일 15시,수요일,서울특별시 강남구 역삼동,경상사고,0,0,1,0,차대사람 - 기타,안전운전불이행,건조,맑음,단일로 - 기타,특수,남,61세,상해없음,보행자,여,72세,경상
2019072400100455,2019년 7월 24일 17시,수요일,서울특별시 성북구 정릉동,경상사고,0,0,1,0,차대사람 - 기타,안전운전불이행,건조,맑음,단일로 - 기타,승용,여,34세,상해없음,보행자,여,75세,경상
2019072400100456,2019년 7월 24일 17시,수요일,서울특별시 마포구 성산동,중상사고,0,1,0,0,차대사람 - 기타,안전운전불이행,건조,흐림,기타 - 기타,승용,여,37세,상해없음,보행자,여,90세 이상,중상
2019072400100561,2019년 7월 24일 19시,수요일,서울특별시 성북구 동소문동3가,중상사고,0,1,0,0,차대사람 - 차도통행중,신호위반,건조,맑음,단일로 - 기타,자전거,남,26세,상해없음,보행자,여,67세,중상
2019072400100625,2019년 7월 24일 21시,수요일,서울특별시 서초구 방배동,경상사고,0,0,1,0,차대사람 - 횡단중,안전운전불이행,건조,맑음,단일로 - 기타,승용,남,53세,상해없음,보행자,남,69세,경상
2019072500100069,2019년 7월 25일 05시,목요일,서울특별시 동대문구 장안동,중상사고,0,1,0,0,차대사람 - 길가장자리구역통행중,안전운전불이행,젖음/습기,비,단일로 - 기타,승용,남,52세,상해없음,보행자,여,81세,중상
2019072500100093,2019년 7월 25일 07시,목요일,서울특별시 광진구 능동,경상사고,0,0,1,0,차대사람 - 기타,기타,젖음/습기,비,단일로 - 기타,원동기,남,22세,상해없음,보행자,남,81세,경상
2019072500100217,2019년 7월 25일 11시,목요일,서울특별시 중랑구 묵동,경상사고,0,0,1,0,차대사람 - 차도통행중,안전운전불이행,건조,맑음,단일로 - 기타,승합,여,53세,상해없음,보행자,남,82세,경상
2019072500100537,2019년 7월 25일 20시,목요일,서울특별시 서대문구 대현동,경상사고,0,0,1,0,차대사람 - 횡단중,신호위반,젖음/습기,비,단일로 - 기타,승합,남,45세,상해없음,보행자,여,66세,경상
2019072600100233,2019년 7월 26일 12시,금요일,서울특별시 노원구 상계동,중상사고,0,1,0,0,차대사람 - 기타,안전운전불이행,건조,맑음,단일로 - 기타,승용,여,57세,상해없음,보행자,남,78세,중상
2019072600100291,2019년 7월 26일 14시,금요일,서울특별시 마포구 성산동,경상사고,0,0,1,0,차대사람 - 횡단중,안전운전불이행,건조,맑음,단일로 - 기타,승용,남,38세,상해없음,보행자,여,65세,경상
2019072600100331,2019년 7월 26일 15시,금요일,서울특별시 성북구 보문동5가,중상사고,0,1,0,0,차대사람 - 횡단중,보행자보호의무위반,젖음/습기,비,단일로 - 기타,화물,남,52세,상해없음,보행자,남,67세,중상
2019072600100491,2019년 7월 26일 19시,금요일,서울특별시 영등포구 여의도동,경상사고,0,0,1,0,차대사람 - 횡단중,보행자보호의무위반,젖음/습기,비,교차로 - 교차로안,승용,여,34세,상해없음,보행자,여,68세,경상
2019072600100499,2019년 7월 26일 19시,금요일,서울특별시 송파구 석촌동,중상사고,0,1,0,0,차대사람 - 횡단중,안전운전불이행,젖음/습기,비,교차로 - 교차로안,승용,남,63세,상해없음,보행자,여,71세,중상
2019072600100570,2019년 7월 26일 21시,금요일,서울특별시 도봉구 도봉동,중상사고,0,1,0,0,차대사람 - 횡단중,신호위반,젖음/습기,비,단일로 - 기타,승용,여,41세,상해없음,보행자,남,65세,중상
2019072700100109,2019년 7월 27일 04시,토요일,서울특별시 강동구 둔촌동,사망사고,1,0,0,0,차대사람 - 횡단중,과속,젖음/습기,비,교차로 - 교차로안,승용,남,59세,상해없음,보행자,여,65세,사망
2019072700100155,2019년 7월 27일 08시,토요일,서울특별시 관악구 신림동,경상사고,0,0,1,0,차대사람 - 횡단중,보행자보호의무위반,건조,맑음,교차로 - 교차로안,승용,남,67세,상해없음,보행자,남,69세,경상
2019072700100210,2019년 7월 27일 10시,토요일,서울특별시 서대문구 홍제동,중상사고,0,1,0,0,차대사람 - 횡단중,안전운전불이행,건조,맑음,교차로 - 교차로안,건설기계,남,59세,상해없음,보행자,여,75세,중상
2019072700100274,2019년 7월 27일 12시,토요일,서울특별시 송파구 잠실동,중상사고,0,1,0,0,차대사람 - 횡단중,안전운전불이행,건조,맑음,단일로 - 기타,이륜,남,48세,기타불명,보행자,여,77세,중상
2019072700100586,2019년 7월 27일 21시,토요일,서울특별시 강남구 청담동,경상사고,0,0,1,0,차대사람 - 기타,안전운전불이행,건조,맑음,기타 - 기타,기타불명,기타불명,미분류,기타불명,보행자,남,83세,경상
2019072800100125,2019년 7월 28일 10시,일요일,서울특별시 동작구 사당동,중상사고,0,1,0,0,차대사람 - 차도통행중,안전운전불이행,건조,맑음,기타 - 기타,승합,남,73세,상해없음,보행자,여,72세,중상
2019072800100174,2019년 7월 28일 13시,일요일,서울특별시 강서구 화곡동,중상사고,0,1,0,0,차대사람 - 횡단중,안전운전불이행,젖음/습기,비,단일로 - 기타,승합,남,69세,상해없음,보행자,여,72세,중상
2019072800100338,2019년 7월 28일 19시,일요일,서울특별시 송파구 마천동,중상사고,0,1,0,0,차대사람 - 차도통행중,안전운전불이행,젖음/습기,흐림,단일로 - 기타,승합,남,68세,상해없음,보행자,남,67세,중상
2019072900100101,2019년 7월 29일 08시,월요일,서울특별시 동대문구 전농동,부상신고사고,0,0,0,1,차대사람 - 기타,안전운전불이행,건조,맑음,교차로 - 교차로안,승합,남,80세,상해없음,보행자,남,72세,부상신고
2019072900100206,2019년 7월 29일 11시,월요일,서울특별시 송파구 방이동,경상사고,0,0,1,0,차대사람 - 기타,안전운전불이행,건조,맑음,교차로 - 교차로안,승용,남,53세,상해없음,보행자,여,73세,경상
2019072900100240,2019년 7월 29일 12시,월요일,서울특별시 마포구 동교동,중상사고,0,1,0,0,차대사람 - 기타,안전운전불이행,건조,맑음,교차로 - 교차로부근,승합,남,51세,상해없음,보행자,여,68세,중상
2019072900100358,2019년 7월 29일 15시,월요일,서울특별시 송파구 송파동,경상사고,0,0,1,0,차대사람 - 기타,안전운전불이행,건조,맑음,단일로 - 기타,승용,남,47세,상해없음,보행자,남,79세,경상
2019072900100360,2019년 7월 29일 15시,월요일,서울특별시 서초구 서초동,경상사고,0,0,1,0,차대사람 - 기타,안전운전불이행,건조,맑음,교차로 - 교차로안,승용,남,33세,상해없음,보행자,여,70세,경상
2019072900100361,2019년 7월 29일 15시,월요일,서울특별시 서초구 방배동,사망사고,1,0,0,0,차대사람 - 횡단중,안전운전불이행,건조,맑음,단일로 - 지하차도(도로)내,건설기계,남,61세,상해없음,보행자,남,68세,사망
2019072900100450,2019년 7월 29일 17시,월요일,서울특별시 서대문구 연희동,부상신고사고,0,0,0,1,차대사람 - 차도통행중,기타,건조,맑음,단일로 - 기타,화물,남,50세,상해없음,보행자,여,82세,부상신고
2019072900100452,2019년 7월 29일 17시,월요일,서울특별시 강북구 수유동,경상사고,0,0,1,0,차대사람 - 기타,안전운전불이행,건조,맑음,교차로 - 교차로안,승합,남,50세,상해없음,보행자,남,72세,경상
2019072900100649,2019년 7월 29일 22시,월요일,서울특별시 마포구 망원동,사망사고,1,0,0,0,차대사람 - 기타,안전운전불이행,건조,맑음,교차로 - 교차로안,승용,남,28세,상해없음,보행자,여,83세,사망
2019073000100328,2019년 7월 30일 14시,화요일,서울특별시 서대문구 북아현동,중상사고,0,1,0,0,차대사람 - 횡단중,안전운전불이행,건조,맑음,교차로 - 교차로안,화물,남,76세,상해없음,보행자,여,69세,중상
2019073000100413,2019년 7월 30일 16시,화요일,서울특별시 강서구 화곡동,경상사고,0,0,1,0,차대사람 - 기타,안전운전불이행,젖음/습기,비,단일로 - 기타,승용,남,67세,상해없음,보행자,여,72세,경상
2019073100100026,2019년 7월 31일 00시,수요일,서울특별시 서초구 방배동,중상사고,0,1,0,0,차대사람 - 횡단중,안전운전불이행,건조,맑음,단일로 - 기타,승합,남,41세,상해없음,보행자,남,68세,중상
2019073100100210,2019년 7월 31일 11시,수요일,서울특별시 영등포구 신길동,중상사고,0,1,0,0,차대사람 - 기타,안전운전불이행,젖음/습기,비,교차로 - 교차로안,승용,여,42세,상해없음,보행자,남,81세,중상
2019073100100296,2019년 7월 31일 13시,수요일,서울특별시 관악구 신림동,경상사고,0,0,1,0,차대사람 - 보도통행중,안전운전불이행,건조,맑음,단일로 - 기타,이륜,남,65세,상해없음,보행자,여,67세,경상
2019073100100436,2019년 7월 31일 17시,수요일,서울특별시 강동구 천호동,경상사고,0,0,1,0,차대사람 - 기타,기타,건조,맑음,기타 - 기타,승합,남,63세,상해없음,보행자,남,82세,경상
2019073100100468,2019년 7월 31일 18시,수요일,서울특별시 용산구 이태원동,경상사고,0,0,1,0,차대사람 - 기타,안전운전불이행,건조,맑음,단일로 - 기타,승용,남,60세,상해없음,보행자,남,65세,경상
2019080100100070,2019년 8월 1일 04시,목요일,서울특별시 동대문구 제기동,중상사고,0,1,0,0,차대사람 - 기타,안전운전불이행,젖음/습기,흐림,교차로 - 교차로부근,승용,여,58세,상해없음,보행자,남,66세,중상
2019080100100081,2019년 8월 1일 05시,목요일,서울특별시 관악구 신림동,경상사고,0,0,1,0,차대사람 - 횡단중,신호위반,젖음/습기,비,단일로 - 기타,이륜,남,42세,상해없음,보행자,여,75세,경상
2019080100100103,2019년 8월 1일 07시,목요일,서울특별시 강동구 천호동,경상사고,0,0,1,0,차대사람 - 횡단중,보행자보호의무위반,젖음/습기,비,교차로 - 교차로횡단보도내,화물,남,43세,상해없음,보행자,남,77세,경상
2019080100100125,2019년 8월 1일 08시,목요일,서울특별시 강북구 미아동,중상사고,0,1,1,0,차대사람 - 횡단중,신호위반,건조,맑음,단일로 - 기타,자전거,남,57세,경상,보행자,여,79세,중상
2019080100100128,2019년 8월 1일 08시,목요일,서울특별시 강서구 방화동,경상사고,0,0,1,0,차대사람 - 보도통행중,기타,젖음/습기,비,기타 - 기타,화물,남,58세,상해없음,보행자,여,67세,경상
2019080100100197,2019년 8월 1일 10시,목요일,서울특별시 성북구 상월곡동,중상사고,0,1,0,0,차대사람 - 횡단중,안전운전불이행,건조,맑음,교차로 - 교차로안,승용,남,48세,상해없음,보행자,여,71세,중상
2019080100100415,2019년 8월 1일 16시,목요일,서울특별시 강북구 수유동,중상사고,0,1,0,0,차대사람 - 기타,안전운전불이행,건조,맑음,단일로 - 기타,승합,남,48세,상해없음,보행자,여,76세,중상
2019080100100417,2019년 8월 1일 16시,목요일,서울특별시 강서구 등촌동,중상사고,0,1,0,0,차대사람 - 횡단중,신호위반,건조,맑음,교차로 - 교차로부근,승용,남,53세,상해없음,보행자,여,81세,중상
2019080100100420,2019년 8월 1일 16시,목요일,서울특별시 서초구 방배동,경상사고,0,0,1,0,차대사람 - 횡단중,안전운전불이행,건조,맑음,교차로 - 교차로안,승용,여,48세,상해없음,보행자,여,65세,경상
2019080100100421,2019년 8월 1일 16시,목요일,서울특별시 서초구 방배동,중상사고,0,1,0,0,차대사람 - 기타,안전운전불이행,건조,맑음,단일로 - 기타,화물,남,57세,상해없음,보행자,여,69세,중상
2019080100100498,2019년 8월 1일 18시,목요일,서울특별시 종로구 숭인동,중상사고,0,1,0,0,차대사람 - 차도통행중,안전운전불이행,건조,맑음,단일로 - 기타,이륜,남,56세,상해없음,보행자,여,74세,중상
2019080100100624,2019년 8월 1일 21시,목요일,서울특별시 은평구 역촌동,중상사고,0,1,0,0,차대사람 - 횡단중,안전운전불이행,건조,맑음,단일로 - 기타,이륜,남,44세,상해없음,보행자,남,67세,중상
2019080100100643,2019년 8월 1일 22시,목요일,서울특별시 서대문구 남가좌동,경상사고,0,0,1,0,차대사람 - 기타,안전운전불이행,건조,맑음,단일로 - 기타,승용,남,52세,상해없음,보행자,남,72세,경상
2019080100100645,2019년 8월 1일 22시,목요일,서울특별시 광진구 중곡동,중상사고,0,1,0,0,차대사람 - 길가장자리구역통행중,안전운전불이행,건조,맑음,교차로 - 교차로부근,승용,여,49세,상해없음,보행자,여,72세,중상
2019080200100163,2019년 8월 2일 10시,금요일,서울특별시 성동구 행당동,중상사고,0,1,0,0,차대사람 - 횡단중,안전운전불이행,젖음/습기,맑음,단일로 - 기타,승용,남,45세,상해없음,보행자,남,80세,중상
2019080200100441,2019년 8월 2일 17시,금요일,서울특별시 강동구 길동,부상신고사고,0,0,0,1,차대사람 - 기타,안전운전불이행,건조,맑음,교차로 - 교차로부근,승용,남,67세,상해없음,보행자,여,66세,부상신고
2019080200100630,2019년 8월 2일 21시,금요일,서울특별시 노원구 상계동,경상사고,0,0,1,0,차대사람 - 횡단중,안전운전불이행,건조,맑음,교차로 - 교차로부근,승용,남,67세,상해없음,보행자,여,84세,경상
2019080300100153,2019년 8월 3일 10시,토요일,서울특별시 서초구 반포동,경상사고,0,0,1,0,차대사람 - 횡단중,신호위반,건조,맑음,교차로 - 교차로안,승용,남,68세,상해없음,보행자,여,68세,경상
2019080300100415,2019년 8월 3일 18시,토요일,서울특별시 동대문구 회기동,중상사고,0,1,0,0,차대사람 - 횡단중,보행자보호의무위반,건조,맑음,교차로 - 교차로안,승용,남,37세,상해없음,보행자,남,82세,중상
2019080300100530,2019년 8월 3일 22시,토요일,서울특별시 성북구 하월곡동,경상사고,0,0,1,0,차대사람 - 횡단중,안전운전불이행,건조,맑음,단일로 - 기타,이륜,남,23세,상해없음,보행자,남,66세,경상
2019080500100075,2019년 8월 5일 07시,월요일,서울특별시 양천구 신정동,경상사고,0,0,1,0,차대사람 - 횡단중,안전운전불이행,건조,맑음,교차로 - 교차로부근,승용,남,61세,상해없음,보행자,남,73세,경상
2019080500100134,2019년 8월 5일 09시,월요일,서울특별시 영등포구 당산동5가,중상사고,0,1,0,0,차대사람 - 횡단중,안전운전불이행,건조,맑음,기타 - 기타,승용,여,45세,상해없음,보행자,여,77세,중상
2019080500100180,2019년 8월 5일 10시,월요일,서울특별시 은평구 구산동,중상사고,0,1,0,0,차대사람 - 기타,안전운전불이행,건조,맑음,단일로 - 기타,승합,남,57세,상해없음,보행자,여,76세,중상
2019080500100307,2019년 8월 5일 13시,월요일,서울특별시 영등포구 영등포동4가,경상사고,0,0,1,0,차대사람 - 횡단중,보행자보호의무위반,건조,맑음,교차로 - 교차로안,승합,남,49세,상해없음,보행자,남,78세,경상
2019080500100309,2019년 8월 5일 13시,월요일,서울특별시 동작구 사당동,경상사고,0,0,1,0,차대사람 - 길가장자리구역통행중,안전운전불이행,건조,맑음,단일로 - 기타,승합,남,66세,상해없음,보행자,남,77세,경상
2019080500100559,2019년 8월 5일 19시,월요일,서울특별시 강동구 고덕동,중상사고,0,1,0,0,차대사람 - 기타,안전운전불이행,건조,맑음,단일로 - 기타,승합,남,39세,상해없음,보행자,남,65세,중상
2019080600100072,2019년 8월 6일 05시,화요일,서울특별시 동대문구 전농동,중상사고,0,1,0,0,차대사람 - 횡단중,안전운전불이행,건조,맑음,단일로 - 기타,화물,남,52세,상해없음,보행자,여,78세,중상
2019080600100444,2019년 8월 6일 17시,화요일,서울특별시 노원구 공릉동,중상사고,0,1,0,0,차대사람 - 기타,안전운전불이행,건조,맑음,교차로 - 교차로안,승용,여,34세,상해없음,보행자,여,72세,중상
2019080600100484,2019년 8월 6일 18시,화요일,서울특별시 송파구 문정동,경상사고,0,0,1,0,차대사람 - 기타,안전운전불이행,건조,맑음,단일로 - 기타,승합,남,42세,상해없음,보행자,남,69세,경상
2019080600100534,2019년 8월 6일 19시,화요일,서울특별시 금천구 독산동,중상사고,0,1,0,0,차대사람 - 기타,안전운전불이행,건조,맑음,단일로 - 기타,자전거,여,41세,상해없음,보행자,여,86세,중상
2019080700100077,2019년 8월 7일 05시,수요일,서울특별시 강동구 상일동,경상사고,0,0,1,0,차대사람 - 횡단중,보행자보호의무위반,젖음/습기,비,교차로 - 교차로안,승용,남,75세,상해없음,보행자,여,68세,경상
2019080700100092,2019년 8월 7일 06시,수요일,서울특별시 도봉구 방학동,중상사고,0,1,0,0,차대사람 - 횡단중,신호위반,젖음/습기,비,교차로 - 교차로부근,승합,남,67세,상해없음,보행자,여,81세,중상
2019080700100148,2019년 8월 7일 09시,수요일,서울특별시 성동구 도선동,경상사고,0,0,1,0,차대사람 - 횡단중,안전운전불이행,건조,맑음,단일로 - 기타,승용,남,39세,상해없음,보행자,여,74세,경상
2019080700100182,2019년 8월 7일 10시,수요일,서울특별시 서대문구 홍제동,중상사고,0,1,0,0,차대사람 - 기타,안전운전불이행,건조,맑음,단일로 - 기타,승용,남,56세,상해없음,보행자,남,84세,중상
2019080700100184,2019년 8월 7일 10시,수요일,서울특별시 강남구 대치동,중상사고,0,1,0,0,차대사람 - 기타,안전운전불이행,젖음/습기,비,교차로 - 교차로안,승용,여,65세,상해없음,보행자,여,69세,중상
2019080700100211,2019년 8월 7일 11시,수요일,서울특별시 양천구 목동,경상사고,0,0,1,0,차대사람 - 기타,안전운전불이행,건조,맑음,교차로 - 교차로안,승용,남,40세,상해없음,보행자,남,67세,경상