사고번호,사고일시,요일,시군구,사고내용,사망자수,중상자수,경상자수,부상신고자수,사고유형,법규위반,노면상태,기상상태,도로형태,가해운전자 차종,가해운전자 성별,가해운전자 연령,가해운전자 상해정도,피해운전자 차종,피해운전자 성별,피해운전자 연령,피해운전자 상해정도
2019080700100253,2019년 8월 7일 12시,수요일,서울특별시 금천구 시흥동,경상사고,0,0,1,0,차대사람 - 차도통행중,안전운전불이행,건조,맑음,단일로 - 기타,화물,남,49세,상해없음,보행자,남,65세,경상
2019080700100254,2019년 8월 7일 12시,수요일,서울특별시 강남구 역삼동,사망사고,1,0,0,0,차대사람 - 보도통행중,안전운전불이행,건조,맑음,기타 - 기타,건설기계,남,50세,상해없음,보행자,남,81세,사망
2019080700100293,2019년 8월 7일 13시,수요일,서울특별시 금천구 독산동,중상사고,0,1,0,0,차대사람 - 길가장자리구역통행중,안전운전불이행,건조,맑음,교차로 - 교차로부근,화물,여,65세,상해없음,보행자,여,88세,중상
2019080700100334,2019년 8월 7일 14시,수요일,서울특별시 강동구 천호동,중상사고,0,1,0,0,차대사람 - 횡단중,신호위반,건조,맑음,교차로 - 교차로횡단보도내,승용,남,52세,상해없음,보행자,여,70세,중상
2019080700100372,2019년 8월 7일 15시,수요일,서울특별시 강북구 수유동,경상사고,0,0,1,0,차대사람 - 기타,안전운전불이행,건조,맑음,기타 - 기타,특수,남,62세,상해없음,보행자,여,73세,경상
2019080700100498,2019년 8월 7일 18시,수요일,서울특별시 노원구 중계동,중상사고,0,1,0,0,차대사람 - 기타,안전운전불이행,건조,맑음,교차로 - 교차로안,승용,남,22세,상해없음,보행자,여,77세,중상
2019080700100536,2019년 8월 7일 19시,수요일,서울특별시 서대문구 냉천동,중상사고,0,1,0,0,차대사람 - 차도통행중,안전운전불이행,건조,맑음,단일로 - 기타,이륜,남,24세,상해없음,보행자,남,70세,중상
2019080700100537,2019년 8월 7일 19시,수요일,서울특별시 중랑구 면목동,중상사고,0,1,0,0,차대사람 - 차도통행중,안전운전불이행,건조,맑음,교차로 - 교차로안,승용,남,57세,상해없음,보행자,남,70세,중상
2019080700100601,2019년 8월 7일 21시,수요일,서울특별시 은평구 응암동,중상사고,0,1,0,0,차대사람 - 보도통행중,기타,건조,맑음,기타 - 기타,승합,남,42세,상해없음,보행자,남,82세,중상
2019080800100137,2019년 8월 8일 09시,목요일,서울특별시 강서구 방화동,중상사고,0,1,0,0,차대사람 - 기타,안전운전불이행,건조,맑음,기타 - 기타,승용,여,62세,상해없음,보행자,남,68세,중상
2019080800100138,2019년 8월 8일 09시,목요일,서울특별시 강서구 화곡동,중상사고,0,1,0,0,차대사람 - 차도통행중,안전운전불이행,기타,맑음,교차로 - 교차로안,승용,남,62세,상해없음,보행자,남,70세,중상
2019080800100187,2019년 8월 8일 10시,목요일,서울특별시 강남구 역삼동,경상사고,0,0,1,0,차대사람 - 기타,안전운전불이행,젖음/습기,비,단일로 - 기타,기타불명,기타불명,미분류,기타불명,보행자,여,67세,경상
2019080800100222,2019년 8월 8일 11시,목요일,서울특별시 관악구 신림동,경상사고,0,0,1,0,차대사람 - 기타,안전운전불이행,건조,맑음,교차로 - 교차로부근,승용,남,49세,상해없음,보행자,여,74세,경상
2019080800100226,2019년 8월 8일 11시,목요일,서울특별시 송파구 장지동,경상사고,0,0,1,0,차대사람 - 횡단중,신호위반,건조,맑음,교차로 - 교차로안,승용,여,70세,상해없음,보행자,여,84세,경상
2019080800100269,2019년 8월 8일 12시,목요일,서울특별시 구로구 구로동,중상사고,0,1,0,0,차대사람 - 기타,기타,건조,맑음,단일로 - 기타,승합,남,43세,상해없음,보행자,여,75세,중상
2019080800100360,2019년 8월 8일 15시,목요일,서울특별시 종로구 숭인동,부상신고사고,0,0,0,1,차대사람 - 횡단중,안전운전불이행,건조,맑음,단일로 - 기타,승합,남,38세,상해없음,보행자,여,70세,부상신고
2019080800100361,2019년 8월 8일 15시,목요일,서울특별시 은평구 신사동,중상사고,0,1,0,0,차대사람 - 기타,신호위반,건조,맑음,교차로 - 교차로안,승용,여,51세,상해없음,보행자,여,70세,중상
2019080800100431,2019년 8월 8일 17시,목요일,서울특별시 중랑구 면목동,중상사고,0,1,0,0,차대사람 - 횡단중,보행자보호의무위반,건조,맑음,교차로 - 교차로안,승용,여,26세,상해없음,보행자,여,70세,중상
2019080800100630,2019년 8월 8일 23시,목요일,서울특별시 서대문구 홍제동,경상사고,0,0,1,0,차대사람 - 기타,안전운전불이행,건조,맑음,단일로 - 기타,승합,남,70세,상해없음,보행자,남,70세,경상
2019080900100074,2019년 8월 9일 04시,금요일,서울특별시 강북구 미아동,중상사고,0,1,0,0,차대사람 - 횡단중,안전운전불이행,건조,흐림,단일로 - 기타,화물,남,57세,상해없음,보행자,남,74세,중상
2019080900100170,2019년 8월 9일 09시,금요일,서울특별시 강북구 우이동,중상사고,0,1,0,0,차대사람 - 횡단중,안전운전불이행,건조,맑음,단일로 - 기타,승용,여,59세,상해없음,보행자,여,74세,중상
2019080900100282,2019년 8월 9일 12시,금요일,서울특별시 강남구 일원동,중상사고,0,1,0,0,차대사람 - 기타,기타,건조,맑음,단일로 - 기타,승합,남,58세,상해없음,보행자,여,77세,중상
2019080900100327,2019년 8월 9일 13시,금요일,서울특별시 서대문구 신촌동,사망사고,1,0,0,0,차대사람 - 기타,안전운전불이행,건조,맑음,기타 - 기타,화물,남,59세,상해없음,보행자,여,82세,사망
2019080900100475,2019년 8월 9일 17시,금요일,서울특별시 영등포구 영등포동,중상사고,0,1,0,0,차대사람 - 횡단중,안전운전불이행,건조,맑음,단일로 - 기타,화물,남,59세,상해없음,보행자,여,74세,중상
2019080900100594,2019년 8월 9일 19시,금요일,서울특별시 강서구 공항동,경상사고,0,0,1,0,차대사람 - 기타,안전운전불이행,건조,맑음,단일로 - 기타,승합,남,56세,상해없음,보행자,여,72세,경상
2019081100100128,2019년 8월 11일 10시,일요일,서울특별시 광진구 자양동,중상사고,0,1,0,0,차대사람 - 기타,안전운전불이행,건조,맑음,단일로 - 기타,승용,남,41세,상해없음,보행자,남,74세,중상
2019081100100484,2019년 8월 11일 22시,일요일,서울특별시 구로구 구로동,경상사고,0,0,1,0,차대사람 - 횡단중,보행자보호의무위반,젖음/습기,비,교차로 - 교차로횡단보도내,승용,남,47세,기타불명,보행자,여,78세,경상
2019081100100507,2019년 8월 11일 23시,일요일,서울특별시 송파구 장지동,경상사고,0,0,1,0,차대사람 - 보도통행중,기타,젖음/습기,비,단일로 - 기타,이륜,남,61세,상해없음,보행자,남,68세,경상
2019081200100071,2019년 8월 12일 05시,월요일,서울특별시 강서구 화곡동,경상사고,0,0,1,0,차대사람 - 횡단중,안전운전불이행,젖음/습기,비,단일로 - 기타,승용,남,71세,상해없음,보행자,여,67세,경상
2019081200100080,2019년 8월 12일 06시,월요일,서울특별시 은평구 대조동,중상사고,0,1,0,0,차대사람 - 차도통행중,안전운전불이행,젖음/습기,비,교차로 - 교차로부근,화물,남,67세,상해없음,보행자,남,86세,중상
2019081200100101,2019년 8월 12일 07시,월요일,서울특별시 양천구 신월동,중상사고,0,1,0,0,차대사람 - 횡단중,안전운전불이행,건조,맑음,단일로 - 기타,승용,남,71세,상해없음,보행자,여,74세,중상
2019081200100208,2019년 8월 12일 10시,월요일,서울특별시 성북구 정릉동,중상사고,0,1,0,0,차대사람 - 기타,안전운전불이행,젖음/습기,비,교차로 - 교차로안,승합,남,28세,상해없음,보행자,남,66세,중상
2019081200100417,2019년 8월 12일 15시,월요일,서울특별시 중구 오장동,중상사고,0,1,0,0,차대사람 - 기타,안전운전불이행,건조,맑음,단일로 - 기타,승용,남,63세,기타불명,보행자,여,84세,중상
2019081200100477,2019년 8월 12일 16시,월요일,서울특별시 은평구 불광동,경상사고,0,0,1,0,차대사람 - 기타,안전운전불이행,건조,맑음,단일로 - 기타,승합,남,41세,상해없음,보행자,남,66세,경상
2019081200100691,2019년 8월 12일 22시,월요일,서울특별시 광진구 자양동,중상사고,0,1,0,0,차대사람 - 기타,안전운전불이행,건조,맑음,단일로 - 기타,이륜,남,18세,상해없음,보행자,여,65세,중상
2019081300100303,2019년 8월 13일 13시,화요일,서울특별시 용산구 효창동,중상사고,0,1,0,0,차대사람 - 횡단중,신호위반,건조,맑음,교차로 - 교차로부근,이륜,남,20세,상해없음,보행자,여,69세,중상
2019081300100563,2019년 8월 13일 19시,화요일,서울특별시 도봉구 창동,중상사고,0,1,1,0,차대사람 - 횡단중,안전운전불이행,건조,맑음,교차로 - 교차로횡단보도내,승용,여,29세,상해없음,보행자,남,74세,중상
2019081300100636,2019년 8월 13일 21시,화요일,서울특별시 강동구 상일동,중상사고,0,1,0,0,차대사람 - 보도통행중,보행자보호의무위반,건조,맑음,교차로 - 교차로횡단보도내,승용,여,70세,상해없음,보행자,남,67세,중상
2019081300100677,2019년 8월 13일 22시,화요일,서울특별시 송파구 오금동,부상신고사고,0,0,0,1,차대사람 - 횡단중,안전운전불이행,건조,맑음,단일로 - 기타,자전거,남,28세,상해없음,보행자,남,70세,부상신고
2019081400100072,2019년 8월 14일 04시,수요일,서울특별시 성북구 종암동,중상사고,0,1,0,0,차대사람 - 횡단중,안전운전불이행,건조,흐림,단일로 - 기타,승용,여,60세,상해없음,보행자,여,90세 이상,중상
2019081400100189,2019년 8월 14일 09시,수요일,서울특별시 구로구 천왕동,중상사고,0,1,0,0,차대사람 - 기타,신호위반,건조,맑음,교차로 - 교차로횡단보도내,승용,여,44세,상해없음,보행자,여,76세,중상
2019081400100234,2019년 8월 14일 10시,수요일,서울특별시 도봉구 도봉동,중상사고,0,1,0,0,차대사람 - 횡단중,안전운전불이행,건조,맑음,교차로 - 교차로안,승용,남,27세,상해없음,보행자,여,65세,중상
2019081400100268,2019년 8월 14일 11시,수요일,서울특별시 관악구 신림동,경상사고,0,0,1,0,차대사람 - 횡단중,안전운전불이행,건조,맑음,단일로 - 기타,승합,남,43세,상해없음,보행자,여,84세,경상
2019081400100348,2019년 8월 14일 13시,수요일,서울특별시 중랑구 망우동,중상사고,0,1,0,0,차대사람 - 기타,기타,건조,맑음,기타 - 기타,기타불명,기타불명,미분류,기타불명,보행자,여,80세,중상
2019081400100352,2019년 8월 14일 13시,수요일,서울특별시 도봉구 창동,중상사고,0,1,0,0,차대사람 - 기타,안전운전불이행,건조,맑음,교차로 - 교차로안,승용,여,65세,상해없음,보행자,여,81세,중상
2019081400100387,2019년 8월 14일 14시,수요일,서울특별시 강동구 성내동,중상사고,0,1,0,0,차대사람 - 횡단중,안전운전불이행,건조,맑음,단일로 - 기타,화물,남,24세,상해없음,보행자,여,83세,중상
2019081400100426,2019년 8월 14일 15시,수요일,서울특별시 영등포구 영등포동8가,사망사고,1,0,0,0,차대사람 - 횡단중,보행자보호의무위반,건조,맑음,교차로 - 교차로횡단보도내,건설기계,남,63세,상해없음,보행자,여,79세,사망
2019081400100429,2019년 8월 14일 15시,수요일,서울특별시 양천구 신월동,경상사고,0,0,1,0,차대사람 - 기타,안전운전불이행,건조,맑음,교차로 - 교차로횡단보도내,승용,남,27세,상해없음,보행자,남,69세,경상
2019081400100629,2019년 8월 14일 19시,수요일,서울특별시 영등포구 대림동,경상사고,0,0,1,0,차대사람 - 기타,안전운전불이행,건조,맑음,단일로 - 기타,승용,남,28세,상해없음,보행자,남,83세,경상
2019081400100669,2019년 8월 14일 20시,수요일,서울특별시 중랑구 면목동,중상사고,0,1,0,0,차대사람 - 횡단중,안전운전불이행,건조,맑음,교차로 - 교차로횡단보도내,승용,여,43세,상해없음,보행자,여,86세,중상
2019081500100226,2019년 8월 15일 13시,목요일,서울특별시 성북구 길음동,경상사고,0,0,1,0,차대사람 - 기타,안전운전불이행,젖음/습기,비,단일로 - 기타,기타불명,기타불명,미분류,기타불명,보행자,여,72세,경상
2019081500100257,2019년 8월 15일 14시,목요일,서울특별시 은평구 대조동,중상사고,0,1,0,0,차대사람 - 길가장자리구역통행중,안전운전불이행,젖음/습기,비,교차로 - 교차로안,승용,남,40세,상해없음,보행자,여,68세,중상
2019081500100452,2019년 8월 15일 20시,목요일,서울특별시 송파구 마천동,부상신고사고,0,0,0,1,차대사람 - 기타,안전운전불이행,젖음/습기,흐림,단일로 - 기타,승용,남,54세,상해없음,보행자,남,67세,부상신고
2019081600100027,2019년 8월 16일 01시,금요일,서울특별시 강남구 신사동,경상사고,0,0,1,0,차대사람 - 기타,안전운전불이행,건조,맑음,단일로 - 기타,승용,여,73세,상해없음,보행자,여,65세,경상
2019081600100084,2019년 8월 16일 07시,금요일,서울특별시 노원구 월계동,중상사고,0,1,0,0,차대사람 - 횡단중,보행자보호의무위반,건조,맑음,교차로 - 교차로횡단보도내,승용,남,76세,상해없음,보행자,여,71세,중상
2019081600100138,2019년 8월 16일 09시,금요일,서울특별시 동대문구 답십리동,중상사고,0,1,0,0,차대사람 - 기타,안전운전불이행,건조,맑음,단일로 - 기타,화물,남,34세,상해없음,보행자,여,72세,중상
2019081600100220,2019년 8월 16일 11시,금요일,서울특별시 종로구 충신동,부상신고사고,0,0,0,1,차대사람 - 기타,안전운전불이행,건조,맑음,단일로 - 기타,승용,남,72세,상해없음,보행자,남,90세 이상,부상신고
2019081600100379,2019년 8월 16일 15시,금요일,서울특별시 광진구 자양동,중상사고,0,1,0,0,차대사람 - 기타,안전운전불이행,건조,맑음,기타 - 기타,승용,여,37세,상해없음,보행자,여,77세,중상
2019081600100425,2019년 8월 16일 16시,금요일,서울특별시 송파구 잠실동,부상신고사고,0,0,0,1,차대사람 - 기타,안전운전불이행,건조,맑음,단일로 - 기타,승합,남,66세,상해없음,보행자,남,67세,부상신고
2019081600100604,2019년 8월 16일 20시,금요일,서울특별시 양천구 목동,경상사고,0,0,1,0,차대사람 - 횡단중,안전운전불이행,건조,맑음,교차로 - 교차로안,화물,남,36세,상해없음,보행자,여,67세,경상
2019081600100607,2019년 8월 16일 20시,금요일,서울특별시 도봉구 방학동,중상사고,0,1,0,0,차대사람 - 기타,안전운전불이행,건조,맑음,교차로 - 교차로부근,자전거,남,60세,상해없음,보행자,여,77세,중상
2019081700100127,2019년 8월 17일 08시,토요일,서울특별시 강북구 미아동,중상사고,0,1,0,0,차대사람 - 횡단중,보행자보호의무위반,건조,맑음,단일로 - 기타,승용,여,43세,상해없음,보행자,여,65세,중상
2019081700100186,2019년 8월 17일 11시,토요일,서울특별시 송파구 잠실동,중상사고,0,1,0,0,차대사람 - 차도통행중,안전운전불이행,건조,맑음,단일로 - 기타,화물,남,55세,상해없음,보행자,여,81세,중상
2019081700100260,2019년 8월 17일 13시,토요일,서울특별시 강남구 신사동,경상사고,0,0,1,0,차대사람 - 기타,안전운전불이행,건조,맑음,기타 - 기타,승용,남,71세,상해없음,보행자,남,65세,경상
2019081700100265,2019년 8월 17일 13시,토요일,서울특별시 은평구 불광동,경상사고,0,0,1,0,차대사람 - 기타,안전거리미확보,건조,맑음,교차로 - 교차로부근,승용,여,39세,상해없음,보행자,여,70세,경상
2019081700100308,2019년 8월 17일 14시,토요일,서울특별시 송파구 잠실동,경상사고,0,0,1,0,차대사람 - 기타,기타,건조,맑음,단일로 - 기타,원동기,남,33세,상해없음,보행자,여,67세,경상
2019081700100354,2019년 8월 17일 15시,토요일,서울특별시 은평구 진관동,중상사고,0,1,0,0,차대사람 - 기타,안전운전불이행,건조,맑음,교차로 - 교차로부근,승용,여,49세,상해없음,보행자,남,78세,중상
2019081700100427,2019년 8월 17일 17시,토요일,서울특별시 마포구 망원동,중상사고,0,1,0,0,차대사람 - 기타,안전운전불이행,기타,맑음,단일로 - 기타,이륜,남,47세,상해없음,보행자,남,79세,중상
2019081700100476,2019년 8월 17일 18시,토요일,서울특별시 강동구 명일동,경상사고,0,0,1,0,차대사람 - 차도통행중,안전운전불이행,건조,맑음,단일로 - 기타,승용,남,73세,상해없음,보행자,여,73세,경상
2019081700100586,2019년 8월 17일 21시,토요일,서울특별시 노원구 상계동,경상사고,0,0,1,0,차대사람 - 보도통행중,기타,건조,흐림,단일로 - 기타,자전거,여,70세,상해없음,보행자,남,65세,경상
2019081800100102,2019년 8월 18일 07시,일요일,서울특별시 용산구 후암동,중상사고,0,1,0,0,차대사람 - 횡단중,안전운전불이행,건조,맑음,단일로 - 기타,자전거,남,37세,상해없음,보행자,여,76세,중상
2019081800100125,2019년 8월 18일 09시,일요일,서울특별시 양천구 신정동,사망사고,1,0,0,0,차대사람 - 기타,중앙선침범,건조,맑음,단일로 - 기타,이륜,남,17세,상해없음,보행자,여,78세,사망
2019081800100155,2019년 8월 18일 11시,일요일,서울특별시 성북구 동선동4가,경상사고,0,0,1,0,차대사람 - 횡단중,안전운전불이행,건조,맑음,단일로 - 기타,승합,남,43세,상해없음,보행자,여,68세,경상
2019081800100193,2019년 8월 18일 13시,일요일,서울특별시 강남구 역삼동,중상사고,0,1,0,0,차대사람 - 기타,안전운전불이행,건조,맑음,교차로 - 교차로안,개인형이동수단(PM),남,29세,상해없음,보행자,여,70세,중상
2019081900100154,2019년 8월 19일 09시,월요일,서울특별시 서초구 양재동,경상사고,0,0,1,0,차대사람 - 기타,안전운전불이행,건조,맑음,기타 - 기타,승합,남,58세,상해없음,보행자,여,70세,경상
2019081900100186,2019년 8월 19일 10시,월요일,서울특별시 서대문구 홍제동,경상사고,0,0,1,0,차대사람 - 기타,안전운전불이행,건조,맑음,교차로 - 교차로안,승용,남,29세,상해없음,보행자,여,69세,경상
2019081900100378,2019년 8월 19일 16시,월요일,서울특별시 성북구 성북동,경상사고,0,0,1,0,차대사람 - 보도통행중,기타,건조,맑음,단일로 - 기타,화물,남,56세,상해없음,보행자,남,65세,경상
2019081900100380,2019년 8월 19일 16시,월요일,서울특별시 광진구 구의동,경상사고,0,0,1,0,차대사람 - 길가장자리구역통행중,안전운전불이행,건조,맑음,단일로 - 기타,승용,남,55세,상해없음,보행자,남,69세,경상
2019081900100461,2019년 8월 19일 18시,월요일,서울특별시 노원구 상계동,경상사고,0,0,1,0,차대사람 - 기타,기타,건조,맑음,단일로 - 기타,승합,남,73세,상해없음,보행자,여,81세,경상
2019081900100504,2019년 8월 19일 19시,월요일,서울특별시 동대문구 용두동,중상사고,0,1,0,0,차대사람 - 횡단중,안전운전불이행,건조,맑음,단일로 - 기타,승용,여,46세,상해없음,보행자,여,74세,중상
2019082000100073,2019년 8월 20일 06시,화요일,서울특별시 광진구 구의동,경상사고,0,0,1,0,차대사람 - 차도통행중,안전운전불이행,기타,맑음,기타 - 기타,화물,남,52세,기타불명,보행자,여,66세,경상
2019082000100087,2019년 8월 20일 07시,화요일,서울특별시 마포구 아현동,중상사고,0,1,0,0,차대사람 - 차도통행중,안전운전불이행,건조,맑음,단일로 - 기타,승용,남,36세,상해없음,보행자,남,78세,중상
2019082000100149,2019년 8월 20일 09시,화요일,서울특별시 성북구 동선동4가,경상사고,0,0,1,0,차대사람 - 횡단중,기타,건조,맑음,단일로 - 기타,승용,남,79세,상해없음,보행자,여,73세,경상
2019082000100151,2019년 8월 20일 09시,화요일,서울특별시 관악구 신림동,중상사고,0,1,0,0,차대사람 - 횡단중,안전운전불이행,건조,맑음,교차로 - 교차로부근,승용,남,73세,상해없음,보행자,남,72세,중상
2019082000100189,2019년 8월 20일 10시,화요일,서울특별시 중구 충무로4가,중상사고,0,1,0,0,차대사람 - 기타,안전운전불이행,건조,맑음,단일로 - 기타,건설기계,남,48세,상해없음,보행자,남,71세,중상
2019082000100435,2019년 8월 20일 17시,화요일,서울특별시 영등포구 신길동,경상사고,0,0,1,0,차대사람 - 보도통행중,안전운전불이행,건조,맑음,기타 - 기타,이륜,남,60세,상해없음,보행자,여,75세,경상
2019082000100480,2019년 8월 20일 18시,화요일,서울특별시 강동구 암사동,부상신고사고,0,0,0,1,차대사람 - 보도통행중,안전거리미확보,건조,맑음,기타 - 기타,자전거,남,13세,상해없음,보행자,여,70세,부상신고
2019082000100528,2019년 8월 20일 19시,화요일,서울특별시 강동구 길동,중상사고,0,1,0,0,차대사람 - 횡단중,신호위반,건조,맑음,교차로 - 교차로안,화물,남,61세,상해없음,보행자,남,68세,중상
2019082100100077,2019년 8월 21일 06시,수요일,서울특별시 강남구 도곡동,중상사고,0,1,0,0,차대사람 - 횡단중,안전운전불이행,건조,맑음,단일로 - 기타,승합,남,39세,상해없음,보행자,남,69세,중상
2019082100100182,2019년 8월 21일 10시,수요일,서울특별시 광진구 구의동,경상사고,0,0,1,0,차대사람 - 횡단중,신호위반,건조,맑음,교차로 - 교차로횡단보도내,이륜,남,15세,상해없음,보행자,여,78세,경상
2019082100100183,2019년 8월 21일 10시,수요일,서울특별시 양천구 목동,중상사고,0,1,0,0,차대사람 - 기타,안전운전불이행,건조,맑음,단일로 - 기타,원동기,남,65세,상해없음,보행자,여,77세,중상
2019082100100213,2019년 8월 21일 11시,수요일,서울특별시 성북구 종암동,경상사고,0,0,1,0,차대사람 - 횡단중,보행자보호의무위반,건조,맑음,교차로 - 교차로횡단보도내,승용,여,60세,상해없음,보행자,여,82세,경상
2019082100100347,2019년 8월 21일 15시,수요일,서울특별시 마포구 아현동,경상사고,0,0,1,0,차대사람 - 차도통행중,안전운전불이행,기타,맑음,단일로 - 기타,승용,남,74세,상해없음,보행자,남,72세,경상
2019082100100353,2019년 8월 21일 15시,수요일,서울특별시 양천구 신정동,경상사고,0,0,1,0,차대사람 - 기타,안전운전불이행,건조,맑음,기타 - 기타,승용,여,54세,상해없음,보행자,여,72세,경상
2019082100100396,2019년 8월 21일 16시,수요일,서울특별시 성북구 길음동,경상사고,0,0,1,0,차대사람 - 기타,기타,건조,맑음,단일로 - 기타,승합,남,57세,상해없음,보행자,여,69세,경상
2019082100100431,2019년 8월 21일 17시,수요일,서울특별시 동대문구 장안동,경상사고,0,0,1,0,차대사람 - 기타,안전운전불이행,건조,맑음,단일로 - 기타,승합,남,57세,상해없음,보행자,남,79세,경상
2019082100100585,2019년 8월 21일 20시,수요일,서울특별시 강북구 미아동,경상사고,0,0,1,0,차대사람 - 횡단중,보행자보호의무위반,건조,맑음,단일로 - 기타,승용,남,69세,상해없음,보행자,남,65세,경상
2019082100100586,2019년 8월 21일 20시,수요일,서울특별시 영등포구 대림동,중상사고,0,1,0,0,차대사람 - 횡단중,안전운전불이행,건조,맑음,단일로 - 기타,기타불명,기타불명,미분류,기타불명,보행자,남,71세,중상
2019082200100280,2019년 8월 22일 12시,목요일,서울특별시 동대문구 답십리동,중상사고,0,1,0,0,차대사람 - 횡단중,안전운전불이행,건조,맑음,단일로 - 기타,승용,여,47세,상해없음,보행자,여,77세,중상
2019082200100341,2019년 8월 22일 14시,목요일,서울특별시 영등포구 신길동,부상신고사고,0,0,0,1,차대사람 - 횡단중,신호위반,건조,맑음,단일로 - 기타,이륜,남,68세,상해없음,보행자,여,65세,부상신고
2019082200100410,2019년 8월 22일 16시,목요일,서울특별시 영등포구 여의도동,중상사고,0,1,0,0,차대사람 - 횡단중,안전운전불이행,건조,맑음,교차로 - 교차로횡단보도내,승용,남,40세,상해없음,보행자,남,77세,중상
2019082200100500,2019년 8월 22일 18시,목요일,서울특별시 서초구 서초동,중상사고,0,1,0,0,차대사람 - 횡단중,안전운전불이행,건조,맑음,교차로 - 교차로안,승용,남,60세,상해없음,보행자,여,68세,중상
2019082200100502,2019년 8월 22일 18시,목요일,서울특별시 노원구 중계동,경상사고,0,0,1,0,차대사람 - 기타,신호위반,건조,맑음,교차로 - 교차로안,개인형이동수단(PM),남,15세,상해없음,보행자,여,75세,경상
2019082300100082,2019년 8월 23일 05시,금요일,서울특별시 영등포구 신길동,중상사고,0,1,1,0,차대사람 - 횡단중,안전운전불이행,건조,맑음,단일로 - 기타,원동기,여,25세,경상,보행자,여,77세,중상
2019082300100093,2019년 8월 23일 06시,금요일,서울특별시 강남구 논현동,경상사고,0,0,1,0,차대사람 - 기타,기타,건조,맑음,단일로 - 기타,승합,남,56세,상해없음,보행자,남,72세,경상
2019082300100139,2019년 8월 23일 08시,금요일,서울특별시 노원구 중계동,중상사고,0,1,0,0,차대사람 - 기타,안전운전불이행,건조,맑음,단일로 - 기타,승용,남,55세,상해없음,보행자,여,72세,중상
2019082300100176,2019년 8월 23일 09시,금요일,서울특별시 은평구 녹번동,중상사고,0,1,0,0,차대사람 - 보도통행중,기타,건조,맑음,단일로 - 기타,승용,남,54세,상해없음,보행자,여,80세,중상
2019082300100213,2019년 8월 23일 10시,금요일,서울특별시 동대문구 답십리동,중상사고,0,1,0,0,차대사람 - 기타,안전운전불이행,건조,맑음,교차로 - 교차로안,화물,남,56세,상해없음,보행자,여,87세,중상
2019082300100244,2019년 8월 23일 11시,금요일,서울특별시 양천구 목동,중상사고,0,1,0,0,차대사람 - 기타,안전운전불이행,건조,맑음,단일로 - 기타,화물,남,55세,상해없음,보행자,여,74세,중상
2019082300100271,2019년 8월 23일 12시,금요일,서울특별시 용산구 효창동,중상사고,0,1,0,1,차대사람 - 기타,보행자보호의무위반,건조,맑음,교차로 - 교차로안,승용,남,43세,부상신고,보행자,남,65세,중상
2019082300100371,2019년 8월 23일 15시,금요일,서울특별시 서초구 서초동,경상사고,0,0,1,0,차대사람 - 기타,불법유턴,건조,맑음,단일로 - 기타,승용,여,62세,상해없음,보행자,남,68세,경상
2019082300100406,2019년 8월 23일 16시,금요일,서울특별시 성동구 금호동3가,중상사고,0,2,0,0,차대사람 - 보도통행중,기타,건조,맑음,단일로 - 기타,승용,여,48세,상해없음,보행자,여,73세,중상
2019082400100151,2019년 8월 24일 08시,토요일,서울특별시 송파구 석촌동,경상사고,0,0,1,0,차대사람 - 길가장자리구역통행중,안전운전불이행,건조,맑음,단일로 - 기타,기타불명,기타불명,미분류,기타불명,보행자,여,69세,경상
2019082400100265,2019년 8월 24일 12시,토요일,서울특별시 영등포구 신길동,중상사고,0,1,0,0,차대사람 - 횡단중,신호위반,건조,맑음,단일로 - 기타,승용,남,57세,상해없음,보행자,여,67세,중상
2019082400100369,2019년 8월 24일 15시,토요일,서울특별시 성동구 행당동,경상사고,0,0,1,0,차대사람 - 횡단중,보행자보호의무위반,건조,맑음,교차로 - 교차로횡단보도내,승합,남,45세,상해없음,보행자,남,90세 이상,경상
2019082400100507,2019년 8월 24일 19시,토요일,서울특별시 영등포구 영등포동3가,중상사고,0,1,0,0,차대사람 - 기타,안전운전불이행,건조,맑음,단일로 - 기타,승합,남,47세,상해없음,보행자,여,78세,중상
2019082400100513,2019년 8월 24일 19시,토요일,서울특별시 은평구 구산동,경상사고,0,0,1,0,차대사람 - 기타,안전운전불이행,건조,맑음,단일로 - 기타,이륜,남,29세,상해없음,보행자,여,65세,경상
2019082400100577,2019년 8월 24일 21시,토요일,서울특별시 성북구 동소문동7가,중상사고,0,1,0,0,차대사람 - 횡단중,안전운전불이행,건조,맑음,교차로 - 교차로안,승용,남,19세,상해없음,보행자,남,66세,중상
2019082400100579,2019년 8월 24일 21시,토요일,서울특별시 동작구 사당동,부상신고사고,0,0,0,1,차대사람 - 길가장자리구역통행중,안전운전불이행,건조,맑음,단일로 - 기타,승용,남,59세,상해없음,보행자,남,69세,부상신고
2019082400100581,2019년 8월 24일 21시,토요일,서울특별시 강동구 성내동,경상사고,0,0,1,0,차대사람 - 길가장자리구역통행중,안전운전불이행,건조,맑음,단일로 - 기타,승용,남,51세,상해없음,보행자,남,66세,경상
2019082500100111,2019년 8월 25일 09시,일요일,서울특별시 동대문구 전농동,중상사고,0,1,0,0,차대사람 - 기타,기타,건조,맑음,단일로 - 기타,승용,여,34세,상해없음,보행자,남,82세,중상
2019082500100135,2019년 8월 25일 10시,일요일,서울특별시 양천구 목동,중상사고,0,1,0,0,차대사람 - 기타,안전운전불이행,건조,맑음,단일로 - 기타,승합,남,62세,상해없음,보행자,여,65세,중상