사고번호,사고일시,요일,시군구,사고내용,사망자수,중상자수,경상자수,부상신고자수,사고유형,법규위반,노면상태,기상상태,도로형태,가해운전자 차종,가해운전자 성별,가해운전자 연령,가해운전자 상해정도,피해운전자 차종,피해운전자 성별,피해운전자 연령,피해운전자 상해정도
2019082500100217,2019년 8월 25일 13시,일요일,서울특별시 영등포구 당산동6가,중상사고,0,1,0,0,차대사람 - 기타,보행자보호의무위반,건조,맑음,교차로 - 교차로횡단보도내,이륜,남,28세,상해없음,보행자,여,67세,중상
2019082500100281,2019년 8월 25일 15시,일요일,서울특별시 성북구 성북동,중상사고,0,1,0,0,차대사람 - 기타,기타,건조,맑음,기타 - 기타,승합,남,28세,상해없음,보행자,여,77세,중상
2019082500100383,2019년 8월 25일 18시,일요일,서울특별시 노원구 중계동,중상사고,0,1,0,0,차대사람 - 횡단중,안전운전불이행,건조,맑음,교차로 - 교차로안,자전거,여,52세,상해없음,보행자,남,66세,중상
2019082600100221,2019년 8월 26일 10시,월요일,서울특별시 종로구 숭인동,경상사고,0,0,1,0,차대사람 - 횡단중,보행자보호의무위반,건조,맑음,교차로 - 교차로횡단보도내,화물,남,41세,상해없음,보행자,여,70세,경상
2019082600100449,2019년 8월 26일 16시,월요일,서울특별시 중랑구 신내동,중상사고,0,1,0,0,차대사람 - 기타,안전운전불이행,건조,맑음,단일로 - 기타,승합,남,57세,상해없음,보행자,여,66세,중상
2019082600100453,2019년 8월 26일 16시,월요일,서울특별시 노원구 중계동,경상사고,0,0,1,0,차대사람 - 기타,안전운전불이행,건조,맑음,기타 - 기타,승용,남,53세,기타불명,보행자,남,68세,경상
2019082600100584,2019년 8월 26일 19시,월요일,서울특별시 관악구 봉천동,경상사고,0,0,1,0,차대사람 - 길가장자리구역통행중,안전운전불이행,건조,맑음,교차로 - 교차로부근,승용,남,64세,상해없음,보행자,여,72세,경상
2019082700100084,2019년 8월 27일 05시,화요일,서울특별시 송파구 송파동,중상사고,0,1,0,0,차대사람 - 횡단중,보행자보호의무위반,건조,맑음,단일로 - 기타,승용,남,61세,상해없음,보행자,남,70세,중상
2019082700100221,2019년 8월 27일 10시,화요일,서울특별시 중구 무교동,중상사고,0,1,0,0,차대사람 - 기타,보행자보호의무위반,건조,맑음,교차로 - 교차로안,승용,남,56세,상해없음,보행자,남,65세,중상
2019082700100282,2019년 8월 27일 12시,화요일,서울특별시 강서구 등촌동,경상사고,0,0,1,0,차대사람 - 기타,안전운전불이행,건조,맑음,기타 - 기타,자전거,남,78세,상해없음,보행자,여,80세,경상
2019082700100340,2019년 8월 27일 14시,화요일,서울특별시 관악구 신림동,중상사고,0,1,0,0,차대사람 - 길가장자리구역통행중,안전운전불이행,건조,맑음,단일로 - 기타,승용,남,29세,상해없음,보행자,여,70세,중상
2019082700100537,2019년 8월 27일 19시,화요일,서울특별시 송파구 석촌동,경상사고,0,0,1,0,차대사람 - 기타,안전운전불이행,건조,맑음,교차로 - 교차로안,승용,남,57세,상해없음,보행자,남,74세,경상
2019082800100025,2019년 8월 28일 00시,수요일,서울특별시 동대문구 휘경동,중상사고,0,1,0,0,차대사람 - 횡단중,안전운전불이행,건조,맑음,단일로 - 기타,승용,남,74세,상해없음,보행자,여,90세 이상,중상
2019082800100231,2019년 8월 28일 11시,수요일,서울특별시 관악구 신림동,중상사고,0,2,0,0,차대사람 - 기타,안전운전불이행,건조,맑음,교차로 - 교차로부근,승용,남,65세,상해없음,보행자,여,90세 이상,중상
2019082800100287,2019년 8월 28일 13시,수요일,서울특별시 종로구 종로5가,중상사고,0,1,0,0,차대사람 - 횡단중,보행자보호의무위반,건조,맑음,교차로 - 교차로횡단보도내,화물,남,27세,상해없음,보행자,여,68세,중상
2019082800100389,2019년 8월 28일 16시,수요일,서울특별시 관악구 봉천동,경상사고,0,0,1,0,차대사람 - 길가장자리구역통행중,안전운전불이행,건조,맑음,단일로 - 기타,승용,여,51세,상해없음,보행자,남,67세,경상
2019082800100514,2019년 8월 28일 19시,수요일,서울특별시 종로구 와룡동,중상사고,0,1,0,0,차대사람 - 횡단중,안전운전불이행,건조,맑음,단일로 - 기타,원동기,남,40세,상해없음,보행자,여,76세,중상
2019082900100081,2019년 8월 29일 07시,목요일,서울특별시 강서구 등촌동,사망사고,1,0,0,0,차대사람 - 차도통행중,안전운전불이행,건조,맑음,단일로 - 기타,승용,남,50세,상해없음,보행자,여,69세,사망
2019082900100098,2019년 8월 29일 08시,목요일,서울특별시 구로구 구로동,중상사고,0,1,0,0,차대사람 - 기타,기타,건조,맑음,단일로 - 기타,승용,남,49세,상해없음,보행자,남,69세,중상
2019082900100142,2019년 8월 29일 09시,목요일,서울특별시 성북구 정릉동,경상사고,0,0,1,0,차대사람 - 길가장자리구역통행중,안전운전불이행,건조,맑음,단일로 - 기타,화물,남,46세,상해없음,보행자,남,82세,경상
2019082900100197,2019년 8월 29일 11시,목요일,서울특별시 관악구 신림동,경상사고,0,0,1,0,차대사람 - 길가장자리구역통행중,교차로운행방법위반,젖음/습기,비,교차로 - 교차로부근,승용,남,54세,상해없음,보행자,남,70세,경상
2019082900100286,2019년 8월 29일 14시,목요일,서울특별시 서대문구 홍제동,사망사고,1,0,1,0,차대사람 - 기타,안전운전불이행,건조,맑음,단일로 - 기타,승용,여,79세,상해없음,보행자,여,72세,사망
2019082900100287,2019년 8월 29일 14시,목요일,서울특별시 성북구 안암동5가,경상사고,0,0,2,0,차대사람 - 기타,기타,건조,맑음,기타 - 기타,이륜,남,76세,상해없음,보행자,남,84세,경상
2019082900100292,2019년 8월 29일 14시,목요일,서울특별시 노원구 상계동,중상사고,0,1,0,0,차대사람 - 차도통행중,안전운전불이행,건조,맑음,교차로 - 교차로안,화물,남,56세,상해없음,보행자,여,79세,중상
2019082900100450,2019년 8월 29일 18시,목요일,서울특별시 송파구 가락동,중상사고,0,1,0,0,차대사람 - 횡단중,신호위반,건조,맑음,단일로 - 기타,승용,남,69세,상해없음,보행자,여,69세,중상
2019083000100096,2019년 8월 30일 07시,금요일,서울특별시 강서구 가양동,중상사고,0,1,0,0,차대사람 - 기타,안전운전불이행,기타,맑음,단일로 - 기타,자전거,남,36세,상해없음,보행자,여,69세,중상
2019083000100205,2019년 8월 30일 10시,금요일,서울특별시 양천구 신월동,중상사고,0,1,0,0,차대사람 - 기타,안전운전불이행,건조,맑음,단일로 - 기타,화물,남,37세,상해없음,보행자,남,75세,중상
2019083000100206,2019년 8월 30일 10시,금요일,서울특별시 은평구 역촌동,경상사고,0,0,1,0,차대사람 - 기타,안전운전불이행,건조,맑음,단일로 - 기타,승용,남,36세,상해없음,보행자,여,77세,경상
2019083000100354,2019년 8월 30일 14시,금요일,서울특별시 은평구 신사동,중상사고,0,1,0,0,차대사람 - 보도통행중,기타,건조,맑음,기타 - 기타,자전거,남,8세,상해없음,보행자,여,65세,중상
2019083000100358,2019년 8월 30일 14시,금요일,서울특별시 강서구 화곡동,중상사고,0,1,0,0,차대사람 - 차도통행중,안전운전불이행,건조,맑음,단일로 - 기타,이륜,남,29세,상해없음,보행자,여,79세,중상
2019083000100405,2019년 8월 30일 15시,금요일,서울특별시 서대문구 남가좌동,경상사고,0,0,1,0,차대사람 - 차도통행중,안전운전불이행,건조,맑음,교차로 - 교차로안,화물,남,51세,상해없음,보행자,남,69세,경상
2019083000100642,2019년 8월 30일 19시,금요일,서울특별시 노원구 중계동,경상사고,0,0,1,0,차대사람 - 차도통행중,안전운전불이행,건조,맑음,단일로 - 기타,자전거,남,52세,상해없음,보행자,여,70세,경상
2019083100100180,2019년 8월 31일 08시,토요일,서울특별시 중구 쌍림동,중상사고,0,1,0,0,차대사람 - 횡단중,안전운전불이행,건조,맑음,교차로 - 교차로안,승합,남,58세,상해없음,보행자,여,66세,중상
2019083100100248,2019년 8월 31일 10시,토요일,서울특별시 강동구 암사동,중상사고,0,1,0,0,차대사람 - 기타,안전운전불이행,건조,맑음,단일로 - 기타,승용,여,59세,상해없음,보행자,여,76세,중상
2019083100100365,2019년 8월 31일 13시,토요일,서울특별시 강남구 도곡동,중상사고,0,1,0,0,차대사람 - 횡단중,보행자보호의무위반,건조,맑음,교차로 - 교차로횡단보도내,승용,남,34세,상해없음,보행자,여,66세,중상
2019083100100570,2019년 8월 31일 18시,토요일,서울특별시 강서구 방화동,경상사고,0,0,1,0,차대사람 - 기타,안전운전불이행,건조,맑음,단일로 - 기타,승합,남,53세,상해없음,보행자,여,74세,경상
2019083100100656,2019년 8월 31일 20시,토요일,서울특별시 강북구 수유동,중상사고,0,1,0,0,차대사람 - 횡단중,안전운전불이행,건조,맑음,교차로 - 교차로안,승용,여,46세,상해없음,보행자,남,69세,중상
2019090100100167,2019년 9월 1일 11시,일요일,서울특별시 은평구 응암동,중상사고,0,1,0,0,차대사람 - 기타,안전운전불이행,건조,맑음,교차로 - 교차로안,승합,남,56세,상해없음,보행자,여,76세,중상
2019090100100450,2019년 9월 1일 20시,일요일,서울특별시 양천구 신월동,부상신고사고,0,0,0,1,차대사람 - 기타,안전운전불이행,건조,맑음,단일로 - 기타,기타불명,기타불명,미분류,기타불명,보행자,남,67세,부상신고
2019090200100111,2019년 9월 2일 08시,월요일,서울특별시 영등포구 당산동4가,경상사고,0,0,1,0,차대사람 - 기타,안전운전불이행,건조,맑음,단일로 - 기타,승합,남,59세,기타불명,보행자,남,82세,경상
2019090200100173,2019년 9월 2일 09시,월요일,서울특별시 성북구 돈암동,경상사고,0,0,1,0,차대사람 - 기타,안전운전불이행,건조,맑음,기타 - 기타,승용,남,58세,상해없음,보행자,여,66세,경상
2019090200100177,2019년 9월 2일 09시,월요일,서울특별시 노원구 하계동,중상사고,0,1,0,0,차대사람 - 횡단중,안전운전불이행,건조,맑음,교차로 - 교차로안,화물,남,38세,상해없음,보행자,남,83세,중상
2019090200100216,2019년 9월 2일 10시,월요일,서울특별시 마포구 창전동,중상사고,0,1,0,0,차대사람 - 횡단중,안전운전불이행,건조,맑음,단일로 - 기타,승용,남,62세,상해없음,보행자,여,79세,중상
2019090200100254,2019년 9월 2일 11시,월요일,서울특별시 중랑구 면목동,경상사고,0,0,1,0,차대사람 - 길가장자리구역통행중,안전운전불이행,건조,맑음,교차로 - 교차로안,화물,남,61세,상해없음,보행자,여,75세,경상
2019090200100329,2019년 9월 2일 13시,월요일,서울특별시 강동구 성내동,중상사고,0,1,0,0,차대사람 - 기타,안전운전불이행,건조,맑음,교차로 - 교차로안,화물,남,28세,상해없음,보행자,여,70세,중상
2019090200100366,2019년 9월 2일 14시,월요일,서울특별시 중랑구 신내동,경상사고,0,0,1,0,차대사람 - 기타,기타,건조,맑음,단일로 - 기타,승합,남,40세,상해없음,보행자,여,65세,경상
2019090200100369,2019년 9월 2일 14시,월요일,서울특별시 강동구 암사동,중상사고,0,1,0,0,차대사람 - 기타,안전운전불이행,건조,맑음,단일로 - 기타,이륜,남,48세,상해없음,보행자,여,80세,중상
2019090200100403,2019년 9월 2일 15시,월요일,서울특별시 중구 을지로6가,중상사고,0,1,0,0,차대사람 - 기타,안전운전불이행,건조,맑음,단일로 - 기타,승용,남,46세,상해없음,보행자,여,86세,중상
2019090200100510,2019년 9월 2일 18시,월요일,서울특별시 서대문구 북가좌동,중상사고,0,1,0,0,차대사람 - 기타,보행자보호의무위반,건조,맑음,교차로 - 교차로횡단보도내,화물,남,61세,상해없음,보행자,여,72세,중상
2019090200100559,2019년 9월 2일 19시,월요일,서울특별시 강북구 미아동,중상사고,0,1,0,0,차대사람 - 길가장자리구역통행중,안전운전불이행,건조,맑음,교차로 - 교차로안,승용,남,55세,상해없음,보행자,여,69세,중상
2019090200100565,2019년 9월 2일 19시,월요일,서울특별시 송파구 삼전동,중상사고,0,1,0,0,차대사람 - 횡단중,신호위반,건조,흐림,단일로 - 기타,승용,남,45세,상해없음,보행자,남,67세,중상
2019090200100630,2019년 9월 2일 20시,월요일,서울특별시 노원구 중계동,중상사고,0,1,0,0,차대사람 - 기타,안전운전불이행,건조,맑음,단일로 - 기타,승용,여,41세,상해없음,보행자,여,77세,중상
2019090300100094,2019년 9월 3일 07시,화요일,서울특별시 서대문구 홍은동,중상사고,0,1,0,0,차대사람 - 횡단중,안전운전불이행,건조,맑음,교차로 - 교차로횡단보도내,화물,남,55세,상해없음,보행자,여,82세,중상
2019090300100121,2019년 9월 3일 08시,화요일,서울특별시 관악구 봉천동,중상사고,0,1,0,0,차대사람 - 길가장자리구역통행중,안전운전불이행,건조,맑음,교차로 - 교차로부근,승용,남,46세,상해없음,보행자,여,77세,중상
2019090300100127,2019년 9월 3일 08시,화요일,서울특별시 노원구 상계동,사망사고,1,0,1,0,차대사람 - 횡단중,안전운전불이행,건조,맑음,단일로 - 기타,건설기계,남,56세,상해없음,보행자,여,67세,사망
2019090300100128,2019년 9월 3일 08시,화요일,서울특별시 강남구 도곡동,중상사고,0,1,0,0,차대사람 - 횡단중,보행자보호의무위반,건조,맑음,교차로 - 교차로부근,승용,여,48세,상해없음,보행자,남,68세,중상
2019090300100325,2019년 9월 3일 14시,화요일,서울특별시 서대문구 북아현동,경상사고,0,0,1,0,차대사람 - 횡단중,보행자보호의무위반,건조,맑음,교차로 - 교차로횡단보도내,이륜,남,60세,상해없음,보행자,여,76세,경상
2019090300100399,2019년 9월 3일 16시,화요일,서울특별시 서대문구 남가좌동,경상사고,0,0,1,0,차대사람 - 차도통행중,안전운전불이행,건조,맑음,단일로 - 기타,화물,남,58세,상해없음,보행자,여,88세,경상
2019090300100411,2019년 9월 3일 16시,화요일,서울특별시 도봉구 도봉동,경상사고,0,0,1,0,차대사람 - 기타,안전운전불이행,건조,맑음,단일로 - 기타,승용,남,60세,상해없음,보행자,여,66세,경상
2019090300100564,2019년 9월 3일 19시,화요일,서울특별시 양천구 신월동,경상사고,0,0,1,0,차대사람 - 기타,보행자보호의무위반,건조,맑음,교차로 - 교차로안,승용,여,48세,상해없음,보행자,여,72세,경상
2019090400100018,2019년 9월 4일 00시,수요일,서울특별시 서대문구 충정로3가,중상사고,0,1,0,0,차대사람 - 기타,안전운전불이행,건조,흐림,단일로 - 기타,승합,남,51세,상해없음,보행자,남,65세,중상
2019090400100193,2019년 9월 4일 10시,수요일,서울특별시 서대문구 북가좌동,중상사고,0,1,0,0,차대사람 - 기타,안전운전불이행,젖음/습기,흐림,교차로 - 교차로부근,승용,남,42세,상해없음,보행자,여,79세,중상
2019090400100384,2019년 9월 4일 16시,수요일,서울특별시 송파구 가락동,중상사고,0,1,0,0,차대사람 - 기타,안전운전불이행,건조,맑음,교차로 - 교차로부근,화물,남,43세,상해없음,보행자,여,72세,중상
2019090400100461,2019년 9월 4일 18시,수요일,서울특별시 중랑구 망우동,부상신고사고,0,0,0,1,차대사람 - 횡단중,안전운전불이행,건조,맑음,교차로 - 교차로안,승용,남,39세,상해없음,보행자,여,72세,부상신고
2019090400100516,2019년 9월 4일 19시,수요일,서울특별시 노원구 상계동,경상사고,0,0,1,0,차대사람 - 기타,안전운전불이행,젖음/습기,비,주차장 - 주차장,승용,여,59세,상해없음,보행자,남,69세,경상
2019090400100568,2019년 9월 4일 20시,수요일,서울특별시 양천구 신정동,중상사고,0,1,0,0,차대사람 - 기타,보행자보호의무위반,젖음/습기,비,교차로 - 교차로횡단보도내,승용,남,59세,상해없음,보행자,여,71세,중상
2019090500100235,2019년 9월 5일 10시,목요일,서울특별시 도봉구 방학동,중상사고,0,1,0,0,차대사람 - 기타,안전운전불이행,건조,흐림,단일로 - 기타,화물,남,45세,상해없음,보행자,여,77세,중상
2019090500100259,2019년 9월 5일 11시,목요일,서울특별시 노원구 상계동,중상사고,0,1,0,0,차대사람 - 기타,안전운전불이행,건조,맑음,단일로 - 기타,승용,남,33세,상해없음,보행자,여,90세 이상,중상
2019090500100312,2019년 9월 5일 13시,목요일,서울특별시 중랑구 상봉동,경상사고,0,0,1,0,차대사람 - 기타,안전운전불이행,젖음/습기,비,단일로 - 기타,기타불명,기타불명,미분류,기타불명,보행자,남,81세,경상
2019090500100314,2019년 9월 5일 13시,목요일,서울특별시 성북구 종암동,중상사고,0,1,0,0,차대사람 - 기타,기타,젖음/습기,흐림,단일로 - 기타,승합,남,58세,상해없음,보행자,여,78세,중상
2019090500100342,2019년 9월 5일 14시,목요일,서울특별시 광진구 자양동,중상사고,0,1,0,0,차대사람 - 기타,안전운전불이행,젖음/습기,비,단일로 - 기타,승합,남,42세,상해없음,보행자,여,77세,중상
2019090500100432,2019년 9월 5일 16시,목요일,서울특별시 서초구 잠원동,경상사고,0,0,1,0,차대사람 - 기타,안전운전불이행,건조,맑음,단일로 - 기타,승용,남,31세,상해없음,보행자,남,75세,경상
2019090500100565,2019년 9월 5일 19시,목요일,서울특별시 양천구 신정동,부상신고사고,0,0,0,1,차대사람 - 차도통행중,안전운전불이행,건조,흐림,단일로 - 기타,승용,여,38세,상해없음,보행자,남,65세,부상신고
2019090600100046,2019년 9월 6일 02시,금요일,서울특별시 중랑구 상봉동,사망사고,1,0,0,0,차대사람 - 횡단중,과속,건조,흐림,교차로 - 교차로횡단보도내,승합,남,44세,상해없음,보행자,남,65세,사망
2019090600100080,2019년 9월 6일 07시,금요일,서울특별시 금천구 시흥동,중상사고,0,1,0,0,차대사람 - 기타,안전운전불이행,건조,맑음,단일로 - 기타,승용,남,52세,상해없음,보행자,남,69세,중상
2019090600100223,2019년 9월 6일 12시,금요일,서울특별시 용산구 용산동2가,경상사고,0,0,1,0,차대사람 - 길가장자리구역통행중,안전운전불이행,건조,맑음,교차로 - 교차로부근,승용,남,71세,상해없음,보행자,여,71세,경상
2019090600100517,2019년 9월 6일 19시,금요일,서울특별시 동대문구 제기동,중상사고,0,1,0,0,차대사람 - 기타,안전운전불이행,건조,맑음,단일로 - 기타,승용,남,59세,상해없음,보행자,남,76세,중상
2019090700100113,2019년 9월 7일 05시,토요일,서울특별시 강동구 천호동,부상신고사고,0,0,0,1,차대사람 - 보도통행중,기타,건조,맑음,기타 - 기타,자전거,남,33세,상해없음,보행자,남,66세,부상신고
2019090700100185,2019년 9월 7일 10시,토요일,서울특별시 동대문구 이문동,경상사고,0,0,2,0,차대사람 - 기타,기타,건조,맑음,교차로 - 교차로부근,자전거,남,82세,경상,보행자,여,77세,경상
2019090700100186,2019년 9월 7일 10시,토요일,서울특별시 강남구 논현동,경상사고,0,0,1,0,차대사람 - 기타,기타,건조,맑음,단일로 - 기타,승용,남,69세,상해없음,보행자,여,67세,경상
2019090700100247,2019년 9월 7일 12시,토요일,서울특별시 동대문구 청량리동,중상사고,0,1,0,0,차대사람 - 횡단중,신호위반,젖음/습기,비,교차로 - 교차로횡단보도내,이륜,남,32세,상해없음,보행자,여,77세,중상
2019090700100277,2019년 9월 7일 13시,토요일,서울특별시 중구 신당동,중상사고,0,1,0,0,차대사람 - 횡단중,안전운전불이행,젖음/습기,비,교차로 - 교차로안,승용,남,45세,상해없음,보행자,여,73세,중상
2019090700100329,2019년 9월 7일 16시,토요일,서울특별시 은평구 갈현동,부상신고사고,0,0,0,1,차대사람 - 차도통행중,안전운전불이행,젖음/습기,비,교차로 - 교차로안,승용,남,70세,상해없음,보행자,여,80세,부상신고
2019090700100404,2019년 9월 7일 19시,토요일,서울특별시 서대문구 연희동,중상사고,0,1,0,0,차대사람 - 횡단중,안전운전불이행,건조,기타,단일로 - 기타,승용,남,62세,상해없음,보행자,여,65세,중상
2019090700100437,2019년 9월 7일 20시,토요일,서울특별시 중랑구 면목동,중상사고,0,1,0,0,차대사람 - 횡단중,보행자보호의무위반,젖음/습기,비,교차로 - 교차로횡단보도내,승용,남,33세,상해없음,보행자,여,66세,중상
2019090800100151,2019년 9월 8일 11시,일요일,서울특별시 은평구 갈현동,경상사고,0,0,1,0,차대사람 - 길가장자리구역통행중,안전운전불이행,건조,맑음,교차로 - 교차로안,화물,남,71세,상해없음,보행자,남,88세,경상
2019090800100169,2019년 9월 8일 12시,일요일,서울특별시 동대문구 신설동,경상사고,0,0,1,0,차대사람 - 기타,안전운전불이행,건조,맑음,교차로 - 교차로안,승용,남,70세,상해없음,보행자,남,66세,경상
2019090800100174,2019년 9월 8일 12시,일요일,서울특별시 도봉구 창동,중상사고,0,1,0,0,차대사람 - 기타,안전운전불이행,건조,맑음,교차로 - 교차로안,화물,남,57세,상해없음,보행자,여,90세 이상,중상
2019090800100271,2019년 9월 8일 15시,일요일,서울특별시 양천구 신정동,부상신고사고,0,0,0,1,차대사람 - 기타,안전운전불이행,건조,맑음,단일로 - 기타,승용,여,38세,상해없음,보행자,남,70세,부상신고
2019090800100381,2019년 9월 8일 18시,일요일,서울특별시 은평구 불광동,중상사고,0,1,0,0,차대사람 - 기타,안전운전불이행,건조,맑음,단일로 - 기타,승용,남,26세,상해없음,보행자,남,71세,중상
2019090800100436,2019년 9월 8일 20시,일요일,서울특별시 마포구 연남동,중상사고,0,1,1,0,차대사람 - 횡단중,안전운전불이행,건조,맑음,단일로 - 기타,이륜,남,16세,경상,보행자,여,69세,중상
2019090800100440,2019년 9월 8일 20시,일요일,서울특별시 강서구 화곡동,중상사고,0,1,0,0,차대사람 - 기타,안전운전불이행,건조,맑음,교차로 - 교차로안,승용,남,64세,상해없음,보행자,여,70세,중상
2019090900100059,2019년 9월 9일 05시,월요일,서울특별시 서대문구 영천동,중상사고,0,1,0,0,차대사람 - 횡단중,안전운전불이행,건조,맑음,단일로 - 기타,승용,남,64세,상해없음,보행자,여,79세,중상
2019090900100097,2019년 9월 9일 07시,월요일,서울특별시 강동구 명일동,중상사고,0,1,0,0,차대사람 - 보도통행중,보행자보호의무위반,건조,맑음,교차로 - 교차로안,승용,남,83세,상해없음,보행자,여,65세,중상
2019090900100252,2019년 9월 9일 11시,월요일,서울특별시 금천구 독산동,경상사고,0,0,1,0,차대사람 - 기타,안전운전불이행,건조,흐림,단일로 - 기타,기타불명,기타불명,미분류,기타불명,보행자,남,80세,경상
2019090900100305,2019년 9월 9일 12시,월요일,서울특별시 동대문구 장안동,중상사고,0,1,0,0,차대사람 - 기타,안전운전불이행,건조,맑음,교차로 - 교차로안,자전거,남,90세 이상,상해없음,보행자,여,67세,중상
2019090900100354,2019년 9월 9일 13시,월요일,서울특별시 동작구 상도동,중상사고,0,1,0,0,차대사람 - 차도통행중,안전운전불이행,건조,맑음,교차로 - 교차로부근,승용,남,65세,상해없음,보행자,남,71세,중상
2019090900100385,2019년 9월 9일 14시,월요일,서울특별시 영등포구 영등포동6가,경상사고,0,0,1,0,차대사람 - 기타,보행자보호의무위반,건조,맑음,단일로 - 기타,자전거,남,59세,상해없음,보행자,남,74세,경상
2019090900100556,2019년 9월 9일 18시,월요일,서울특별시 양천구 신월동,중상사고,0,1,0,0,차대사람 - 기타,안전운전불이행,건조,맑음,단일로 - 기타,승용,남,50세,상해없음,보행자,남,66세,중상
2019090900100605,2019년 9월 9일 19시,월요일,서울특별시 동작구 본동,중상사고,0,1,0,0,차대사람 - 횡단중,안전운전불이행,건조,맑음,기타 - 기타,승용,남,62세,상해없음,보행자,여,80세,중상
2019090900100610,2019년 9월 9일 19시,월요일,서울특별시 송파구 가락동,중상사고,0,1,0,0,차대사람 - 길가장자리구역통행중,안전운전불이행,건조,맑음,교차로 - 교차로안,승용,남,35세,상해없음,보행자,남,86세,중상
2019090900100685,2019년 9월 9일 20시,월요일,서울특별시 송파구 장지동,경상사고,0,0,1,0,차대사람 - 기타,안전운전불이행,건조,맑음,단일로 - 기타,승용,여,38세,상해없음,보행자,남,72세,경상
2019091000100102,2019년 9월 10일 06시,화요일,서울특별시 동대문구 용두동,경상사고,0,0,1,0,차대사람 - 기타,안전운전불이행,건조,맑음,단일로 - 기타,승합,남,41세,상해없음,보행자,여,75세,경상
2019091000100114,2019년 9월 10일 07시,화요일,서울특별시 강북구 번동,중상사고,0,1,0,0,차대사람 - 기타,신호위반,젖음/습기,비,단일로 - 기타,이륜,여,48세,상해없음,보행자,여,78세,중상
2019091000100150,2019년 9월 10일 08시,화요일,서울특별시 동작구 상도동,중상사고,0,1,0,0,차대사람 - 횡단중,신호위반,건조,맑음,교차로 - 교차로횡단보도내,승용,여,63세,상해없음,보행자,여,71세,중상
2019091000100307,2019년 9월 10일 11시,화요일,서울특별시 강북구 번동,사망사고,1,0,0,0,차대사람 - 횡단중,안전운전불이행,젖음/습기,비,교차로 - 교차로안,화물,남,57세,상해없음,보행자,여,78세,사망
2019091000100308,2019년 9월 10일 11시,화요일,서울특별시 영등포구 여의도동,경상사고,0,0,1,0,차대사람 - 보도통행중,기타,건조,맑음,단일로 - 기타,승용,남,34세,상해없음,보행자,남,71세,경상
2019091000100376,2019년 9월 10일 13시,화요일,서울특별시 강서구 공항동,경상사고,0,0,1,0,차대사람 - 횡단중,신호위반,젖음/습기,비,단일로 - 기타,이륜,남,50세,상해없음,보행자,여,68세,경상
2019091000100698,2019년 9월 10일 20시,화요일,서울특별시 송파구 방이동,중상사고,0,1,0,0,차대사람 - 횡단중,안전운전불이행,건조,맑음,단일로 - 기타,승용,남,62세,상해없음,보행자,여,70세,중상
2019091000100742,2019년 9월 10일 21시,화요일,서울특별시 은평구 응암동,경상사고,0,0,2,0,차대사람 - 횡단중,안전운전불이행,젖음/습기,비,교차로 - 교차로부근,승용,여,44세,상해없음,보행자,여,83세,경상
2019091000100751,2019년 9월 10일 21시,화요일,서울특별시 은평구 역촌동,중상사고,0,1,0,0,차대사람 - 기타,보행자보호의무위반,젖음/습기,비,교차로 - 교차로횡단보도내,승용,남,79세,상해없음,보행자,여,80세,중상
2019091100100092,2019년 9월 11일 04시,수요일,서울특별시 광진구 구의동,중상사고,0,1,0,0,차대사람 - 기타,안전운전불이행,젖음/습기,흐림,단일로 - 기타,승용,남,22세,상해없음,보행자,남,71세,중상
2019091100100094,2019년 9월 11일 04시,수요일,서울특별시 관악구 신림동,중상사고,0,1,0,0,차대사람 - 기타,안전운전불이행,젖음/습기,비,교차로 - 교차로안,이륜,남,28세,상해없음,보행자,여,77세,중상
2019091100100101,2019년 9월 11일 05시,수요일,서울특별시 중구 신당동,중상사고,0,1,0,0,차대사람 - 횡단중,신호위반,젖음/습기,비,교차로 - 교차로횡단보도내,원동기,남,25세,상해없음,보행자,여,65세,중상
2019091100100202,2019년 9월 11일 09시,수요일,서울특별시 구로구 개봉동,중상사고,0,1,0,0,차대사람 - 횡단중,안전운전불이행,건조,맑음,단일로 - 기타,이륜,남,52세,상해없음,보행자,여,89세,중상
2019091100100406,2019년 9월 11일 14시,수요일,서울특별시 노원구 상계동,경상사고,0,0,1,0,차대사람 - 기타,안전운전불이행,건조,맑음,단일로 - 기타,승용,남,37세,상해없음,보행자,여,73세,경상
2019091100100453,2019년 9월 11일 15시,수요일,서울특별시 은평구 응암동,경상사고,0,0,1,0,차대사람 - 기타,안전운전불이행,건조,맑음,교차로 - 교차로안,승용,남,72세,기타불명,보행자,여,90세 이상,경상
2019091100100516,2019년 9월 11일 16시,수요일,서울특별시 성북구 장위동,중상사고,0,1,0,0,차대사람 - 횡단중,안전운전불이행,건조,맑음,교차로 - 교차로부근,승용,남,60세,상해없음,보행자,여,74세,중상
2019091100100639,2019년 9월 11일 18시,수요일,서울특별시 동대문구 장안동,중상사고,0,1,0,0,차대사람 - 기타,안전운전불이행,건조,맑음,단일로 - 기타,이륜,남,55세,상해없음,보행자,여,72세,중상
2019091100100643,2019년 9월 11일 18시,수요일,서울특별시 관악구 신림동,중상사고,0,1,0,0,차대사람 - 횡단중,안전운전불이행,건조,맑음,단일로 - 기타,승용,남,57세,상해없음,보행자,여,65세,중상
2019091100100686,2019년 9월 11일 19시,수요일,서울특별시 강북구 미아동,경상사고,0,0,1,0,차대사람 - 횡단중,안전운전불이행,건조,맑음,단일로 - 기타,이륜,남,39세,상해없음,보행자,여,68세,경상