사고번호,사고일시,요일,시군구,사고내용,사망자수,중상자수,경상자수,부상신고자수,사고유형,법규위반,노면상태,기상상태,도로형태,가해운전자 차종,가해운전자 성별,가해운전자 연령,가해운전자 상해정도,피해운전자 차종,피해운전자 성별,피해운전자 연령,피해운전자 상해정도
2019091100100848,2019년 9월 11일 23시,수요일,서울특별시 중랑구 상봉동,사망사고,1,0,0,0,차대사람 - 횡단중,과속,건조,맑음,단일로 - 기타,승용,남,34세,상해없음,보행자,여,75세,사망
2019091200100281,2019년 9월 12일 14시,목요일,서울특별시 강동구 천호동,중상사고,0,1,0,0,차대사람 - 차도통행중,안전운전불이행,건조,맑음,단일로 - 기타,화물,남,68세,상해없음,보행자,여,77세,중상
2019091200100359,2019년 9월 12일 17시,목요일,서울특별시 서대문구 홍제동,중상사고,0,1,0,0,차대사람 - 기타,안전운전불이행,젖음/습기,비,단일로 - 기타,승용,남,73세,상해없음,보행자,여,81세,중상
2019091200100415,2019년 9월 12일 19시,목요일,서울특별시 은평구 불광동,중상사고,0,1,0,0,차대사람 - 횡단중,안전운전불이행,젖음/습기,비,교차로 - 교차로부근,승용,남,48세,상해없음,보행자,남,67세,중상
2019091200100487,2019년 9월 12일 21시,목요일,서울특별시 서대문구 남가좌동,사망사고,1,0,1,0,차대사람 - 횡단중,안전운전불이행,젖음/습기,비,단일로 - 기타,승합,남,66세,경상,보행자,남,67세,사망
2019091400100187,2019년 9월 14일 14시,토요일,서울특별시 강동구 천호동,경상사고,0,0,1,0,차대사람 - 횡단중,안전운전불이행,건조,맑음,단일로 - 기타,승합,남,65세,상해없음,보행자,여,83세,경상
2019091400100220,2019년 9월 14일 15시,토요일,서울특별시 관악구 신림동,중상사고,0,1,0,0,차대사람 - 횡단중,안전운전불이행,젖음/습기,비,단일로 - 기타,화물,남,65세,상해없음,보행자,여,69세,중상
2019091400100328,2019년 9월 14일 19시,토요일,서울특별시 마포구 망원동,경상사고,0,0,1,0,차대사람 - 길가장자리구역통행중,안전운전불이행,기타,기타,단일로 - 기타,승용,여,75세,상해없음,보행자,여,86세,경상
2019091400100329,2019년 9월 14일 19시,토요일,서울특별시 강서구 화곡동,경상사고,0,0,1,0,차대사람 - 길가장자리구역통행중,안전운전불이행,건조,맑음,교차로 - 교차로안,승용,남,27세,상해없음,보행자,남,66세,경상
2019091400100333,2019년 9월 14일 19시,토요일,서울특별시 도봉구 방학동,경상사고,0,0,1,0,차대사람 - 기타,안전운전불이행,건조,맑음,교차로 - 교차로안,승용,남,57세,상해없음,보행자,여,77세,경상
2019091500100306,2019년 9월 15일 17시,일요일,서울특별시 도봉구 도봉동,중상사고,0,1,0,0,차대사람 - 횡단중,보행자보호의무위반,건조,맑음,교차로 - 교차로횡단보도내,화물,남,62세,상해없음,보행자,여,72세,중상
2019091600100093,2019년 9월 16일 07시,월요일,서울특별시 중랑구 면목동,경상사고,0,0,1,0,차대사람 - 기타,안전운전불이행,건조,맑음,단일로 - 기타,승용,남,29세,상해없음,보행자,남,72세,경상
2019091600100265,2019년 9월 16일 12시,월요일,서울특별시 동대문구 전농동,경상사고,0,0,1,0,차대사람 - 기타,안전운전불이행,건조,맑음,교차로 - 교차로부근,승용,여,57세,상해없음,보행자,여,90세 이상,경상
2019091600100345,2019년 9월 16일 14시,월요일,서울특별시 구로구 구로동,중상사고,0,1,0,0,차대사람 - 횡단중,신호위반,건조,맑음,교차로 - 교차로횡단보도내,승용,여,52세,상해없음,보행자,남,88세,중상
2019091600100461,2019년 9월 16일 17시,월요일,서울특별시 강북구 수유동,부상신고사고,0,0,0,1,차대사람 - 기타,안전운전불이행,건조,맑음,단일로 - 기타,자전거,남,20세,상해없음,보행자,여,77세,부상신고
2019091700100478,2019년 9월 17일 17시,화요일,서울특별시 서초구 방배동,경상사고,0,0,1,0,차대사람 - 기타,안전운전불이행,건조,맑음,단일로 - 기타,이륜,남,67세,상해없음,보행자,여,72세,경상
2019091700100615,2019년 9월 17일 20시,화요일,서울특별시 동대문구 휘경동,중상사고,0,1,0,0,차대사람 - 횡단중,안전운전불이행,건조,맑음,기타 - 기타,승용,남,61세,상해없음,보행자,남,71세,중상
2019091800100149,2019년 9월 18일 09시,수요일,서울특별시 강남구 역삼동,경상사고,0,0,1,0,차대사람 - 기타,안전운전불이행,건조,맑음,단일로 - 기타,승용,여,47세,상해없음,보행자,남,73세,경상
2019091800100241,2019년 9월 18일 12시,수요일,서울특별시 서초구 잠원동,중상사고,0,1,1,0,차대사람 - 기타,기타,건조,맑음,교차로 - 교차로부근,이륜,남,60세,상해없음,보행자,여,46세,경상
2019091800100270,2019년 9월 18일 13시,수요일,서울특별시 서대문구 북가좌동,중상사고,0,1,0,0,차대사람 - 기타,안전운전불이행,건조,맑음,단일로 - 기타,승합,남,43세,상해없음,보행자,여,72세,중상
2019091800100314,2019년 9월 18일 14시,수요일,서울특별시 구로구 개봉동,경상사고,0,0,1,0,차대사람 - 횡단중,신호위반,건조,맑음,단일로 - 기타,이륜,남,61세,상해없음,보행자,여,66세,경상
2019091800100506,2019년 9월 18일 18시,수요일,서울특별시 동대문구 신설동,중상사고,0,1,0,0,차대사람 - 차도통행중,안전운전불이행,건조,맑음,단일로 - 기타,화물,남,34세,상해없음,보행자,여,77세,중상
2019091900100059,2019년 9월 19일 03시,목요일,서울특별시 관악구 신림동,부상신고사고,0,0,0,1,차대사람 - 기타,안전운전불이행,건조,맑음,단일로 - 기타,기타불명,기타불명,미분류,기타불명,보행자,여,90세 이상,부상신고
2019091900100070,2019년 9월 19일 05시,목요일,서울특별시 성북구 돈암동,중상사고,0,1,0,0,차대사람 - 기타,안전운전불이행,건조,맑음,교차로 - 교차로부근,승용,남,64세,상해없음,보행자,여,74세,중상
2019091900100127,2019년 9월 19일 08시,목요일,서울특별시 영등포구 신길동,경상사고,0,0,1,0,차대사람 - 기타,안전운전불이행,건조,맑음,단일로 - 기타,승용,남,66세,기타불명,보행자,남,69세,경상
2019091900100129,2019년 9월 19일 08시,목요일,서울특별시 강서구 화곡동,경상사고,0,0,1,0,차대사람 - 기타,안전운전불이행,건조,맑음,단일로 - 기타,승용,남,57세,상해없음,보행자,여,72세,경상
2019091900100314,2019년 9월 19일 13시,목요일,서울특별시 중랑구 면목동,중상사고,0,1,0,0,차대사람 - 기타,안전운전불이행,건조,맑음,교차로 - 교차로부근,승용,여,37세,상해없음,보행자,여,70세,중상
2019091900100461,2019년 9월 19일 17시,목요일,서울특별시 은평구 역촌동,경상사고,0,0,1,0,차대사람 - 기타,안전운전불이행,건조,맑음,단일로 - 기타,승용,여,38세,상해없음,보행자,여,69세,경상
2019091900100639,2019년 9월 19일 22시,목요일,서울특별시 중랑구 신내동,경상사고,0,0,1,0,차대사람 - 횡단중,안전운전불이행,건조,맑음,교차로 - 교차로부근,이륜,남,33세,상해없음,보행자,남,82세,경상
2019092000100057,2019년 9월 20일 04시,금요일,서울특별시 동작구 노량진동,중상사고,0,1,0,0,차대사람 - 횡단중,신호위반,건조,맑음,단일로 - 기타,이륜,남,35세,상해없음,보행자,여,80세,중상
2019092000100135,2019년 9월 20일 08시,금요일,서울특별시 은평구 불광동,중상사고,0,1,0,0,차대사람 - 횡단중,안전운전불이행,건조,맑음,단일로 - 기타,승합,남,55세,상해없음,보행자,남,82세,중상
2019092100100196,2019년 9월 21일 10시,토요일,서울특별시 금천구 독산동,중상사고,0,1,0,0,차대사람 - 기타,안전운전불이행,건조,맑음,단일로 - 기타,기타불명,기타불명,미분류,기타불명,보행자,여,70세,중상
2019092100100331,2019년 9월 21일 14시,토요일,서울특별시 서대문구 홍제동,중상사고,0,1,0,0,차대사람 - 차도통행중,안전운전불이행,건조,맑음,단일로 - 기타,승용,여,71세,상해없음,보행자,여,76세,중상
2019092100100340,2019년 9월 21일 14시,토요일,서울특별시 강동구 명일동,사망사고,1,3,0,0,차대사람 - 기타,불법유턴,건조,맑음,단일로 - 기타,승용,여,59세,상해없음,보행자,여,53세,중상
2019092100100484,2019년 9월 21일 18시,토요일,서울특별시 강서구 등촌동,경상사고,0,0,1,0,차대사람 - 횡단중,보행자보호의무위반,건조,흐림,기타 - 기타,이륜,남,22세,상해없음,보행자,여,69세,경상
2019092200100112,2019년 9월 22일 06시,일요일,서울특별시 동대문구 답십리동,사망사고,1,0,0,0,차대사람 - 차도통행중,안전운전불이행,젖음/습기,비,교차로 - 교차로부근,승용,남,42세,상해없음,보행자,남,76세,사망
2019092200100146,2019년 9월 22일 09시,일요일,서울특별시 강동구 성내동,중상사고,0,1,0,0,차대사람 - 기타,안전운전불이행,건조,맑음,단일로 - 기타,승용,남,37세,상해없음,보행자,남,65세,중상
2019092200100323,2019년 9월 22일 17시,일요일,서울특별시 중랑구 면목동,중상사고,0,1,0,0,차대사람 - 횡단중,보행자보호의무위반,건조,흐림,교차로 - 교차로횡단보도내,화물,남,71세,상해없음,보행자,남,76세,중상
2019092300100199,2019년 9월 23일 10시,월요일,서울특별시 영등포구 신길동,경상사고,0,0,1,0,차대사람 - 횡단중,신호위반,건조,맑음,단일로 - 기타,기타불명,기타불명,미분류,기타불명,보행자,남,75세,경상
2019092300100204,2019년 9월 23일 10시,월요일,서울특별시 노원구 상계동,중상사고,0,1,0,0,차대사람 - 기타,안전운전불이행,건조,맑음,단일로 - 기타,승용,남,69세,상해없음,보행자,여,68세,중상
2019092300100232,2019년 9월 23일 11시,월요일,서울특별시 중구 충무로3가,중상사고,0,1,0,0,차대사람 - 차도통행중,안전운전불이행,건조,맑음,단일로 - 기타,건설기계,남,62세,상해없음,보행자,남,76세,중상
2019092300100235,2019년 9월 23일 11시,월요일,서울특별시 서초구 서초동,사망사고,1,0,0,0,차대사람 - 차도통행중,안전운전불이행,건조,맑음,단일로 - 기타,건설기계,남,48세,상해없음,보행자,남,74세,사망
2019092300100331,2019년 9월 23일 14시,월요일,서울특별시 서초구 잠원동,사망사고,1,0,0,0,차대사람 - 보도통행중,보행자보호의무위반,건조,맑음,교차로 - 교차로횡단보도내,건설기계,남,54세,상해없음,보행자,여,75세,사망
2019092400100324,2019년 9월 24일 13시,화요일,서울특별시 성북구 돈암동,경상사고,0,0,1,0,차대사람 - 횡단중,신호위반,건조,맑음,단일로 - 기타,화물,남,47세,상해없음,보행자,여,82세,경상
2019092400100401,2019년 9월 24일 15시,화요일,서울특별시 용산구 한남동,경상사고,0,0,1,0,차대사람 - 횡단중,안전운전불이행,건조,맑음,교차로 - 교차로부근,승용,남,47세,상해없음,보행자,남,80세,경상
2019092400100504,2019년 9월 24일 17시,화요일,서울특별시 강서구 공항동,경상사고,0,0,1,0,차대사람 - 기타,안전운전불이행,건조,맑음,단일로 - 기타,승용,남,49세,상해없음,보행자,여,72세,경상
2019092400100505,2019년 9월 24일 17시,화요일,서울특별시 성북구 하월곡동,중상사고,0,1,0,0,차대사람 - 횡단중,기타,건조,맑음,기타 - 기타,승용,남,23세,기타불명,보행자,여,74세,중상
2019092400100617,2019년 9월 24일 19시,화요일,서울특별시 양천구 목동,부상신고사고,0,0,0,1,차대사람 - 기타,안전운전불이행,건조,맑음,단일로 - 기타,승용,여,57세,상해없음,보행자,여,72세,부상신고
2019092500100285,2019년 9월 25일 12시,수요일,서울특별시 동작구 신대방동,경상사고,0,0,1,0,차대사람 - 차도통행중,안전운전불이행,건조,맑음,단일로 - 기타,승용,여,58세,상해없음,보행자,여,76세,경상
2019092500100373,2019년 9월 25일 15시,수요일,서울특별시 동대문구 용두동,부상신고사고,0,0,0,1,차대사람 - 차도통행중,안전운전불이행,건조,맑음,교차로 - 교차로안,승용,남,37세,상해없음,보행자,남,65세,부상신고
2019092500100374,2019년 9월 25일 15시,수요일,서울특별시 영등포구 영등포동3가,중상사고,0,1,0,0,차대사람 - 횡단중,신호위반,건조,맑음,단일로 - 기타,이륜,남,31세,상해없음,보행자,여,81세,중상
2019092500100378,2019년 9월 25일 15시,수요일,서울특별시 송파구 신천동,경상사고,0,0,1,0,차대사람 - 보도통행중,안전운전불이행,건조,맑음,교차로 - 교차로안,자전거,기타불명,미분류,기타불명,보행자,여,71세,경상
2019092500100415,2019년 9월 25일 16시,수요일,서울특별시 영등포구 당산동1가,경상사고,0,0,1,0,차대사람 - 횡단중,신호위반,건조,맑음,단일로 - 기타,자전거,남,15세,기타불명,보행자,여,65세,경상
2019092500100461,2019년 9월 25일 17시,수요일,서울특별시 동대문구 제기동,경상사고,0,0,2,0,차대차 - 측면충돌,안전거리미확보,건조,맑음,교차로 - 교차로부근,승용,남,81세,상해없음,자전거,남,70세,경상
2019092500100508,2019년 9월 25일 18시,수요일,서울특별시 강서구 화곡동,중상사고,0,1,0,0,차대사람 - 기타,안전운전불이행,건조,맑음,단일로 - 기타,승용,남,35세,상해없음,보행자,여,75세,중상
2019092600100176,2019년 9월 26일 10시,목요일,서울특별시 마포구 신수동,경상사고,0,0,1,0,차대차 - 기타,안전운전불이행,건조,맑음,교차로 - 교차로부근,승용,남,55세,상해없음,승용,남,53세,상해없음
2019092600100177,2019년 9월 26일 10시,목요일,서울특별시 중랑구 면목동,경상사고,0,0,1,0,차대사람 - 차도통행중,안전운전불이행,건조,맑음,단일로 - 기타,화물,남,57세,상해없음,보행자,남,70세,경상
2019092600100287,2019년 9월 26일 13시,목요일,서울특별시 강남구 대치동,중상사고,0,1,0,0,차대사람 - 보도통행중,안전운전불이행,건조,맑음,단일로 - 기타,화물,남,45세,상해없음,보행자,여,77세,중상
2019092600100342,2019년 9월 26일 15시,목요일,서울특별시 동작구 상도동,중상사고,0,1,0,0,차대사람 - 기타,안전운전불이행,건조,맑음,단일로 - 기타,승용,여,68세,상해없음,보행자,여,88세,중상
2019092600100347,2019년 9월 26일 15시,목요일,서울특별시 은평구 역촌동,경상사고,0,0,1,0,차대사람 - 차도통행중,안전운전불이행,건조,맑음,교차로 - 교차로안,승용,남,81세,상해없음,보행자,여,87세,경상
2019092600100374,2019년 9월 26일 16시,목요일,서울특별시 서대문구 홍은동,중상사고,0,1,0,0,차대사람 - 보도통행중,기타,건조,맑음,단일로 - 기타,승용,남,46세,상해없음,보행자,여,77세,중상
2019092600100375,2019년 9월 26일 16시,목요일,서울특별시 영등포구 영등포동4가,경상사고,0,0,1,0,차대사람 - 길가장자리구역통행중,안전운전불이행,건조,맑음,교차로 - 교차로안,승용,남,62세,상해없음,보행자,남,83세,경상
2019092600100376,2019년 9월 26일 16시,목요일,서울특별시 영등포구 영등포동4가,경상사고,0,0,1,0,차대사람 - 횡단중,안전운전불이행,건조,맑음,단일로 - 기타,승용,남,62세,상해없음,보행자,남,83세,경상
2019092600100379,2019년 9월 26일 16시,목요일,서울특별시 강동구 성내동,경상사고,0,0,1,0,차대사람 - 횡단중,보행자보호의무위반,건조,맑음,교차로 - 교차로안,승용,남,44세,상해없음,보행자,남,65세,경상
2019092600100654,2019년 9월 26일 23시,목요일,서울특별시 중랑구 면목동,중상사고,0,1,0,0,차대사람 - 횡단중,안전운전불이행,건조,맑음,단일로 - 기타,이륜,남,27세,상해없음,보행자,남,70세,중상
2019092700100267,2019년 9월 27일 11시,금요일,서울특별시 송파구 삼전동,중상사고,0,1,0,0,차대사람 - 길가장자리구역통행중,안전운전불이행,건조,맑음,교차로 - 교차로부근,화물,남,64세,상해없음,보행자,여,70세,중상
2019092700100297,2019년 9월 27일 12시,금요일,서울특별시 성동구 하왕십리동,중상사고,0,1,0,0,차대사람 - 횡단중,안전운전불이행,건조,맑음,단일로 - 기타,승합,남,55세,상해없음,보행자,여,81세,중상
2019092700100298,2019년 9월 27일 12시,금요일,서울특별시 양천구 목동,경상사고,0,0,1,0,차대사람 - 기타,안전운전불이행,건조,맑음,기타 - 기타,승용,남,31세,상해없음,보행자,여,68세,경상
2019092700100339,2019년 9월 27일 13시,금요일,서울특별시 양천구 신월동,중상사고,0,1,0,0,차대사람 - 차도통행중,안전운전불이행,건조,맑음,단일로 - 기타,자전거,남,20세,상해없음,보행자,여,68세,중상
2019092700100450,2019년 9월 27일 16시,금요일,서울특별시 구로구 구로동,중상사고,0,1,0,0,차대사람 - 차도통행중,안전운전불이행,건조,맑음,교차로 - 교차로안,화물,남,55세,상해없음,보행자,여,75세,중상
2019092700100651,2019년 9월 27일 20시,금요일,서울특별시 성북구 정릉동,중상사고,0,1,0,0,차대사람 - 횡단중,안전운전불이행,건조,맑음,교차로 - 교차로안,승용,남,28세,상해없음,보행자,여,75세,중상
2019092700100655,2019년 9월 27일 20시,금요일,서울특별시 강동구 명일동,경상사고,0,0,1,0,차대사람 - 횡단중,보행자보호의무위반,건조,맑음,교차로 - 교차로횡단보도내,승용,남,42세,상해없음,보행자,남,71세,경상
2019092800100110,2019년 9월 28일 04시,토요일,서울특별시 도봉구 방학동,중상사고,0,1,0,0,차대사람 - 횡단중,안전운전불이행,기타,맑음,단일로 - 기타,승용,남,42세,상해없음,보행자,여,65세,중상
2019092800100137,2019년 9월 28일 07시,토요일,서울특별시 중랑구 망우동,중상사고,0,1,0,0,차대사람 - 보도통행중,기타,건조,맑음,교차로 - 교차로부근,승용,남,53세,상해없음,보행자,남,69세,중상
2019092800100138,2019년 9월 28일 07시,토요일,서울특별시 송파구 가락동,부상신고사고,0,0,0,1,차대사람 - 횡단중,신호위반,건조,맑음,단일로 - 기타,승용,남,33세,상해없음,보행자,여,78세,부상신고
2019092800100187,2019년 9월 28일 09시,토요일,서울특별시 송파구 잠실동,경상사고,0,0,1,0,차대사람 - 기타,안전운전불이행,건조,맑음,단일로 - 기타,승용,여,46세,상해없음,보행자,남,67세,경상
2019092800100298,2019년 9월 28일 12시,토요일,서울특별시 마포구 염리동,중상사고,0,1,0,0,차대사람 - 보도통행중,안전운전불이행,건조,맑음,단일로 - 기타,화물,남,25세,상해없음,보행자,남,89세,중상
2019092800100390,2019년 9월 28일 14시,토요일,서울특별시 관악구 신림동,중상사고,0,1,0,0,차대사람 - 횡단중,안전운전불이행,건조,맑음,단일로 - 기타,이륜,남,70세,상해없음,보행자,여,66세,중상
2019092800100532,2019년 9월 28일 17시,토요일,서울특별시 서초구 서초동,중상사고,0,1,0,0,차대사람 - 기타,안전운전불이행,건조,맑음,단일로 - 기타,승용,여,39세,상해없음,보행자,남,89세,중상
2019092800100604,2019년 9월 28일 19시,토요일,서울특별시 서대문구 홍은동,중상사고,0,1,0,0,차대사람 - 기타,안전운전불이행,건조,맑음,단일로 - 기타,승합,남,55세,상해없음,보행자,여,65세,중상
2019092900100021,2019년 9월 29일 00시,일요일,서울특별시 서초구 방배동,중상사고,0,1,0,0,차대사람 - 기타,기타,건조,맑음,단일로 - 지하차도(도로)내,승합,남,56세,상해없음,보행자,여,73세,중상
2019092900100062,2019년 9월 29일 03시,일요일,서울특별시 도봉구 도봉동,부상신고사고,0,0,0,1,차대사람 - 횡단중,안전운전불이행,건조,맑음,교차로 - 교차로횡단보도내,승용,남,69세,상해없음,보행자,남,65세,부상신고
2019092900100451,2019년 9월 29일 19시,일요일,서울특별시 중랑구 면목동,경상사고,0,0,1,0,차대사람 - 기타,안전운전불이행,건조,맑음,교차로 - 교차로횡단보도내,화물,남,43세,상해없음,보행자,남,67세,경상
2019093000100046,2019년 9월 30일 03시,월요일,서울특별시 강남구 삼성동,중상사고,0,1,0,0,차대사람 - 기타,안전운전불이행,건조,맑음,교차로 - 교차로안,승용,남,49세,상해없음,보행자,남,65세,중상
2019093000100070,2019년 9월 30일 06시,월요일,서울특별시 마포구 신수동,중상사고,0,1,0,0,차대사람 - 기타,안전운전불이행,건조,맑음,단일로 - 기타,원동기,남,58세,상해없음,보행자,남,82세,중상
2019093000100204,2019년 9월 30일 10시,월요일,서울특별시 성동구 성수동2가,중상사고,0,1,0,0,차대사람 - 횡단중,보행자보호의무위반,건조,맑음,교차로 - 교차로횡단보도내,화물,남,56세,상해없음,보행자,여,81세,중상
2019093000100207,2019년 9월 30일 10시,월요일,서울특별시 은평구 대조동,중상사고,0,1,0,0,차대사람 - 횡단중,안전운전불이행,건조,맑음,교차로 - 교차로부근,승용,남,29세,상해없음,보행자,여,76세,중상
2019093000100236,2019년 9월 30일 11시,월요일,서울특별시 중랑구 중화동,경상사고,0,0,1,0,차대사람 - 횡단중,안전운전불이행,건조,맑음,교차로 - 교차로부근,승합,남,50세,상해없음,보행자,남,81세,경상
2019093000100270,2019년 9월 30일 12시,월요일,서울특별시 성북구 정릉동,경상사고,0,0,1,0,차대사람 - 횡단중,신호위반,건조,맑음,단일로 - 기타,승용,여,61세,상해없음,보행자,여,67세,경상
2019093000100271,2019년 9월 30일 12시,월요일,서울특별시 동대문구 용두동,경상사고,0,0,1,0,차대사람 - 횡단중,안전운전불이행,건조,맑음,단일로 - 기타,이륜,남,67세,상해없음,보행자,여,77세,경상
2019093000100273,2019년 9월 30일 12시,월요일,서울특별시 중랑구 면목동,경상사고,0,0,1,0,차대사람 - 차도통행중,안전운전불이행,건조,맑음,단일로 - 기타,승용,여,31세,상해없음,보행자,남,71세,경상
2019093000100537,2019년 9월 30일 18시,월요일,서울특별시 노원구 상계동,경상사고,0,0,1,0,차대사람 - 기타,안전운전불이행,건조,맑음,단일로 - 기타,승용,남,66세,상해없음,보행자,여,77세,경상
2019093000100695,2019년 9월 30일 22시,월요일,서울특별시 금천구 독산동,사망사고,1,0,0,0,차대사람 - 횡단중,신호위반,건조,맑음,단일로 - 기타,승용,남,41세,상해없음,보행자,남,68세,사망
2019093000100719,2019년 9월 30일 23시,월요일,서울특별시 양천구 신월동,경상사고,0,0,1,0,차대사람 - 기타,안전운전불이행,건조,맑음,교차로 - 교차로부근,화물,남,56세,상해없음,보행자,남,67세,경상
2019100100100204,2019년 10월 1일 10시,화요일,서울특별시 금천구 독산동,사망사고,1,0,0,0,차대사람 - 횡단중,보행자보호의무위반,건조,맑음,교차로 - 교차로안,화물,남,43세,상해없음,보행자,여,81세,사망
2019100100100246,2019년 10월 1일 11시,화요일,서울특별시 송파구 가락동,경상사고,0,0,1,0,차대사람 - 기타,안전운전불이행,건조,맑음,단일로 - 기타,승용,여,51세,상해없음,보행자,남,67세,경상
2019100100100298,2019년 10월 1일 13시,화요일,서울특별시 영등포구 영등포동7가,경상사고,0,0,1,0,차대사람 - 기타,보행자보호의무위반,건조,맑음,교차로 - 교차로횡단보도내,화물,남,26세,상해없음,보행자,여,71세,경상
2019100100100340,2019년 10월 1일 14시,화요일,서울특별시 동작구 본동,중상사고,0,1,0,0,차대사람 - 횡단중,안전운전불이행,건조,맑음,단일로 - 기타,승용,남,28세,상해없음,보행자,여,73세,중상
2019100100100344,2019년 10월 1일 14시,화요일,서울특별시 은평구 역촌동,중상사고,0,1,0,0,차대사람 - 보도통행중,보행자보호의무위반,건조,맑음,교차로 - 교차로횡단보도내,화물,남,37세,상해없음,보행자,여,81세,중상
2019100100100373,2019년 10월 1일 15시,화요일,서울특별시 은평구 불광동,중상사고,0,1,0,0,차대사람 - 기타,안전운전불이행,건조,맑음,교차로 - 교차로부근,화물,남,61세,상해없음,보행자,여,71세,중상
2019100100100437,2019년 10월 1일 17시,화요일,서울특별시 성북구 안암동5가,경상사고,0,0,1,0,차대사람 - 기타,기타,건조,맑음,단일로 - 기타,승합,남,70세,상해없음,보행자,여,67세,경상
2019100100100439,2019년 10월 1일 17시,화요일,서울특별시 동작구 상도동,경상사고,0,0,1,0,차대사람 - 기타,안전운전불이행,건조,맑음,단일로 - 기타,승용,남,28세,상해없음,보행자,남,66세,경상
2019100100100614,2019년 10월 1일 20시,화요일,서울특별시 중랑구 중화동,경상사고,0,0,1,0,차대사람 - 보도통행중,기타,건조,맑음,기타 - 기타,승합,남,51세,상해없음,보행자,여,70세,경상
2019100200100125,2019년 10월 2일 08시,수요일,서울특별시 성북구 하월곡동,중상사고,0,1,0,0,차대사람 - 기타,안전운전불이행,건조,맑음,단일로 - 기타,승용,남,45세,기타불명,보행자,여,85세,중상
2019100200100126,2019년 10월 2일 08시,수요일,서울특별시 노원구 상계동,중상사고,0,1,0,0,차대사람 - 횡단중,안전운전불이행,건조,맑음,기타 - 기타,승용,여,36세,기타불명,보행자,남,86세,중상
2019100200100399,2019년 10월 2일 15시,수요일,서울특별시 은평구 응암동,경상사고,0,0,1,0,차대사람 - 길가장자리구역통행중,안전운전불이행,젖음/습기,맑음,교차로 - 교차로안,승용,남,61세,상해없음,보행자,여,74세,경상
2019100200100639,2019년 10월 2일 19시,수요일,서울특별시 도봉구 도봉동,중상사고,0,1,0,0,차대사람 - 횡단중,안전운전불이행,젖음/습기,비,교차로 - 교차로안,승용,남,40세,상해없음,보행자,여,67세,중상
2019100200100640,2019년 10월 2일 19시,수요일,서울특별시 강남구 도곡동,중상사고,0,1,0,0,차대사람 - 횡단중,보행자보호의무위반,건조,맑음,단일로 - 기타,승용,여,45세,상해없음,보행자,남,69세,중상
2019100200100726,2019년 10월 2일 20시,수요일,서울특별시 동작구 상도동,부상신고사고,0,0,0,1,차대사람 - 횡단중,보행자보호의무위반,건조,맑음,단일로 - 기타,승합,남,66세,상해없음,보행자,남,71세,부상신고
2019100200100728,2019년 10월 2일 20시,수요일,서울특별시 강남구 논현동,중상사고,0,1,0,0,차대사람 - 기타,안전운전불이행,젖음/습기,비,단일로 - 기타,승용,남,28세,상해없음,보행자,남,66세,중상
2019100200100899,2019년 10월 2일 23시,수요일,서울특별시 서초구 방배동,중상사고,0,1,2,0,차대사람 - 횡단중,안전운전불이행,젖음/습기,비,단일로 - 기타,승용,남,61세,상해없음,보행자,남,71세,중상
2019100300100027,2019년 10월 3일 00시,목요일,서울특별시 강남구 역삼동,사망사고,1,0,0,0,차대사람 - 기타,안전운전불이행,젖음/습기,비,단일로 - 기타,승용,남,70세,상해없음,보행자,남,68세,사망
2019100300100274,2019년 10월 3일 12시,목요일,서울특별시 중랑구 면목동,중상사고,0,1,0,0,차대사람 - 횡단중,안전운전불이행,건조,맑음,교차로 - 교차로안,이륜,여,63세,상해없음,보행자,여,75세,중상
2019100300100434,2019년 10월 3일 17시,목요일,서울특별시 강북구 수유동,중상사고,0,1,0,0,차대사람 - 기타,안전운전불이행,건조,맑음,단일로 - 기타,화물,남,42세,상해없음,보행자,여,86세,중상
2019100400100130,2019년 10월 4일 08시,금요일,서울특별시 중랑구 상봉동,중상사고,0,1,0,0,차대사람 - 길가장자리구역통행중,기타,건조,맑음,교차로 - 교차로부근,기타불명,기타불명,미분류,기타불명,보행자,여,78세,중상
2019100400100234,2019년 10월 4일 11시,금요일,서울특별시 노원구 중계동,중상사고,0,1,0,0,차대사람 - 횡단중,보행자보호의무위반,건조,맑음,교차로 - 교차로안,승용,여,64세,상해없음,보행자,여,88세,중상
2019100400100274,2019년 10월 4일 12시,금요일,서울특별시 영등포구 신길동,경상사고,0,0,1,0,차대사람 - 기타,보행자보호의무위반,건조,맑음,단일로 - 기타,승용,남,51세,상해없음,보행자,남,71세,경상
2019100400100326,2019년 10월 4일 13시,금요일,서울특별시 강남구 삼성동,경상사고,0,0,1,0,차대사람 - 기타,안전운전불이행,건조,맑음,단일로 - 기타,승용,남,41세,상해없음,보행자,남,76세,경상
2019100400100422,2019년 10월 4일 15시,금요일,서울특별시 성북구 정릉동,중상사고,0,1,0,0,차대사람 - 횡단중,안전운전불이행,건조,맑음,단일로 - 기타,승용,여,64세,상해없음,보행자,여,69세,중상
2019100400100468,2019년 10월 4일 16시,금요일,서울특별시 양천구 신정동,중상사고,0,1,0,0,차대사람 - 보도통행중,신호위반,건조,맑음,교차로 - 교차로안,승용,여,66세,상해없음,보행자,여,77세,중상
2019100500100402,2019년 10월 5일 17시,토요일,서울특별시 송파구 송파동,경상사고,0,0,1,0,차대사람 - 기타,기타,건조,맑음,기타 - 기타,화물,남,59세,기타불명,보행자,여,79세,경상