사고번호,사고일시,요일,시군구,사고내용,사망자수,중상자수,경상자수,부상신고자수,사고유형,법규위반,노면상태,기상상태,도로형태,가해운전자 차종,가해운전자 성별,가해운전자 연령,가해운전자 상해정도,피해운전자 차종,피해운전자 성별,피해운전자 연령,피해운전자 상해정도
2019102100100419,2019년 10월 21일 15시,월요일,서울특별시 강동구 암사동,중상사고,0,1,0,0,차대사람 - 횡단중,안전운전불이행,건조,맑음,단일로 - 기타,승용,여,50세,상해없음,보행자,남,77세,중상
2019102200100246,2019년 10월 22일 11시,화요일,서울특별시 강서구 화곡동,경상사고,0,0,1,0,차대사람 - 기타,안전운전불이행,건조,맑음,단일로 - 기타,기타불명,기타불명,미분류,기타불명,보행자,여,75세,경상
2019102200100248,2019년 10월 22일 11시,화요일,서울특별시 강남구 역삼동,중상사고,0,1,0,0,차대사람 - 기타,안전운전불이행,건조,맑음,단일로 - 기타,승용,남,52세,상해없음,보행자,남,68세,중상
2019102200100354,2019년 10월 22일 14시,화요일,서울특별시 송파구 문정동,경상사고,0,0,1,0,차대사람 - 횡단중,안전운전불이행,건조,맑음,교차로 - 교차로횡단보도내,승용,남,28세,상해없음,보행자,남,87세,경상
2019102200100390,2019년 10월 22일 15시,화요일,서울특별시 마포구 동교동,중상사고,0,1,0,0,차대사람 - 차도통행중,안전운전불이행,건조,맑음,교차로 - 교차로안,승용,여,52세,상해없음,보행자,여,70세,중상
2019102200100421,2019년 10월 22일 16시,화요일,서울특별시 중구 남창동,경상사고,0,0,1,0,차대사람 - 기타,안전운전불이행,건조,맑음,단일로 - 기타,승용,남,39세,상해없음,보행자,여,71세,경상
2019102200100422,2019년 10월 22일 16시,화요일,서울특별시 종로구 창신동,중상사고,0,1,0,0,차대사람 - 기타,안전운전불이행,건조,맑음,단일로 - 기타,승용,남,40세,상해없음,보행자,여,80세,중상
2019102200100516,2019년 10월 22일 18시,화요일,서울특별시 중랑구 면목동,중상사고,0,1,0,0,차대사람 - 횡단중,안전운전불이행,건조,흐림,단일로 - 지하차도(도로)내,승용,남,26세,상해없음,보행자,여,83세,중상
2019102300100059,2019년 10월 23일 02시,수요일,서울특별시 강서구 화곡동,사망사고,1,0,0,0,차대사람 - 횡단중,과속,건조,맑음,단일로 - 기타,승용,남,62세,상해없음,보행자,남,65세,사망
2019102300100123,2019년 10월 23일 08시,수요일,서울특별시 광진구 화양동,경상사고,0,0,1,0,차대사람 - 기타,안전운전불이행,건조,맑음,단일로 - 기타,자전거,남,26세,기타불명,보행자,남,67세,경상
2019102300100125,2019년 10월 23일 08시,수요일,서울특별시 강서구 화곡동,중상사고,0,1,0,0,차대사람 - 기타,안전운전불이행,건조,맑음,단일로 - 기타,승합,남,59세,상해없음,보행자,여,67세,중상
2019102300100224,2019년 10월 23일 11시,수요일,서울특별시 관악구 봉천동,중상사고,0,1,1,0,차대차 - 측면충돌,안전운전불이행,건조,맑음,교차로 - 교차로안,이륜,남,18세,상해없음,승용,여,48세,상해없음
2019102300100313,2019년 10월 23일 14시,수요일,서울특별시 강동구 성내동,중상사고,0,1,0,0,차대사람 - 차도통행중,안전운전불이행,건조,맑음,교차로 - 교차로안,자전거,남,69세,상해없음,보행자,여,71세,중상
2019102300100384,2019년 10월 23일 16시,수요일,서울특별시 강동구 명일동,중상사고,0,1,0,0,차대사람 - 횡단중,안전운전불이행,건조,맑음,단일로 - 기타,승용,남,56세,상해없음,보행자,여,85세,중상
2019102300100429,2019년 10월 23일 17시,수요일,서울특별시 은평구 증산동,중상사고,0,1,0,0,차대사람 - 횡단중,보행자보호의무위반,건조,맑음,교차로 - 교차로안,승용,남,67세,상해없음,보행자,남,83세,중상
2019102300100469,2019년 10월 23일 18시,수요일,서울특별시 동작구 신대방동,경상사고,0,0,1,0,차대사람 - 차도통행중,안전운전불이행,건조,맑음,단일로 - 기타,승용,남,42세,상해없음,보행자,여,74세,경상
2019102300100588,2019년 10월 23일 20시,수요일,서울특별시 성동구 성수동1가,사망사고,1,0,0,0,차대사람 - 횡단중,안전운전불이행,건조,맑음,단일로 - 기타,승용,남,54세,상해없음,보행자,남,72세,사망
2019102400100169,2019년 10월 24일 09시,목요일,서울특별시 영등포구 대림동,중상사고,0,1,0,0,차대사람 - 기타,안전운전불이행,건조,맑음,단일로 - 기타,승용,남,48세,상해없음,보행자,여,79세,중상
2019102400100171,2019년 10월 24일 09시,목요일,서울특별시 관악구 신림동,중상사고,0,1,0,0,차대사람 - 기타,안전운전불이행,건조,맑음,주차장 - 주차장,승용,남,50세,상해없음,보행자,여,88세,중상
2019102400100172,2019년 10월 24일 09시,목요일,서울특별시 양천구 신월동,중상사고,0,1,0,0,차대사람 - 기타,안전운전불이행,건조,맑음,교차로 - 교차로안,승용,남,59세,상해없음,보행자,남,86세,중상
2019102400100205,2019년 10월 24일 10시,목요일,서울특별시 성북구 길음동,중상사고,0,1,0,0,차대사람 - 횡단중,보행자보호의무위반,건조,맑음,단일로 - 기타,승용,여,41세,상해없음,보행자,여,77세,중상
2019102400100209,2019년 10월 24일 10시,목요일,서울특별시 관악구 봉천동,중상사고,0,1,0,0,차대사람 - 보도통행중,기타,건조,맑음,기타 - 기타,화물,남,48세,상해없음,보행자,여,75세,중상
2019102400100270,2019년 10월 24일 12시,목요일,서울특별시 도봉구 창동,중상사고,0,1,0,0,차대사람 - 횡단중,보행자보호의무위반,건조,맑음,교차로 - 교차로횡단보도내,화물,남,53세,상해없음,보행자,남,71세,중상
2019102400100309,2019년 10월 24일 13시,목요일,서울특별시 종로구 창신동,부상신고사고,0,0,0,1,차대사람 - 횡단중,보행자보호의무위반,건조,맑음,교차로 - 교차로안,승용,남,36세,상해없음,보행자,남,77세,부상신고
2019102400100353,2019년 10월 24일 14시,목요일,서울특별시 은평구 갈현동,경상사고,0,0,1,0,차대사람 - 보도통행중,보행자보호의무위반,건조,맑음,교차로 - 교차로부근,이륜,남,48세,상해없음,보행자,남,70세,경상
2019102400100474,2019년 10월 24일 17시,목요일,서울특별시 송파구 방이동,경상사고,0,0,1,0,차대사람 - 기타,안전운전불이행,건조,맑음,교차로 - 교차로안,승용,남,72세,상해없음,보행자,여,85세,경상
2019102400100695,2019년 10월 24일 21시,목요일,서울특별시 중구 신당동,중상사고,0,1,0,0,차대사람 - 횡단중,안전운전불이행,건조,맑음,단일로 - 기타,승용,남,67세,상해없음,보행자,남,75세,중상
2019102400100722,2019년 10월 24일 22시,목요일,서울특별시 강북구 미아동,중상사고,0,1,0,0,차대사람 - 차도통행중,안전운전불이행,건조,맑음,교차로 - 교차로부근,승합,남,60세,상해없음,보행자,남,66세,중상
2019102500100066,2019년 10월 25일 03시,금요일,서울특별시 중랑구 면목동,중상사고,0,1,0,0,차대사람 - 횡단중,안전운전불이행,건조,맑음,교차로 - 교차로안,승합,남,40세,상해없음,보행자,여,67세,중상
2019102500100137,2019년 10월 25일 08시,금요일,서울특별시 서대문구 충정로2가,중상사고,0,1,0,0,차대사람 - 기타,신호위반,건조,맑음,단일로 - 기타,승합,남,67세,상해없음,보행자,여,66세,중상
2019102500100175,2019년 10월 25일 09시,금요일,서울특별시 영등포구 영등포동6가,경상사고,0,0,1,0,차대사람 - 횡단중,안전운전불이행,건조,맑음,단일로 - 기타,건설기계,남,57세,상해없음,보행자,남,82세,경상
2019102500100243,2019년 10월 25일 11시,금요일,서울특별시 서대문구 연희동,중상사고,0,1,0,0,차대사람 - 횡단중,안전운전불이행,건조,맑음,교차로 - 교차로안,승용,여,62세,상해없음,보행자,여,84세,중상
2019102500100248,2019년 10월 25일 11시,금요일,서울특별시 관악구 봉천동,중상사고,0,1,0,0,차대사람 - 보도통행중,보행자보호의무위반,건조,맑음,교차로 - 교차로부근,승용,여,45세,상해없음,보행자,여,69세,중상
2019102500100310,2019년 10월 25일 13시,금요일,서울특별시 종로구 낙원동,중상사고,0,1,0,0,차대사람 - 기타,안전운전불이행,건조,맑음,단일로 - 기타,승용,남,75세,상해없음,보행자,여,73세,중상
2019102500100456,2019년 10월 25일 16시,금요일,서울특별시 성북구 하월곡동,중상사고,0,1,0,0,차대사람 - 길가장자리구역통행중,안전운전불이행,건조,맑음,단일로 - 기타,화물,남,65세,상해없음,보행자,여,81세,중상
2019102600100121,2019년 10월 26일 07시,토요일,서울특별시 서대문구 홍제동,사망사고,1,0,0,0,차대사람 - 차도통행중,안전운전불이행,건조,맑음,단일로 - 기타,승합,남,63세,상해없음,보행자,남,79세,사망
2019102600100237,2019년 10월 26일 11시,토요일,서울특별시 은평구 대조동,경상사고,0,0,1,0,차대사람 - 기타,안전운전불이행,건조,맑음,단일로 - 기타,승용,남,54세,상해없음,보행자,남,78세,경상
2019102600100317,2019년 10월 26일 13시,토요일,서울특별시 강동구 상일동,중상사고,0,1,0,0,차대사람 - 횡단중,안전운전불이행,건조,맑음,단일로 - 기타,승용,여,52세,상해없음,보행자,여,76세,중상
2019102600100318,2019년 10월 26일 13시,토요일,서울특별시 송파구 석촌동,중상사고,0,1,0,0,차대사람 - 기타,보행자보호의무위반,건조,맑음,교차로 - 교차로안,승합,여,61세,상해없음,보행자,여,75세,중상
2019102600100403,2019년 10월 26일 15시,토요일,서울특별시 강동구 천호동,중상사고,0,1,0,0,차대사람 - 기타,안전운전불이행,건조,맑음,단일로 - 기타,승용,남,34세,상해없음,보행자,여,81세,중상
2019102600100522,2019년 10월 26일 18시,토요일,서울특별시 중랑구 중화동,경상사고,0,0,1,0,차대사람 - 보도통행중,기타,건조,맑음,교차로 - 교차로부근,자전거,남,64세,상해없음,보행자,여,80세,경상
2019102700100084,2019년 10월 27일 03시,일요일,서울특별시 강동구 둔촌동,경상사고,0,0,1,0,차대사람 - 횡단중,안전운전불이행,건조,맑음,단일로 - 기타,승용,남,63세,상해없음,보행자,남,72세,경상
2019102700100111,2019년 10월 27일 05시,일요일,서울특별시 양천구 신정동,경상사고,0,0,1,0,차대사람 - 보도통행중,신호위반,건조,맑음,교차로 - 교차로횡단보도내,승용,남,68세,상해없음,보행자,남,89세,경상
2019102700100129,2019년 10월 27일 07시,일요일,서울특별시 마포구 서교동,경상사고,0,0,1,0,차대사람 - 보도통행중,안전운전불이행,건조,맑음,단일로 - 기타,승용,남,29세,상해없음,보행자,여,75세,경상
2019102700100183,2019년 10월 27일 10시,일요일,서울특별시 용산구 이태원동,중상사고,0,1,0,0,차대사람 - 횡단중,안전운전불이행,건조,맑음,단일로 - 기타,승용,남,32세,상해없음,보행자,여,80세,중상
2019102700100401,2019년 10월 27일 16시,일요일,서울특별시 동대문구 제기동,경상사고,0,0,1,0,차대사람 - 기타,안전운전불이행,건조,맑음,기타 - 기타,자전거,남,47세,상해없음,보행자,남,87세,경상
2019102700100467,2019년 10월 27일 18시,일요일,서울특별시 강서구 방화동,중상사고,0,1,0,0,차대사람 - 횡단중,안전운전불이행,건조,맑음,단일로 - 기타,승용,남,68세,상해없음,보행자,여,77세,중상
2019102700100518,2019년 10월 27일 19시,일요일,서울특별시 금천구 독산동,경상사고,0,0,1,0,차대사람 - 기타,안전운전불이행,건조,맑음,단일로 - 기타,승용,여,35세,상해없음,보행자,남,67세,경상
2019102800100055,2019년 10월 28일 05시,월요일,서울특별시 강서구 공항동,사망사고,1,0,0,0,차대사람 - 차도통행중,안전운전불이행,건조,맑음,교차로 - 교차로부근,승용,남,61세,상해없음,보행자,여,82세,사망
2019102800100284,2019년 10월 28일 12시,월요일,서울특별시 강서구 화곡동,경상사고,0,0,1,0,차대사람 - 횡단중,보행자보호의무위반,건조,맑음,교차로 - 교차로횡단보도내,승용,여,36세,상해없음,보행자,여,79세,경상
2019102800100319,2019년 10월 28일 13시,월요일,서울특별시 중구 다동,경상사고,0,0,1,0,차대사람 - 기타,안전운전불이행,건조,맑음,단일로 - 기타,승용,남,43세,상해없음,보행자,남,65세,경상
2019102800100526,2019년 10월 28일 18시,월요일,서울특별시 성북구 석관동,경상사고,0,0,1,0,차대사람 - 길가장자리구역통행중,보행자보호의무위반,건조,맑음,단일로 - 기타,승용,남,52세,상해없음,보행자,남,67세,경상
2019102900100190,2019년 10월 29일 09시,화요일,서울특별시 영등포구 신길동,중상사고,0,1,0,0,차대사람 - 기타,보행자보호의무위반,건조,맑음,단일로 - 기타,승용,남,54세,상해없음,보행자,남,81세,중상
2019102900100253,2019년 10월 29일 11시,화요일,서울특별시 성북구 삼선동1가,중상사고,0,1,0,0,차대사람 - 횡단중,안전운전불이행,건조,맑음,단일로 - 기타,자전거,남,24세,상해없음,보행자,여,81세,중상
2019102900100254,2019년 10월 29일 11시,화요일,서울특별시 강북구 미아동,중상사고,0,1,0,0,차대사람 - 횡단중,신호위반,건조,맑음,교차로 - 교차로안,승용,여,50세,상해없음,보행자,여,72세,중상
2019102900100286,2019년 10월 29일 12시,화요일,서울특별시 강동구 명일동,경상사고,0,0,1,0,차대사람 - 횡단중,안전운전불이행,건조,흐림,단일로 - 기타,승용,여,42세,상해없음,보행자,남,76세,경상
2019102900100443,2019년 10월 29일 16시,화요일,서울특별시 중구 을지로1가,경상사고,0,0,1,0,차대사람 - 길가장자리구역통행중,안전운전불이행,건조,맑음,단일로 - 지하차도(도로)내,이륜,남,62세,상해없음,보행자,여,70세,경상
2019103000100038,2019년 10월 30일 00시,수요일,서울특별시 도봉구 창동,중상사고,0,1,2,0,차대차 - 추돌,안전운전불이행,건조,맑음,단일로 - 기타,승용,남,62세,중상,이륜,남,34세,경상
2019103000100190,2019년 10월 30일 09시,수요일,서울특별시 마포구 도화동,경상사고,0,0,1,0,차대사람 - 기타,안전운전불이행,건조,맑음,단일로 - 기타,승용,남,67세,상해없음,보행자,여,80세,경상
2019103000100192,2019년 10월 30일 09시,수요일,서울특별시 중랑구 묵동,사망사고,1,0,0,0,차대사람 - 횡단중,안전운전불이행,건조,맑음,교차로 - 교차로안,승합,남,65세,상해없음,보행자,남,78세,사망
2019103000100242,2019년 10월 30일 10시,수요일,서울특별시 광진구 구의동,경상사고,0,0,1,0,차대사람 - 기타,안전운전불이행,건조,맑음,단일로 - 기타,승용,남,71세,상해없음,보행자,남,77세,경상
2019103000100243,2019년 10월 30일 10시,수요일,서울특별시 서대문구 창천동,중상사고,0,1,0,0,차대사람 - 횡단중,보행자보호의무위반,건조,맑음,교차로 - 교차로안,승용,남,48세,상해없음,보행자,여,87세,중상
2019103000100476,2019년 10월 30일 16시,수요일,서울특별시 관악구 신림동,중상사고,0,1,0,0,차대사람 - 기타,안전운전불이행,건조,맑음,단일로 - 기타,화물,남,42세,상해없음,보행자,여,82세,중상
2019103000100481,2019년 10월 30일 16시,수요일,서울특별시 강남구 수서동,중상사고,0,1,0,0,차대사람 - 보도통행중,기타,건조,맑음,단일로 - 기타,자전거,남,19세,상해없음,보행자,여,81세,중상
2019103000100583,2019년 10월 30일 18시,수요일,서울특별시 관악구 신림동,사망사고,1,0,0,0,차대사람 - 횡단중,안전운전불이행,건조,맑음,교차로 - 교차로안,화물,남,58세,상해없음,보행자,남,84세,사망
2019103000100747,2019년 10월 30일 21시,수요일,서울특별시 은평구 불광동,경상사고,0,0,1,0,차대사람 - 기타,안전운전불이행,건조,맑음,교차로 - 교차로안,승용,남,46세,상해없음,보행자,여,66세,경상
2019103100100102,2019년 10월 31일 08시,목요일,서울특별시 영등포구 대림동,중상사고,0,1,0,0,차대사람 - 횡단중,신호위반,건조,맑음,교차로 - 교차로횡단보도내,이륜,남,17세,상해없음,보행자,여,70세,중상
2019103100100104,2019년 10월 31일 08시,목요일,서울특별시 양천구 신정동,중상사고,0,1,0,0,차대사람 - 기타,안전운전불이행,건조,맑음,단일로 - 기타,승용,남,76세,상해없음,보행자,남,73세,중상
2019103100100166,2019년 10월 31일 09시,목요일,서울특별시 종로구 효제동,경상사고,0,0,3,0,차대사람 - 기타,안전운전불이행,건조,맑음,단일로 - 기타,승용,남,28세,상해없음,보행자,남,72세,경상
2019103100100237,2019년 10월 31일 11시,목요일,서울특별시 성북구 동선동4가,중상사고,0,1,0,0,차대사람 - 기타,안전운전불이행,건조,맑음,교차로 - 교차로안,승용,남,33세,상해없음,보행자,여,85세,중상
2019103100100240,2019년 10월 31일 11시,목요일,서울특별시 강서구 가양동,경상사고,0,0,1,0,차대사람 - 횡단중,안전운전불이행,건조,맑음,단일로 - 기타,화물,남,47세,상해없음,보행자,남,65세,경상
2019103100100424,2019년 10월 31일 16시,목요일,서울특별시 성북구 정릉동,중상사고,0,1,0,0,차대사람 - 기타,안전운전불이행,건조,맑음,단일로 - 기타,승용,남,38세,상해없음,보행자,남,83세,중상
2019103100100432,2019년 10월 31일 16시,목요일,서울특별시 노원구 중계동,중상사고,0,1,0,0,차대사람 - 보도통행중,기타,건조,맑음,교차로 - 교차로부근,승용,남,63세,상해없음,보행자,여,85세,중상
2019103100100479,2019년 10월 31일 17시,목요일,서울특별시 도봉구 창동,경상사고,0,0,1,0,차대사람 - 차도통행중,안전운전불이행,건조,맑음,단일로 - 기타,승용,남,63세,상해없음,보행자,여,67세,경상
2019103100100645,2019년 10월 31일 20시,목요일,서울특별시 서초구 서초동,경상사고,0,0,1,0,차대사람 - 기타,기타,건조,맑음,기타 - 기타,승합,남,54세,상해없음,보행자,여,65세,경상
2019110100100080,2019년 11월 1일 05시,금요일,서울특별시 구로구 신도림동,경상사고,0,0,1,0,차대사람 - 횡단중,보행자보호의무위반,건조,맑음,교차로 - 교차로횡단보도내,승합,남,56세,상해없음,보행자,여,67세,경상
2019110100100202,2019년 11월 1일 09시,금요일,서울특별시 중구 신당동,중상사고,0,1,0,0,차대사람 - 횡단중,안전운전불이행,건조,맑음,교차로 - 교차로부근,승합,남,58세,상해없음,보행자,여,86세,중상
2019110100100207,2019년 11월 1일 09시,금요일,서울특별시 광진구 자양동,경상사고,0,0,1,0,차대사람 - 보도통행중,신호위반,건조,맑음,교차로 - 교차로부근,승용,여,56세,상해없음,보행자,여,70세,경상
2019110100100273,2019년 11월 1일 11시,금요일,서울특별시 강서구 화곡동,경상사고,0,0,1,0,차대사람 - 길가장자리구역통행중,안전운전불이행,건조,기타,기타 - 기타,승용,남,87세,상해없음,보행자,여,72세,경상
2019110100100276,2019년 11월 1일 11시,금요일,서울특별시 구로구 구로동,경상사고,0,0,1,0,차대사람 - 기타,안전운전불이행,건조,맑음,단일로 - 기타,자전거,여,35세,상해없음,보행자,여,82세,경상
2019110100100358,2019년 11월 1일 13시,금요일,서울특별시 중랑구 면목동,경상사고,0,0,1,0,차대사람 - 횡단중,안전운전불이행,건조,맑음,교차로 - 교차로횡단보도내,승용,여,40세,상해없음,보행자,남,69세,경상
2019110100100397,2019년 11월 1일 14시,금요일,서울특별시 금천구 독산동,경상사고,0,0,2,0,차대사람 - 기타,안전운전불이행,건조,맑음,단일로 - 기타,승용,남,57세,상해없음,보행자,여,77세,경상
2019110100100398,2019년 11월 1일 14시,금요일,서울특별시 강서구 가양동,중상사고,0,1,0,0,차대사람 - 횡단중,보행자보호의무위반,건조,맑음,교차로 - 교차로안,승용,남,61세,상해없음,보행자,남,67세,중상
2019110100100441,2019년 11월 1일 15시,금요일,서울특별시 송파구 송파동,중상사고,0,1,0,0,차대사람 - 길가장자리구역통행중,안전운전불이행,건조,맑음,교차로 - 교차로안,화물,남,38세,상해없음,보행자,여,69세,중상
2019110100100472,2019년 11월 1일 16시,금요일,서울특별시 강북구 미아동,중상사고,0,1,0,0,차대사람 - 기타,안전운전불이행,건조,맑음,단일로 - 기타,승용,여,58세,상해없음,보행자,남,67세,중상
2019110100100473,2019년 11월 1일 16시,금요일,서울특별시 동대문구 제기동,중상사고,0,1,0,0,차대사람 - 기타,안전운전불이행,건조,맑음,단일로 - 기타,승합,남,52세,상해없음,보행자,여,86세,중상
2019110100100704,2019년 11월 1일 20시,금요일,서울특별시 금천구 독산동,경상사고,0,0,1,0,차대사람 - 횡단중,안전운전불이행,건조,맑음,기타 - 기타,승용,남,34세,상해없음,보행자,남,72세,경상
2019110100100761,2019년 11월 1일 22시,금요일,서울특별시 영등포구 영등포동3가,중상사고,0,1,0,0,차대사람 - 횡단중,안전운전불이행,건조,맑음,단일로 - 기타,승용,남,63세,상해없음,보행자,남,70세,중상
2019110200100208,2019년 11월 2일 10시,토요일,서울특별시 구로구 구로동,중상사고,0,1,0,0,차대사람 - 차도통행중,안전운전불이행,건조,맑음,교차로 - 교차로부근,자전거,남,54세,상해없음,보행자,여,73세,중상
2019110200100248,2019년 11월 2일 11시,토요일,서울특별시 서대문구 홍제동,사망사고,1,0,0,0,차대사람 - 횡단중,안전운전불이행,건조,맑음,단일로 - 기타,승용,남,26세,상해없음,보행자,여,88세,사망
2019110200100300,2019년 11월 2일 12시,토요일,서울특별시 중구 남창동,경상사고,0,0,1,0,차대사람 - 횡단중,보행자보호의무위반,건조,맑음,교차로 - 교차로부근,원동기,남,53세,상해없음,보행자,여,66세,경상
2019110200100376,2019년 11월 2일 14시,토요일,서울특별시 서대문구 연희동,중상사고,0,1,0,0,차대사람 - 기타,기타,건조,맑음,단일로 - 기타,승용,남,42세,상해없음,보행자,여,80세,중상
2019110200100426,2019년 11월 2일 15시,토요일,서울특별시 서초구 방배동,중상사고,0,1,0,0,차대사람 - 횡단중,신호위반,건조,맑음,교차로 - 교차로횡단보도내,승용,남,40세,상해없음,보행자,남,78세,중상
2019110200100460,2019년 11월 2일 16시,토요일,서울특별시 중구 신당동,중상사고,0,1,0,0,차대사람 - 횡단중,안전운전불이행,건조,맑음,교차로 - 교차로안,승용,남,60세,상해없음,보행자,남,68세,중상
2019110200100659,2019년 11월 2일 20시,토요일,서울특별시 동작구 상도동,경상사고,0,0,1,0,차대사람 - 기타,안전운전불이행,건조,맑음,단일로 - 기타,승합,남,26세,상해없음,보행자,여,73세,경상
2019110300100081,2019년 11월 3일 05시,일요일,서울특별시 영등포구 문래동1가,중상사고,0,1,0,0,차대사람 - 횡단중,신호위반,건조,맑음,단일로 - 기타,이륜,남,25세,상해없음,보행자,여,69세,중상
2019110300100082,2019년 11월 3일 05시,일요일,서울특별시 강서구 방화동,중상사고,0,1,0,0,차대사람 - 횡단중,안전운전불이행,건조,맑음,교차로 - 교차로횡단보도내,승용,남,63세,상해없음,보행자,여,76세,중상
2019110300100196,2019년 11월 3일 12시,일요일,서울특별시 마포구 신수동,경상사고,0,0,1,0,차대사람 - 횡단중,안전운전불이행,건조,맑음,교차로 - 교차로부근,승용,남,64세,상해없음,보행자,여,72세,경상
2019110300100197,2019년 11월 3일 12시,일요일,서울특별시 관악구 신림동,경상사고,0,0,1,0,차대사람 - 기타,안전운전불이행,건조,맑음,단일로 - 기타,승용,남,63세,상해없음,보행자,남,68세,경상
2019110300100399,2019년 11월 3일 18시,일요일,서울특별시 관악구 봉천동,중상사고,0,1,0,0,차대사람 - 횡단중,안전운전불이행,건조,맑음,교차로 - 교차로횡단보도내,승용,남,68세,상해없음,보행자,여,79세,중상
2019110400100095,2019년 11월 4일 07시,월요일,서울특별시 마포구 합정동,중상사고,0,1,0,0,차대사람 - 기타,안전운전불이행,건조,맑음,교차로 - 교차로부근,화물,남,55세,상해없음,보행자,여,80세,중상
2019110400100188,2019년 11월 4일 09시,월요일,서울특별시 동대문구 용두동,경상사고,0,0,1,0,차대사람 - 횡단중,안전운전불이행,건조,맑음,교차로 - 교차로횡단보도내,화물,남,51세,상해없음,보행자,여,77세,경상
2019110400100344,2019년 11월 4일 13시,월요일,서울특별시 관악구 신림동,중상사고,0,1,0,0,차대사람 - 기타,안전운전불이행,건조,맑음,단일로 - 기타,승합,남,59세,상해없음,보행자,여,73세,중상
2019110400100388,2019년 11월 4일 14시,월요일,서울특별시 성동구 옥수동,중상사고,0,1,0,0,차대사람 - 차도통행중,안전운전불이행,건조,맑음,교차로 - 교차로안,승용,남,70세,상해없음,보행자,여,79세,중상
2019110400100431,2019년 11월 4일 15시,월요일,서울특별시 관악구 신림동,경상사고,0,0,1,0,차대사람 - 차도통행중,안전운전불이행,건조,맑음,단일로 - 기타,승용,남,63세,상해없음,보행자,남,76세,경상
2019110400100434,2019년 11월 4일 15시,월요일,서울특별시 노원구 월계동,경상사고,0,0,1,0,차대사람 - 횡단중,보행자보호의무위반,건조,맑음,교차로 - 교차로횡단보도내,승용,여,34세,상해없음,보행자,남,69세,경상
2019110400100535,2019년 11월 4일 17시,월요일,서울특별시 금천구 시흥동,중상사고,0,1,0,0,차대사람 - 횡단중,보행자보호의무위반,건조,맑음,교차로 - 교차로안,승용,여,38세,상해없음,보행자,여,76세,중상
2019110400100590,2019년 11월 4일 18시,월요일,서울특별시 관악구 신림동,중상사고,0,1,0,0,차대사람 - 기타,안전운전불이행,건조,맑음,단일로 - 기타,승용,여,27세,상해없음,보행자,남,73세,중상
2019110400100776,2019년 11월 4일 23시,월요일,서울특별시 송파구 삼전동,중상사고,0,1,0,0,차대사람 - 차도통행중,안전운전불이행,건조,기타,교차로 - 교차로안,자전거,여,40세,상해없음,보행자,남,83세,중상
2019110500100065,2019년 11월 5일 05시,화요일,서울특별시 강서구 방화동,사망사고,1,0,0,0,차대사람 - 기타,안전운전불이행,건조,맑음,단일로 - 기타,승합,남,53세,상해없음,보행자,여,79세,사망
2019110500100185,2019년 11월 5일 09시,화요일,서울특별시 동작구 사당동,중상사고,0,1,0,0,차대사람 - 차도통행중,안전운전불이행,건조,맑음,교차로 - 교차로안,화물,남,43세,상해없음,보행자,여,72세,중상
2019110500100236,2019년 11월 5일 10시,화요일,서울특별시 도봉구 창동,중상사고,0,1,0,0,차대사람 - 기타,안전운전불이행,기타,맑음,단일로 - 기타,개인형이동수단(PM),여,28세,상해없음,보행자,여,71세,중상
2019110500100383,2019년 11월 5일 14시,화요일,서울특별시 양천구 신월동,중상사고,0,1,0,0,차대사람 - 횡단중,신호위반,건조,맑음,교차로 - 교차로안,승용,남,68세,상해없음,보행자,여,67세,중상
2019110500100468,2019년 11월 5일 16시,화요일,서울특별시 서대문구 북가좌동,중상사고,0,1,0,0,차대사람 - 횡단중,안전운전불이행,건조,맑음,단일로 - 기타,화물,남,27세,상해없음,보행자,여,69세,중상
2019110500100509,2019년 11월 5일 17시,화요일,서울특별시 동대문구 용두동,부상신고사고,0,0,0,1,차대사람 - 횡단중,안전운전불이행,건조,맑음,교차로 - 교차로부근,기타불명,기타불명,미분류,기타불명,보행자,여,82세,부상신고
2019110500100567,2019년 11월 5일 18시,화요일,서울특별시 구로구 구로동,중상사고,0,1,0,0,차대사람 - 차도통행중,안전운전불이행,건조,맑음,단일로 - 기타,승합,남,48세,상해없음,보행자,여,71세,중상
2019110500100568,2019년 11월 5일 18시,화요일,서울특별시 노원구 하계동,중상사고,0,1,0,0,차대사람 - 횡단중,신호위반,건조,맑음,교차로 - 교차로횡단보도내,원동기,남,22세,상해없음,보행자,여,68세,중상
2019110600100076,2019년 11월 6일 06시,수요일,서울특별시 송파구 잠실동,중상사고,0,1,0,0,차대사람 - 기타,안전운전불이행,건조,맑음,기타 - 기타,승용,남,28세,상해없음,보행자,여,67세,중상
2019110600100122,2019년 11월 6일 08시,수요일,서울특별시 구로구 개봉동,중상사고,0,1,0,0,차대사람 - 길가장자리구역통행중,안전운전불이행,건조,맑음,단일로 - 기타,화물,남,39세,상해없음,보행자,여,78세,중상
2019110600100250,2019년 11월 6일 11시,수요일,서울특별시 강동구 강일동,중상사고,0,1,0,0,차대사람 - 기타,안전운전불이행,건조,맑음,단일로 - 기타,승합,남,61세,상해없음,보행자,남,72세,중상
2019110600100349,2019년 11월 6일 14시,수요일,서울특별시 노원구 하계동,중상사고,0,1,0,0,차대사람 - 기타,안전운전불이행,건조,맑음,교차로 - 교차로부근,승합,남,46세,상해없음,보행자,여,78세,중상