사고번호,사고일시,요일,시군구,사고내용,사망자수,중상자수,경상자수,부상신고자수,사고유형,법규위반,노면상태,기상상태,도로형태,가해운전자 차종,가해운전자 성별,가해운전자 연령,가해운전자 상해정도,피해운전자 차종,피해운전자 성별,피해운전자 연령,피해운전자 상해정도
2019110600100430,2019년 11월 6일 16시,수요일,서울특별시 동대문구 장안동,경상사고,0,0,1,0,차대사람 - 보도통행중,안전운전불이행,건조,맑음,기타 - 기타,승용,남,31세,상해없음,보행자,남,70세,경상
2019110600100431,2019년 11월 6일 16시,수요일,서울특별시 영등포구 양평동2가,중상사고,0,1,0,0,차대사람 - 기타,안전운전불이행,건조,맑음,단일로 - 기타,화물,남,30세,상해없음,보행자,남,74세,중상
2019110600100683,2019년 11월 6일 21시,수요일,서울특별시 관악구 신림동,경상사고,0,0,1,0,차대사람 - 기타,안전운전불이행,건조,맑음,교차로 - 교차로부근,승용,남,64세,상해없음,보행자,여,78세,경상
2019110700100214,2019년 11월 7일 10시,목요일,서울특별시 노원구 상계동,중상사고,0,1,0,0,차대사람 - 기타,안전운전불이행,건조,맑음,교차로 - 교차로안,승용,남,69세,상해없음,보행자,여,72세,중상
2019110700100255,2019년 11월 7일 11시,목요일,서울특별시 양천구 신정동,경상사고,0,0,1,0,차대사람 - 횡단중,보행자보호의무위반,건조,맑음,교차로 - 교차로횡단보도내,승용,여,44세,상해없음,보행자,남,76세,경상
2019110700100408,2019년 11월 7일 15시,목요일,서울특별시 관악구 봉천동,경상사고,0,0,1,0,차대사람 - 차도통행중,안전운전불이행,기타,맑음,단일로 - 기타,승용,여,60세,상해없음,보행자,여,77세,경상
2019110700100543,2019년 11월 7일 18시,목요일,서울특별시 성북구 길음동,중상사고,0,1,0,0,차대사람 - 횡단중,보행자보호의무위반,건조,맑음,교차로 - 교차로횡단보도내,승용,여,44세,상해없음,보행자,남,77세,중상
2019110700100737,2019년 11월 7일 22시,목요일,서울특별시 노원구 중계동,중상사고,0,1,0,0,차대사람 - 기타,안전운전불이행,건조,맑음,교차로 - 교차로안,자전거,남,17세,상해없음,보행자,여,66세,중상
2019110800100072,2019년 11월 8일 05시,금요일,서울특별시 구로구 개봉동,사망사고,1,0,0,0,차대사람 - 횡단중,보행자보호의무위반,건조,맑음,단일로 - 기타,화물,남,49세,상해없음,보행자,남,82세,사망
2019110800100084,2019년 11월 8일 06시,금요일,서울특별시 서대문구 홍제동,경상사고,0,0,1,0,차대사람 - 횡단중,안전운전불이행,건조,맑음,단일로 - 기타,승용,남,49세,상해없음,보행자,여,78세,경상
2019110800100086,2019년 11월 8일 06시,금요일,서울특별시 구로구 고척동,경상사고,0,0,1,0,차대사람 - 횡단중,신호위반,건조,맑음,단일로 - 기타,이륜,남,69세,상해없음,보행자,여,73세,경상
2019110800100143,2019년 11월 8일 08시,금요일,서울특별시 강동구 상일동,경상사고,0,0,1,0,차대사람 - 보도통행중,기타,건조,맑음,교차로 - 교차로부근,자전거,남,62세,상해없음,보행자,여,68세,경상
2019110800100209,2019년 11월 8일 09시,금요일,서울특별시 관악구 신림동,경상사고,0,0,1,0,차대사람 - 보도통행중,기타,건조,맑음,기타 - 기타,자전거,남,54세,상해없음,보행자,여,70세,경상
2019110800100447,2019년 11월 8일 15시,금요일,서울특별시 성동구 마장동,중상사고,0,1,0,0,차대사람 - 길가장자리구역통행중,안전운전불이행,건조,맑음,단일로 - 기타,화물,남,50세,상해없음,보행자,여,77세,중상
2019110800100451,2019년 11월 8일 15시,금요일,서울특별시 서초구 방배동,경상사고,0,0,1,0,차대사람 - 길가장자리구역통행중,안전운전불이행,건조,맑음,단일로 - 기타,승용,남,55세,상해없음,보행자,남,70세,경상
2019110800100806,2019년 11월 8일 22시,금요일,서울특별시 성북구 석관동,경상사고,0,0,1,0,차대사람 - 횡단중,보행자보호의무위반,건조,맑음,교차로 - 교차로안,승용,여,64세,상해없음,보행자,여,72세,경상
2019110800100807,2019년 11월 8일 22시,금요일,서울특별시 강남구 자곡동,경상사고,0,0,1,0,차대사람 - 횡단중,안전운전불이행,기타,맑음,교차로 - 교차로안,승용,남,60세,기타불명,보행자,여,67세,경상
2019110900100209,2019년 11월 9일 10시,토요일,서울특별시 관악구 봉천동,사망사고,1,0,0,0,차대사람 - 횡단중,안전운전불이행,건조,맑음,교차로 - 교차로부근,건설기계,남,54세,상해없음,보행자,여,85세,사망
2019110900100214,2019년 11월 9일 10시,토요일,서울특별시 구로구 구로동,경상사고,0,0,1,0,차대사람 - 기타,기타,건조,맑음,단일로 - 기타,승합,남,55세,상해없음,보행자,남,79세,경상
2019110900100390,2019년 11월 9일 14시,토요일,서울특별시 도봉구 창동,중상사고,0,1,0,0,차대사람 - 횡단중,안전운전불이행,기타,맑음,기타 - 기타,승합,남,61세,상해없음,보행자,남,71세,중상
2019110900100437,2019년 11월 9일 15시,토요일,서울특별시 마포구 상수동,중상사고,0,1,0,0,차대사람 - 기타,안전운전불이행,젖음/습기,맑음,교차로 - 교차로부근,이륜,남,57세,상해없음,보행자,여,73세,중상
2019110900100438,2019년 11월 9일 15시,토요일,서울특별시 영등포구 영등포동4가,중상사고,0,1,0,0,차대사람 - 보도통행중,안전운전불이행,건조,맑음,단일로 - 기타,승용,남,31세,상해없음,보행자,여,68세,중상
2019110900100444,2019년 11월 9일 15시,토요일,서울특별시 양천구 목동,중상사고,0,1,0,0,차대사람 - 기타,안전운전불이행,건조,맑음,단일로 - 기타,승용,남,59세,상해없음,보행자,여,77세,중상
2019110900100482,2019년 11월 9일 16시,토요일,서울특별시 동대문구 제기동,중상사고,0,1,1,0,차대차 - 기타,안전운전불이행,건조,맑음,단일로 - 기타,승용,남,62세,상해없음,승용,남,69세,중상
2019110900100517,2019년 11월 9일 17시,토요일,서울특별시 성북구 안암동5가,중상사고,0,1,0,0,차대사람 - 차도통행중,안전운전불이행,건조,맑음,단일로 - 기타,승용,남,54세,상해없음,보행자,남,76세,중상
2019110900100519,2019년 11월 9일 17시,토요일,서울특별시 양천구 신월동,중상사고,0,1,0,0,차대사람 - 기타,안전운전불이행,건조,맑음,기타 - 기타,승용,남,49세,기타불명,보행자,남,65세,중상
2019110900100682,2019년 11월 9일 21시,토요일,서울특별시 중랑구 면목동,경상사고,0,0,1,0,차대사람 - 기타,안전운전불이행,건조,맑음,단일로 - 기타,승용,남,39세,상해없음,보행자,남,65세,경상
2019111000100058,2019년 11월 10일 02시,일요일,서울특별시 서초구 잠원동,경상사고,0,0,1,0,차대사람 - 기타,안전운전불이행,건조,기타,단일로 - 기타,기타불명,기타불명,미분류,기타불명,보행자,여,65세,경상
2019111000100111,2019년 11월 10일 07시,일요일,서울특별시 동작구 대방동,경상사고,0,0,1,1,차대사람 - 기타,안전운전불이행,건조,흐림,단일로 - 기타,이륜,남,21세,부상신고,보행자,여,71세,경상
2019111000100162,2019년 11월 10일 10시,일요일,서울특별시 마포구 망원동,경상사고,0,0,1,0,차대사람 - 기타,안전운전불이행,건조,맑음,단일로 - 기타,승용,남,74세,상해없음,보행자,여,69세,경상
2019111000100229,2019년 11월 10일 13시,일요일,서울특별시 영등포구 여의도동,경상사고,0,0,1,0,차대사람 - 횡단중,안전운전불이행,건조,맑음,단일로 - 기타,승합,남,58세,상해없음,보행자,여,77세,경상
2019111000100391,2019년 11월 10일 18시,일요일,서울특별시 은평구 역촌동,경상사고,0,0,1,0,차대사람 - 기타,안전운전불이행,젖음/습기,맑음,단일로 - 기타,이륜,남,45세,상해없음,보행자,남,76세,경상
2019111000100451,2019년 11월 10일 19시,일요일,서울특별시 서초구 서초동,중상사고,0,1,1,0,차대사람 - 기타,안전운전불이행,젖음/습기,비,기타 - 기타,승용,남,48세,상해없음,보행자,여,75세,중상
2019111000100517,2019년 11월 10일 20시,일요일,서울특별시 중랑구 면목동,중상사고,0,1,0,0,차대사람 - 횡단중,안전운전불이행,젖음/습기,비,단일로 - 기타,승용,남,73세,상해없음,보행자,여,72세,중상
2019111000100523,2019년 11월 10일 20시,일요일,서울특별시 강남구 수서동,경상사고,0,0,1,0,차대사람 - 횡단중,보행자보호의무위반,젖음/습기,비,교차로 - 교차로안,승용,남,49세,상해없음,보행자,여,68세,경상
2019111000100630,2019년 11월 10일 23시,일요일,서울특별시 강서구 개화동,중상사고,0,1,0,0,차대사람 - 횡단중,보행자보호의무위반,젖음/습기,비,단일로 - 기타,승용,남,28세,상해없음,보행자,남,65세,중상
2019111100100068,2019년 11월 11일 05시,월요일,서울특별시 노원구 월계동,중상사고,0,1,0,0,차대사람 - 기타,신호위반,건조,맑음,교차로 - 교차로횡단보도내,승용,남,71세,상해없음,보행자,남,69세,중상
2019111100100392,2019년 11월 11일 14시,월요일,서울특별시 종로구 장사동,중상사고,0,1,0,0,차대사람 - 기타,보행자보호의무위반,건조,맑음,단일로 - 기타,건설기계,남,52세,상해없음,보행자,남,73세,중상
2019111100100397,2019년 11월 11일 14시,월요일,서울특별시 송파구 풍납동,중상사고,0,1,0,0,차대사람 - 횡단중,안전운전불이행,건조,맑음,단일로 - 기타,승용,남,48세,상해없음,보행자,여,66세,중상
2019111100100470,2019년 11월 11일 16시,월요일,서울특별시 동대문구 이문동,경상사고,0,0,1,0,차대사람 - 기타,안전운전불이행,건조,맑음,기타 - 기타,자전거,남,9세,상해없음,보행자,남,78세,경상
2019111100100517,2019년 11월 11일 17시,월요일,서울특별시 성북구 상월곡동,중상사고,0,1,0,0,차대사람 - 횡단중,보행자보호의무위반,건조,흐림,교차로 - 교차로안,승용,여,34세,상해없음,보행자,남,85세,중상
2019111100100519,2019년 11월 11일 17시,월요일,서울특별시 양천구 신정동,경상사고,0,0,1,0,차대사람 - 횡단중,안전운전불이행,건조,맑음,교차로 - 교차로안,화물,남,38세,상해없음,보행자,남,67세,경상
2019111100100568,2019년 11월 11일 18시,월요일,서울특별시 영등포구 대림동,경상사고,0,0,1,0,차대사람 - 기타,안전운전불이행,건조,맑음,단일로 - 기타,승용,남,75세,상해없음,보행자,여,77세,경상
2019111100100571,2019년 11월 11일 18시,월요일,서울특별시 강남구 청담동,경상사고,0,0,1,0,차대사람 - 횡단중,보행자보호의무위반,건조,흐림,단일로 - 기타,승용,남,72세,상해없음,보행자,여,76세,경상
2019111100100670,2019년 11월 11일 20시,월요일,서울특별시 성북구 하월곡동,경상사고,0,0,1,0,차대사람 - 횡단중,보행자보호의무위반,건조,맑음,교차로 - 교차로횡단보도내,승용,여,38세,상해없음,보행자,남,71세,경상
2019111200100170,2019년 11월 12일 09시,화요일,서울특별시 동작구 대방동,중상사고,0,1,0,0,차대사람 - 횡단중,보행자보호의무위반,건조,맑음,단일로 - 기타,화물,남,52세,상해없음,보행자,남,68세,중상
2019111200100231,2019년 11월 12일 11시,화요일,서울특별시 종로구 원남동,중상사고,0,1,0,0,차대사람 - 기타,안전운전불이행,건조,맑음,단일로 - 기타,승합,남,59세,상해없음,보행자,남,76세,중상
2019111200100262,2019년 11월 12일 12시,화요일,서울특별시 중랑구 중화동,중상사고,0,1,0,0,차대사람 - 기타,안전운전불이행,건조,맑음,교차로 - 교차로안,화물,남,59세,상해없음,보행자,여,76세,중상
2019111200100291,2019년 11월 12일 13시,화요일,서울특별시 동대문구 제기동,중상사고,0,1,0,0,차대사람 - 차도통행중,안전운전불이행,건조,맑음,기타 - 기타,화물,남,65세,상해없음,보행자,여,81세,중상
2019111200100316,2019년 11월 12일 14시,화요일,서울특별시 영등포구 신길동,중상사고,0,1,0,0,차대사람 - 차도통행중,안전운전불이행,건조,맑음,단일로 - 기타,승용,남,60세,상해없음,보행자,여,67세,중상
2019111200100432,2019년 11월 12일 17시,화요일,서울특별시 도봉구 도봉동,중상사고,0,2,1,0,차대차 - 후진중충돌,안전운전불이행,건조,맑음,교차로 - 교차로부근,승용,남,60세,상해없음,화물,기타불명,미분류,기타불명
2019111200100539,2019년 11월 12일 19시,화요일,서울특별시 동대문구 전농동,중상사고,0,1,0,0,차대사람 - 기타,안전운전불이행,건조,맑음,단일로 - 기타,승용,남,36세,상해없음,보행자,여,78세,중상
2019111300100053,2019년 11월 13일 04시,수요일,서울특별시 금천구 가산동,중상사고,0,1,0,0,차대사람 - 기타,안전운전불이행,건조,맑음,교차로 - 교차로안,승합,남,58세,상해없음,보행자,여,70세,중상
2019111300100063,2019년 11월 13일 05시,수요일,서울특별시 성동구 성수동2가,중상사고,0,1,0,0,차대사람 - 횡단중,신호위반,건조,맑음,교차로 - 교차로횡단보도내,승용,남,37세,상해없음,보행자,여,74세,중상
2019111300100473,2019년 11월 13일 18시,수요일,서울특별시 강북구 미아동,중상사고,0,1,0,0,차대사람 - 기타,보행자보호의무위반,건조,맑음,교차로 - 교차로안,승용,남,39세,기타불명,보행자,여,66세,중상
2019111300100477,2019년 11월 13일 18시,수요일,서울특별시 강서구 마곡동,경상사고,0,0,1,1,차대사람 - 기타,안전운전불이행,건조,맑음,단일로 - 기타,이륜,남,21세,경상,보행자,남,66세,부상신고
2019111300100558,2019년 11월 13일 19시,수요일,서울특별시 금천구 시흥동,경상사고,0,0,1,0,차대사람 - 횡단중,안전운전불이행,건조,맑음,단일로 - 기타,이륜,여,41세,상해없음,보행자,여,73세,경상
2019111300100567,2019년 11월 13일 19시,수요일,서울특별시 성북구 장위동,경상사고,0,0,1,0,차대사람 - 차도통행중,안전운전불이행,건조,맑음,교차로 - 교차로안,승용,남,24세,상해없음,보행자,남,73세,경상
2019111300100628,2019년 11월 13일 20시,수요일,서울특별시 구로구 구로동,중상사고,0,1,0,0,차대사람 - 횡단중,안전운전불이행,건조,맑음,교차로 - 교차로횡단보도내,승용,남,26세,상해없음,보행자,남,71세,중상
2019111400100177,2019년 11월 14일 09시,목요일,서울특별시 구로구 고척동,경상사고,0,0,1,0,차대사람 - 기타,안전운전불이행,건조,맑음,단일로 - 기타,승용,남,56세,상해없음,보행자,여,85세,경상
2019111400100262,2019년 11월 14일 11시,목요일,서울특별시 중랑구 중화동,경상사고,0,0,1,0,차대사람 - 기타,안전운전불이행,건조,맑음,단일로 - 기타,승용,남,39세,상해없음,보행자,여,83세,경상
2019111400100301,2019년 11월 14일 12시,목요일,서울특별시 동대문구 답십리동,중상사고,0,2,0,0,차대사람 - 보도통행중,안전운전불이행,건조,맑음,교차로 - 교차로횡단보도내,승합,남,43세,상해없음,보행자,남,77세,중상
2019111400100342,2019년 11월 14일 13시,목요일,서울특별시 영등포구 문래동6가,경상사고,0,0,1,0,차대사람 - 횡단중,신호위반,건조,맑음,교차로 - 교차로부근,이륜,남,26세,상해없음,보행자,여,81세,경상
2019111400100426,2019년 11월 14일 15시,목요일,서울특별시 은평구 역촌동,중상사고,0,1,0,0,차대사람 - 기타,안전운전불이행,건조,맑음,단일로 - 기타,이륜,남,17세,상해없음,보행자,여,79세,중상
2019111400100585,2019년 11월 14일 18시,목요일,서울특별시 강동구 천호동,중상사고,0,1,0,0,차대사람 - 횡단중,신호위반,건조,맑음,교차로 - 교차로횡단보도내,자전거,남,41세,상해없음,보행자,여,81세,중상
2019111500100076,2019년 11월 15일 06시,금요일,서울특별시 서대문구 남가좌동,경상사고,0,0,1,0,차대사람 - 차도통행중,안전운전불이행,건조,맑음,교차로 - 교차로안,승용,남,56세,상해없음,보행자,남,69세,경상
2019111500100339,2019년 11월 15일 12시,금요일,서울특별시 동대문구 제기동,중상사고,0,1,0,0,차대사람 - 횡단중,안전운전불이행,젖음/습기,비,교차로 - 교차로횡단보도내,이륜,남,60세,상해없음,보행자,남,65세,중상
2019111500100344,2019년 11월 15일 12시,금요일,서울특별시 노원구 중계동,부상신고사고,0,0,0,1,차대사람 - 보도통행중,신호위반,젖음/습기,비,교차로 - 교차로횡단보도내,승용,남,49세,상해없음,보행자,남,79세,부상신고
2019111500100378,2019년 11월 15일 13시,금요일,서울특별시 중구 황학동,중상사고,0,1,0,0,차대사람 - 횡단중,안전운전불이행,젖음/습기,비,단일로 - 기타,승용,여,48세,상해없음,보행자,여,78세,중상
2019111500100557,2019년 11월 15일 17시,금요일,서울특별시 도봉구 창동,중상사고,0,1,0,0,차대사람 - 횡단중,안전운전불이행,건조,맑음,단일로 - 기타,승용,여,31세,상해없음,보행자,여,82세,중상
2019111500100621,2019년 11월 15일 18시,금요일,서울특별시 강동구 암사동,중상사고,0,1,0,0,차대사람 - 차도통행중,안전운전불이행,젖음/습기,비,교차로 - 교차로안,승합,남,43세,상해없음,보행자,남,68세,중상
2019111600100069,2019년 11월 16일 03시,토요일,서울특별시 중랑구 망우동,경상사고,0,0,1,0,차대사람 - 기타,안전운전불이행,건조,맑음,교차로 - 교차로부근,승용,남,47세,상해없음,보행자,여,85세,경상
2019111600100220,2019년 11월 16일 11시,토요일,서울특별시 중랑구 면목동,중상사고,0,1,0,0,차대사람 - 기타,안전운전불이행,건조,맑음,단일로 - 기타,건설기계,남,54세,상해없음,보행자,여,71세,중상
2019111600100404,2019년 11월 16일 15시,토요일,서울특별시 중랑구 면목동,중상사고,0,1,0,0,차대사람 - 기타,안전운전불이행,건조,맑음,교차로 - 교차로부근,승용,여,35세,상해없음,보행자,여,73세,중상
2019111600100482,2019년 11월 16일 17시,토요일,서울특별시 영등포구 영등포동5가,경상사고,0,0,1,0,차대사람 - 기타,안전운전불이행,건조,맑음,단일로 - 기타,승용,여,46세,상해없음,보행자,여,65세,경상
2019111600100585,2019년 11월 16일 19시,토요일,서울특별시 강서구 가양동,경상사고,0,0,1,0,차대사람 - 차도통행중,안전운전불이행,건조,흐림,교차로 - 교차로부근,화물,남,47세,기타불명,보행자,남,78세,경상
2019111600100586,2019년 11월 16일 19시,토요일,서울특별시 강서구 화곡동,경상사고,0,0,1,0,차대사람 - 기타,안전운전불이행,건조,맑음,단일로 - 기타,승용,남,54세,상해없음,보행자,여,80세,경상
2019111600100587,2019년 11월 16일 19시,토요일,서울특별시 강동구 성내동,중상사고,0,1,0,0,차대사람 - 차도통행중,안전운전불이행,건조,맑음,단일로 - 기타,승합,남,40세,상해없음,보행자,남,68세,중상
2019111700100107,2019년 11월 17일 06시,일요일,서울특별시 강북구 수유동,부상신고사고,0,0,0,1,차대사람 - 기타,안전운전불이행,건조,흐림,단일로 - 기타,승용,남,32세,상해없음,보행자,남,80세,부상신고
2019111700100442,2019년 11월 17일 19시,일요일,서울특별시 영등포구 양평동4가,경상사고,0,0,1,0,차대사람 - 기타,안전운전불이행,젖음/습기,비,단일로 - 기타,승용,남,63세,상해없음,보행자,여,65세,경상
2019111700100447,2019년 11월 17일 19시,일요일,서울특별시 노원구 공릉동,경상사고,0,0,1,0,차대사람 - 횡단중,보행자보호의무위반,젖음/습기,비,단일로 - 고가도로위,기타불명,기타불명,미분류,기타불명,보행자,남,67세,경상
2019111700100497,2019년 11월 17일 20시,일요일,서울특별시 서대문구 남가좌동,중상사고,0,1,0,0,차대사람 - 횡단중,안전운전불이행,젖음/습기,비,교차로 - 교차로안,승용,여,37세,상해없음,보행자,여,77세,중상
2019111700100502,2019년 11월 17일 20시,일요일,서울특별시 중랑구 면목동,중상사고,0,2,0,0,차대사람 - 횡단중,안전운전불이행,젖음/습기,맑음,단일로 - 기타,이륜,남,32세,중상,보행자,여,90세 이상,중상
2019111800100081,2019년 11월 18일 06시,월요일,서울특별시 서대문구 창천동,중상사고,0,1,0,0,차대사람 - 횡단중,신호위반,젖음/습기,흐림,단일로 - 기타,승용,남,82세,상해없음,보행자,남,67세,중상
2019111800100132,2019년 11월 18일 08시,월요일,서울특별시 성북구 장위동,중상사고,0,1,0,0,차대사람 - 횡단중,신호위반,젖음/습기,흐림,단일로 - 기타,자전거,남,18세,상해없음,보행자,여,67세,중상
2019111800100254,2019년 11월 18일 11시,월요일,서울특별시 동대문구 장안동,경상사고,0,0,1,0,차대사람 - 기타,안전운전불이행,건조,맑음,단일로 - 기타,승용,남,48세,상해없음,보행자,남,73세,경상
2019111800100389,2019년 11월 18일 15시,월요일,서울특별시 용산구 한남동,중상사고,0,1,0,0,차대사람 - 횡단중,안전운전불이행,건조,맑음,단일로 - 기타,이륜,남,50세,상해없음,보행자,여,75세,중상
2019111800100392,2019년 11월 18일 15시,월요일,서울특별시 마포구 중동,경상사고,0,0,1,0,차대사람 - 길가장자리구역통행중,안전운전불이행,건조,맑음,단일로 - 기타,승용,남,15세,상해없음,보행자,여,75세,경상
2019111800100395,2019년 11월 18일 15시,월요일,서울특별시 도봉구 창동,중상사고,0,1,0,0,차대사람 - 기타,안전운전불이행,건조,맑음,단일로 - 기타,자전거,남,18세,상해없음,보행자,여,78세,중상
2019111800100432,2019년 11월 18일 16시,월요일,서울특별시 서대문구 북가좌동,경상사고,0,0,1,0,차대사람 - 기타,안전운전불이행,건조,맑음,단일로 - 기타,승합,남,51세,상해없음,보행자,여,73세,경상
2019111800100601,2019년 11월 18일 19시,월요일,서울특별시 구로구 구로동,중상사고,0,1,0,0,차대사람 - 기타,신호위반,건조,맑음,교차로 - 교차로부근,이륜,남,49세,상해없음,보행자,남,87세,중상
2019111900100069,2019년 11월 19일 04시,화요일,서울특별시 구로구 구로동,중상사고,0,1,0,0,차대사람 - 기타,안전운전불이행,건조,맑음,교차로 - 교차로횡단보도내,승용,남,40세,상해없음,보행자,남,82세,중상
2019111900100083,2019년 11월 19일 06시,화요일,서울특별시 은평구 수색동,중상사고,0,1,0,0,차대사람 - 횡단중,보행자보호의무위반,건조,맑음,교차로 - 교차로횡단보도내,승용,남,39세,상해없음,보행자,여,76세,중상
2019111900100087,2019년 11월 19일 06시,화요일,서울특별시 구로구 고척동,경상사고,0,0,1,0,차대사람 - 기타,안전운전불이행,건조,맑음,단일로 - 기타,승용,여,54세,상해없음,보행자,여,78세,경상
2019111900100190,2019년 11월 19일 09시,화요일,서울특별시 강북구 미아동,중상사고,0,1,0,0,차대사람 - 기타,기타,건조,맑음,단일로 - 기타,자전거,여,52세,상해없음,보행자,여,73세,중상
2019111900100232,2019년 11월 19일 10시,화요일,서울특별시 용산구 이태원동,중상사고,0,1,0,0,차대사람 - 기타,보행자보호의무위반,건조,맑음,단일로 - 기타,승용,여,33세,상해없음,보행자,남,74세,중상
2019111900100319,2019년 11월 19일 12시,화요일,서울특별시 동대문구 장안동,경상사고,0,0,1,0,차대사람 - 기타,안전운전불이행,건조,맑음,단일로 - 기타,화물,남,63세,상해없음,보행자,여,81세,경상
2019111900100357,2019년 11월 19일 13시,화요일,서울특별시 금천구 시흥동,경상사고,0,0,3,0,차대사람 - 기타,안전운전불이행,건조,흐림,교차로 - 교차로부근,승용,남,61세,상해없음,보행자,여,58세,경상
2019111900100562,2019년 11월 19일 18시,화요일,서울특별시 중랑구 묵동,중상사고,0,1,0,0,차대사람 - 기타,안전운전불이행,건조,맑음,교차로 - 교차로부근,화물,남,54세,상해없음,보행자,남,82세,중상
2019111900100572,2019년 11월 19일 18시,화요일,서울특별시 은평구 갈현동,경상사고,0,0,1,0,차대사람 - 길가장자리구역통행중,안전운전불이행,건조,맑음,교차로 - 교차로안,화물,남,46세,상해없음,보행자,여,67세,경상
2019111900100678,2019년 11월 19일 20시,화요일,서울특별시 서대문구 충정로3가,중상사고,0,1,0,0,차대사람 - 횡단중,보행자보호의무위반,건조,맑음,교차로 - 교차로횡단보도내,승용,남,56세,상해없음,보행자,여,72세,중상
2019111900100724,2019년 11월 19일 21시,화요일,서울특별시 은평구 진관동,중상사고,0,1,0,0,차대사람 - 기타,안전운전불이행,건조,맑음,교차로 - 교차로안,승용,여,45세,상해없음,보행자,여,66세,중상
2019111900100756,2019년 11월 19일 22시,화요일,서울특별시 동작구 동작동,중상사고,0,1,0,0,차대사람 - 기타,안전운전불이행,건조,맑음,기타 - 기타,승용,남,54세,상해없음,보행자,여,71세,중상
2019112000100311,2019년 11월 20일 12시,수요일,서울특별시 강북구 수유동,경상사고,0,0,1,0,차대사람 - 길가장자리구역통행중,신호위반,건조,맑음,단일로 - 기타,화물,남,65세,상해없음,보행자,남,66세,경상
2019112000100314,2019년 11월 20일 12시,수요일,서울특별시 강동구 성내동,중상사고,0,1,0,0,차대사람 - 횡단중,보행자보호의무위반,건조,맑음,교차로 - 교차로횡단보도내,화물,남,53세,상해없음,보행자,남,79세,중상
2019112000100433,2019년 11월 20일 15시,수요일,서울특별시 성동구 마장동,중상사고,0,1,0,0,차대사람 - 기타,안전운전불이행,건조,맑음,교차로 - 교차로안,승용,여,58세,상해없음,보행자,여,76세,중상
2019112000100523,2019년 11월 20일 17시,수요일,서울특별시 영등포구 신길동,경상사고,0,0,1,0,차대사람 - 기타,안전운전불이행,건조,맑음,단일로 - 기타,승합,남,49세,상해없음,보행자,여,86세,경상
2019112000100754,2019년 11월 20일 22시,수요일,서울특별시 은평구 갈현동,경상사고,0,0,1,0,차대사람 - 기타,안전운전불이행,건조,맑음,교차로 - 교차로안,승용,남,58세,상해없음,보행자,남,76세,경상
2019112100100093,2019년 11월 21일 07시,목요일,서울특별시 동대문구 용두동,경상사고,0,0,1,0,차대사람 - 기타,안전운전불이행,건조,맑음,단일로 - 기타,승용,여,47세,상해없음,보행자,여,68세,경상
2019112100100178,2019년 11월 21일 09시,목요일,서울특별시 노원구 중계동,경상사고,0,0,1,0,차대사람 - 차도통행중,안전운전불이행,건조,맑음,단일로 - 기타,승용,남,42세,상해없음,보행자,여,72세,경상
2019112100100216,2019년 11월 21일 10시,목요일,서울특별시 성북구 삼선동5가,중상사고,0,1,0,0,차대사람 - 횡단중,안전운전불이행,건조,맑음,단일로 - 기타,승용,여,48세,상해없음,보행자,여,76세,중상
2019112100100248,2019년 11월 21일 11시,목요일,서울특별시 은평구 불광동,경상사고,0,0,1,0,차대사람 - 차도통행중,안전운전불이행,건조,맑음,단일로 - 기타,승용,남,64세,상해없음,보행자,남,77세,경상
2019112100100400,2019년 11월 21일 15시,목요일,서울특별시 도봉구 창동,중상사고,0,1,0,0,차대사람 - 횡단중,보행자보호의무위반,건조,맑음,교차로 - 교차로안,승용,남,60세,상해없음,보행자,여,66세,중상
2019112200100197,2019년 11월 22일 09시,금요일,서울특별시 성동구 금호동1가,경상사고,0,0,1,0,차대사람 - 횡단중,안전운전불이행,건조,맑음,단일로 - 기타,승합,남,49세,상해없음,보행자,여,78세,경상
2019112200100236,2019년 11월 22일 10시,금요일,서울특별시 영등포구 양평동4가,부상신고사고,0,0,0,1,차대사람 - 차도통행중,안전운전불이행,건조,맑음,교차로 - 교차로안,자전거,남,64세,상해없음,보행자,여,81세,부상신고
2019112200100268,2019년 11월 22일 11시,금요일,서울특별시 강서구 가양동,중상사고,0,1,0,0,차대사람 - 횡단중,보행자보호의무위반,건조,맑음,기타 - 기타,승용,남,50세,상해없음,보행자,여,65세,중상
2019112200100377,2019년 11월 22일 14시,금요일,서울특별시 구로구 개봉동,중상사고,0,1,0,0,차대사람 - 횡단중,안전운전불이행,건조,맑음,교차로 - 교차로안,승용,여,29세,상해없음,보행자,여,75세,중상
2019112200100471,2019년 11월 22일 16시,금요일,서울특별시 동대문구 휘경동,중상사고,0,1,0,0,차대사람 - 기타,안전운전불이행,건조,맑음,단일로 - 기타,승용,남,67세,상해없음,보행자,여,69세,중상
2019112200100474,2019년 11월 22일 16시,금요일,서울특별시 영등포구 도림동,중상사고,0,1,0,0,차대사람 - 기타,안전운전불이행,건조,맑음,교차로 - 교차로안,승용,여,60세,상해없음,보행자,남,68세,중상
2019112300100227,2019년 11월 23일 11시,토요일,서울특별시 성북구 장위동,중상사고,0,1,0,0,차대사람 - 차도통행중,안전운전불이행,건조,맑음,교차로 - 교차로안,화물,남,54세,상해없음,보행자,여,85세,중상